           SetActiveLib -work  
           echo $dsn
# D:\students\IKM722a_Vorontsov\vhdl\LAB_2\LAB_2
comp -include "$dsn\src\bf4_conc_CA.vhd"
# Compile Entity "bf4_conc_CA"
# Compile Architecture "bf4_conc_CA" of Entity "bf4_conc_CA"
# Compile success 0 Errors 0 Warnings  Analysis time :  15.0 [ms]
comp -include "$dsn\src\bf4_conc_WS.vhd"
# Compile Entity "bf4_conc_WS"
# Compile Architecture "bf4_conc_WS" of Entity "bf4_conc_WS"
# Compile success 0 Errors 0 Warnings  Analysis time :  31.0 [ms]
comp -include "$dsn\src\bf4_const.vhd"
# Compile Entity "bf4_const"
# Compile Architecture "bf4_const" of Entity "bf4_const"
# Compile success 0 Errors 0 Warnings  Analysis time :  16.0 [ms]
comp -include "$dsn\src\bf4_logic.vhd"
# Compile Entity "bf4_logic"
# Compile Architecture "bf4_logic" of Entity "bf4_logic"
# Compile success 0 Errors 0 Warnings  Analysis time :  32.0 [ms]
comp -include "$dsn\src\bf4_proc_IF.vhd"
# Compile Entity "bf4_proc_IF"
# Compile Architecture "bf4_proc_IF" of Entity "bf4_proc_IF"
# Compile success 0 Errors 0 Warnings  Analysis time :  15.0 [ms]
comp -include "$dsn\src\bf4_proc_CASE.vhd"
# Compile Entity "bf4_proc_CASE"
# Compile Architecture "bf4_proc_CASE" of Entity "bf4_proc_CASE"
# Compile success 0 Errors 0 Warnings  Analysis time :  15.0 [ms]
comp -include "$dsn\src\bf4_testbench\bf4_Kxx_TB.vhd"
# Error: D:\students\IKM722a_Vorontsov\vhdl\LAB_2\LAB_2\src\bf4_testbench\bf4_Kxx_TB.vhd: no such file
asim +access +r bf4_test_tb
# ELBREAD: Elaboration process.
# ELBREAD: Error: Architecture 'bf4_test_tb' of entity 'bf4_test_tb' not found in library 'lab_2'.
# ELBREAD: Error: Elaboration process completed with errors.
# Design: Error: Elaboration failed
# Error: VSIM: cannot select specified top-level
# Error: DO_001 in file D:\students\IKM722a_Vorontsov\vhdl\LAB_2\LAB_2\src\bf4_Kxx_TB_runtest.do line 10
# Error: Cannot run D:\students\IKM722a_Vorontsov\vhdl\LAB_2\LAB_2\src\bf4_Kxx_TB_runtest.do
library IEEE;
# Error: libraryinfo: not enough parameters
# Error: Usage:
# Error: libraryinfo -help
# Error: libraryinfo [-comment] [-status] [-vendor] [-version] [-path] {-all | <logical_name>}
# Error: DO_001 in file D:\students\IKM722a_Vorontsov\vhdl\LAB_2\LAB_2\src\bf4_Kxx_TB_runtest.do line 1
# Error: Cannot run D:\students\IKM722a_Vorontsov\vhdl\LAB_2\LAB_2\src\bf4_Kxx_TB_runtest.do
SetActiveLib -work
comp -include "$dsn\src\bf4_conc_CA.vhd" 
# Compile Entity "bf4_conc_CA"
# Compile Architecture "bf4_conc_CA" of Entity "bf4_conc_CA"
# Compile success 0 Errors 0 Warnings  Analysis time :  32.0 [ms]
comp -include "$dsn\src\bf4_conc_WS.vhd"
# Compile Entity "bf4_conc_WS"
# Compile Architecture "bf4_conc_WS" of Entity "bf4_conc_WS"
# Compile success 0 Errors 0 Warnings  Analysis time :  16.0 [ms]
comp -include "$dsn\src\bf4_const.vhd"
# Compile Entity "bf4_const"
# Compile Architecture "bf4_const" of Entity "bf4_const"
# Compile success 0 Errors 0 Warnings  Analysis time :  16.0 [ms]
comp -include "$dsn\src\bf4_logic.vhd"
# Compile Entity "bf4_logic"
# Compile Architecture "bf4_logic" of Entity "bf4_logic"
# Compile success 0 Errors 0 Warnings  Analysis time :  31.0 [ms]
comp -include "$dsn\src\bf4_proc_IF.vhd"
# Compile Entity "bf4_proc_IF"
# Compile Architecture "bf4_proc_IF" of Entity "bf4_proc_IF"
# Compile success 0 Errors 0 Warnings  Analysis time :  15.0 [ms]
comp -include "$dsn\src\bf4_proc_CASE.vhd"
# Compile Entity "bf4_proc_CASE"
# Compile Architecture "bf4_proc_CASE" of Entity "bf4_proc_CASE"
# Compile success 0 Errors 0 Warnings  Analysis time :  31.0 [ms]
comp -include "$dsn\src\bf4_K16_TB.vhd" 
# Error: D:\students\IKM722a_Vorontsov\vhdl\LAB_2\LAB_2\src\bf4_K16_TB.vhd: no such file
asim +access +r bf4_test_tb 
# ELBREAD: Elaboration process.
# ELBREAD: Error: Architecture 'bf4_test_tb' of entity 'bf4_test_tb' not found in library 'lab_2'.
# ELBREAD: Error: Elaboration process completed with errors.
# Design: Error: Elaboration failed
# Error: VSIM: cannot select specified top-level
# Error: DO_001 in file D:\students\IKM722a_Vorontsov\vhdl\LAB_2\LAB_2\src\bf4_Kxx_TB_runtest.do line 9
# Error: Cannot run D:\students\IKM722a_Vorontsov\vhdl\LAB_2\LAB_2\src\bf4_Kxx_TB_runtest.do
SetActiveLib -work
comp -include "$dsn\src\bf4_conc_CA.vhd" 
# Compile Entity "bf4_conc_CA"
# Compile Architecture "bf4_conc_CA" of Entity "bf4_conc_CA"
# Compile success 0 Errors 0 Warnings  Analysis time :  31.0 [ms]
comp -include "$dsn\src\bf4_conc_WS.vhd"
# Compile Entity "bf4_conc_WS"
# Compile Architecture "bf4_conc_WS" of Entity "bf4_conc_WS"
# Compile success 0 Errors 0 Warnings  Analysis time :  16.0 [ms]
comp -include "$dsn\src\bf4_const.vhd"
# Compile Entity "bf4_const"
# Compile Architecture "bf4_const" of Entity "bf4_const"
# Compile success 0 Errors 0 Warnings  Analysis time :  16.0 [ms]
comp -include "$dsn\src\bf4_logic.vhd"
# Compile Entity "bf4_logic"
# Compile Architecture "bf4_logic" of Entity "bf4_logic"
# Compile success 0 Errors 0 Warnings  Analysis time :  31.0 [ms]
comp -include "$dsn\src\bf4_proc_IF.vhd"
# Compile Entity "bf4_proc_IF"
# Compile Architecture "bf4_proc_IF" of Entity "bf4_proc_IF"
# Compile success 0 Errors 0 Warnings  Analysis time :  15.0 [ms]
comp -include "$dsn\src\bf4_proc_CASE.vhd"
# Compile Entity "bf4_proc_CASE"
# Compile Architecture "bf4_proc_CASE" of Entity "bf4_proc_CASE"
# Compile success 0 Errors 0 Warnings  Analysis time :  16.0 [ms]
comp -include "$dsn\src\bf4_K16_TB.vhd" 
# Compile Entity "bf4_test_tb"
# Compile Architecture "bf4_test_tb" of Entity "bf4_test_tb"
# Compile success 0 Errors 0 Warnings  Analysis time :  32.0 [ms]
asim +access +r bf4_test_tb 
# ELBREAD: Elaboration process.
# ELBREAD: Elaboration time 0.0 [s].
# VSIM: Stack memory: 32MB
# VSIM: Retval memory: 32MB
# 
# KERNEL: Main thread initiated.
# KERNEL: Kernel process initialization phase.
# ELAB2: Elaboration final pass...
# ELAB2: Create instances ...
# KERNEL: Time resolution set to 1ps.
# ELAB2: Create instances complete.
# SLP: Started
# SLP: Elaboration phase ...
# SLP: Elaboration phase ... skipped, nothing to simulate in SLP mode : 0.0 [s]
# SLP: Finished : 0.0 [s]
# ELAB2: Elaboration final pass complete - time: 0.0 [s].
# KERNEL: Warning: You are using the Active-HDL Student Edition. The performance of simulation is running at a reduced rate.
# KERNEL: Warning: Contact Aldec for available upgrade options - sales@aldec.com.
# KERNEL: Kernel process initialization done.
# Allocation: Simulator allocated 6491 kB (elbread=427 elab2=5924 kernel=139 sdf=0)
# KERNEL: ASDB file was created in location D:\students\IKM722a_Vorontsov\vhdl\LAB_2\LAB_2\src\wave.asdb
#  14:22, 23 травня 2026 р.
#  Simulation has been initialized
wave 
wave -noreg X
wave -noreg Y_conc_CA
wave -noreg Y_conc_WS
wave -noreg Y_const  
wave -noreg Y_logic
wave -noreg Y_proc_IF
wave -noreg Y_proc_CASE
wave -noreg TEST_PHASE
wave -noreg VERIF_STATE
run 350 ns
# VSIM: 9 object(s) traced.
# Waveform file 'untitled.awc' connected to 'D:/students/IKM722a_Vorontsov/vhdl/LAB_2/LAB_2/src/wave.asdb'.
# KERNEL: WARNING: NUMERIC_STD.TO_INTEGER: metavalue detected, returning 0
# KERNEL: Time: 0 ps,  Iteration: 0,  Instance: /bf4_test_tb/UUT3,  Process: line__22.
# EXECUTION:: NOTE   : at 0 ps all Ys changed
# EXECUTION:: Time: 0 ps,  Iteration: 3,  Instance: /bf4_test_tb,  Process: output_verify.
# EXECUTION:: ERROR  : error in block bf4_logic when X = 0000
# EXECUTION:: Time: 5 ns,  Iteration: 0,  Instance: /bf4_test_tb,  Process: output_verify.
# EXECUTION:: ERROR  : error in block bf4_conc_CA when X = 0000
# EXECUTION:: Time: 5 ns,  Iteration: 0,  Instance: /bf4_test_tb,  Process: output_verify.
# EXECUTION:: ERROR  : error in block bf4_conc_WS when X = 0000
# EXECUTION:: Time: 5 ns,  Iteration: 0,  Instance: /bf4_test_tb,  Process: output_verify.
# EXECUTION:: ERROR  : error in block bf4_const when X = 0000
# EXECUTION:: Time: 5 ns,  Iteration: 0,  Instance: /bf4_test_tb,  Process: output_verify.
# EXECUTION:: ERROR  : error in block bf4_proc_IF when X = 0000
# EXECUTION:: Time: 5 ns,  Iteration: 0,  Instance: /bf4_test_tb,  Process: output_verify.
# EXECUTION:: ERROR  : error in block bf4_proc_CASE when X = 0000
# EXECUTION:: Time: 5 ns,  Iteration: 0,  Instance: /bf4_test_tb,  Process: output_verify.
# EXECUTION:: NOTE   : at 10000 ps all Ys changed
# EXECUTION:: Time: 10 ns,  Iteration: 3,  Instance: /bf4_test_tb,  Process: output_verify.
# EXECUTION:: ERROR  : error in block bf4_logic when X = 0001
# EXECUTION:: Time: 15 ns,  Iteration: 0,  Instance: /bf4_test_tb,  Process: output_verify.
# EXECUTION:: NOTE   : at 30000 ps all Ys changed
# EXECUTION:: Time: 30 ns,  Iteration: 3,  Instance: /bf4_test_tb,  Process: output_verify.
# EXECUTION:: ERROR  : error in block bf4_logic when X = 0011
# EXECUTION:: Time: 35 ns,  Iteration: 0,  Instance: /bf4_test_tb,  Process: output_verify.
# EXECUTION:: NOTE   : at 50000 ps all Ys changed
# EXECUTION:: Time: 50 ns,  Iteration: 3,  Instance: /bf4_test_tb,  Process: output_verify.
# EXECUTION:: ERROR  : error in block bf4_logic when X = 0101
# EXECUTION:: Time: 55 ns,  Iteration: 0,  Instance: /bf4_test_tb,  Process: output_verify.
# EXECUTION:: ERROR  : error in block bf4_conc_CA when X = 0101
# EXECUTION:: Time: 55 ns,  Iteration: 0,  Instance: /bf4_test_tb,  Process: output_verify.
# EXECUTION:: ERROR  : error in block bf4_conc_WS when X = 0101
# EXECUTION:: Time: 55 ns,  Iteration: 0,  Instance: /bf4_test_tb,  Process: output_verify.
# EXECUTION:: ERROR  : error in block bf4_const when X = 0101
# EXECUTION:: Time: 55 ns,  Iteration: 0,  Instance: /bf4_test_tb,  Process: output_verify.
# EXECUTION:: ERROR  : error in block bf4_proc_IF when X = 0101
# EXECUTION:: Time: 55 ns,  Iteration: 0,  Instance: /bf4_test_tb,  Process: output_verify.
# EXECUTION:: ERROR  : error in block bf4_proc_CASE when X = 0101
# EXECUTION:: Time: 55 ns,  Iteration: 0,  Instance: /bf4_test_tb,  Process: output_verify.
# EXECUTION:: NOTE   : at 60000 ps all Ys changed
# EXECUTION:: Time: 60 ns,  Iteration: 3,  Instance: /bf4_test_tb,  Process: output_verify.
# EXECUTION:: ERROR  : error in block bf4_logic when X = 0110
# EXECUTION:: Time: 65 ns,  Iteration: 0,  Instance: /bf4_test_tb,  Process: output_verify.
# EXECUTION:: ERROR  : error in block bf4_conc_CA when X = 0110
# EXECUTION:: Time: 65 ns,  Iteration: 0,  Instance: /bf4_test_tb,  Process: output_verify.
# EXECUTION:: ERROR  : error in block bf4_conc_WS when X = 0110
# EXECUTION:: Time: 65 ns,  Iteration: 0,  Instance: /bf4_test_tb,  Process: output_verify.
# EXECUTION:: ERROR  : error in block bf4_const when X = 0110
# EXECUTION:: Time: 65 ns,  Iteration: 0,  Instance: /bf4_test_tb,  Process: output_verify.
# EXECUTION:: ERROR  : error in block bf4_proc_IF when X = 0110
# EXECUTION:: Time: 65 ns,  Iteration: 0,  Instance: /bf4_test_tb,  Process: output_verify.
# EXECUTION:: ERROR  : error in block bf4_proc_CASE when X = 0110
# EXECUTION:: Time: 65 ns,  Iteration: 0,  Instance: /bf4_test_tb,  Process: output_verify.
# EXECUTION:: NOTE   : at 70000 ps all Ys changed
# EXECUTION:: Time: 70 ns,  Iteration: 3,  Instance: /bf4_test_tb,  Process: output_verify.
# EXECUTION:: ERROR  : error in block bf4_conc_CA when X = 0111
# EXECUTION:: Time: 75 ns,  Iteration: 0,  Instance: /bf4_test_tb,  Process: output_verify.
# EXECUTION:: ERROR  : error in block bf4_conc_WS when X = 0111
# EXECUTION:: Time: 75 ns,  Iteration: 0,  Instance: /bf4_test_tb,  Process: output_verify.
# EXECUTION:: ERROR  : error in block bf4_const when X = 0111
# EXECUTION:: Time: 75 ns,  Iteration: 0,  Instance: /bf4_test_tb,  Process: output_verify.
# EXECUTION:: ERROR  : error in block bf4_proc_IF when X = 0111
# EXECUTION:: Time: 75 ns,  Iteration: 0,  Instance: /bf4_test_tb,  Process: output_verify.
# EXECUTION:: ERROR  : error in block bf4_proc_CASE when X = 0111
# EXECUTION:: Time: 75 ns,  Iteration: 0,  Instance: /bf4_test_tb,  Process: output_verify.
# EXECUTION:: NOTE   : at 80000 ps all Ys changed
# EXECUTION:: Time: 80 ns,  Iteration: 3,  Instance: /bf4_test_tb,  Process: output_verify.
# EXECUTION:: ERROR  : error in block bf4_logic when X = 1000
# EXECUTION:: Time: 85 ns,  Iteration: 0,  Instance: /bf4_test_tb,  Process: output_verify.
# EXECUTION:: ERROR  : error in block bf4_conc_CA when X = 1000
# EXECUTION:: Time: 85 ns,  Iteration: 0,  Instance: /bf4_test_tb,  Process: output_verify.
# EXECUTION:: ERROR  : error in block bf4_conc_WS when X = 1000
# EXECUTION:: Time: 85 ns,  Iteration: 0,  Instance: /bf4_test_tb,  Process: output_verify.
# EXECUTION:: ERROR  : error in block bf4_const when X = 1000
# EXECUTION:: Time: 85 ns,  Iteration: 0,  Instance: /bf4_test_tb,  Process: output_verify.
# EXECUTION:: ERROR  : error in block bf4_proc_IF when X = 1000
# EXECUTION:: Time: 85 ns,  Iteration: 0,  Instance: /bf4_test_tb,  Process: output_verify.
# EXECUTION:: ERROR  : error in block bf4_proc_CASE when X = 1000
# EXECUTION:: Time: 85 ns,  Iteration: 0,  Instance: /bf4_test_tb,  Process: output_verify.
# EXECUTION:: NOTE   : at 90000 ps all Ys changed
# EXECUTION:: Time: 90 ns,  Iteration: 3,  Instance: /bf4_test_tb,  Process: output_verify.
# EXECUTION:: ERROR  : error in block bf4_logic when X = 1001
# EXECUTION:: Time: 95 ns,  Iteration: 0,  Instance: /bf4_test_tb,  Process: output_verify.
# EXECUTION:: ERROR  : error in block bf4_conc_CA when X = 1001
# EXECUTION:: Time: 95 ns,  Iteration: 0,  Instance: /bf4_test_tb,  Process: output_verify.
# EXECUTION:: ERROR  : error in block bf4_conc_WS when X = 1001
# EXECUTION:: Time: 95 ns,  Iteration: 0,  Instance: /bf4_test_tb,  Process: output_verify.
# EXECUTION:: ERROR  : error in block bf4_const when X = 1001
# EXECUTION:: Time: 95 ns,  Iteration: 0,  Instance: /bf4_test_tb,  Process: output_verify.
# EXECUTION:: ERROR  : error in block bf4_proc_IF when X = 1001
# EXECUTION:: Time: 95 ns,  Iteration: 0,  Instance: /bf4_test_tb,  Process: output_verify.
# EXECUTION:: ERROR  : error in block bf4_proc_CASE when X = 1001
# EXECUTION:: Time: 95 ns,  Iteration: 0,  Instance: /bf4_test_tb,  Process: output_verify.
# EXECUTION:: NOTE   : at 110000 ps all Ys changed
# EXECUTION:: Time: 110 ns,  Iteration: 3,  Instance: /bf4_test_tb,  Process: output_verify.
# EXECUTION:: ERROR  : error in block bf4_logic when X = 1011
# EXECUTION:: Time: 115 ns,  Iteration: 0,  Instance: /bf4_test_tb,  Process: output_verify.
# EXECUTION:: ERROR  : error in block bf4_conc_CA when X = 1011
# EXECUTION:: Time: 115 ns,  Iteration: 0,  Instance: /bf4_test_tb,  Process: output_verify.
# EXECUTION:: ERROR  : error in block bf4_conc_WS when X = 1011
# EXECUTION:: Time: 115 ns,  Iteration: 0,  Instance: /bf4_test_tb,  Process: output_verify.
# EXECUTION:: ERROR  : error in block bf4_const when X = 1011
# EXECUTION:: Time: 115 ns,  Iteration: 0,  Instance: /bf4_test_tb,  Process: output_verify.
# EXECUTION:: ERROR  : error in block bf4_proc_IF when X = 1011
# EXECUTION:: Time: 115 ns,  Iteration: 0,  Instance: /bf4_test_tb,  Process: output_verify.
# EXECUTION:: ERROR  : error in block bf4_proc_CASE when X = 1011
# EXECUTION:: Time: 115 ns,  Iteration: 0,  Instance: /bf4_test_tb,  Process: output_verify.
# EXECUTION:: NOTE   : at 120000 ps all Ys changed
# EXECUTION:: Time: 120 ns,  Iteration: 3,  Instance: /bf4_test_tb,  Process: output_verify.
# EXECUTION:: ERROR  : error in block bf4_logic when X = 1100
# EXECUTION:: Time: 125 ns,  Iteration: 0,  Instance: /bf4_test_tb,  Process: output_verify.
# EXECUTION:: ERROR  : error in block bf4_conc_CA when X = 1100
# EXECUTION:: Time: 125 ns,  Iteration: 0,  Instance: /bf4_test_tb,  Process: output_verify.
# EXECUTION:: ERROR  : error in block bf4_conc_WS when X = 1100
# EXECUTION:: Time: 125 ns,  Iteration: 0,  Instance: /bf4_test_tb,  Process: output_verify.
# EXECUTION:: ERROR  : error in block bf4_const when X = 1100
# EXECUTION:: Time: 125 ns,  Iteration: 0,  Instance: /bf4_test_tb,  Process: output_verify.
# EXECUTION:: ERROR  : error in block bf4_proc_IF when X = 1100
# EXECUTION:: Time: 125 ns,  Iteration: 0,  Instance: /bf4_test_tb,  Process: output_verify.
# EXECUTION:: ERROR  : error in block bf4_proc_CASE when X = 1100
# EXECUTION:: Time: 125 ns,  Iteration: 0,  Instance: /bf4_test_tb,  Process: output_verify.
# EXECUTION:: NOTE   : at 130000 ps all Ys changed
# EXECUTION:: Time: 130 ns,  Iteration: 3,  Instance: /bf4_test_tb,  Process: output_verify.
# EXECUTION:: ERROR  : error in block bf4_logic when X = 1101
# EXECUTION:: Time: 135 ns,  Iteration: 0,  Instance: /bf4_test_tb,  Process: output_verify.
# EXECUTION:: ERROR  : error in block bf4_conc_CA when X = 1101
# EXECUTION:: Time: 135 ns,  Iteration: 0,  Instance: /bf4_test_tb,  Process: output_verify.
# EXECUTION:: ERROR  : error in block bf4_conc_WS when X = 1101
# EXECUTION:: Time: 135 ns,  Iteration: 0,  Instance: /bf4_test_tb,  Process: output_verify.
# EXECUTION:: ERROR  : error in block bf4_const when X = 1101
# EXECUTION:: Time: 135 ns,  Iteration: 0,  Instance: /bf4_test_tb,  Process: output_verify.
# EXECUTION:: ERROR  : error in block bf4_proc_IF when X = 1101
# EXECUTION:: Time: 135 ns,  Iteration: 0,  Instance: /bf4_test_tb,  Process: output_verify.
# EXECUTION:: ERROR  : error in block bf4_proc_CASE when X = 1101
# EXECUTION:: Time: 135 ns,  Iteration: 0,  Instance: /bf4_test_tb,  Process: output_verify.
# EXECUTION:: NOTE   : at 140000 ps all Ys changed
# EXECUTION:: Time: 140 ns,  Iteration: 3,  Instance: /bf4_test_tb,  Process: output_verify.
# EXECUTION:: ERROR  : error in block bf4_logic when X = 1110
# EXECUTION:: Time: 145 ns,  Iteration: 0,  Instance: /bf4_test_tb,  Process: output_verify.
# EXECUTION:: ERROR  : error in block bf4_conc_CA when X = 1110
# EXECUTION:: Time: 145 ns,  Iteration: 0,  Instance: /bf4_test_tb,  Process: output_verify.
# EXECUTION:: ERROR  : error in block bf4_conc_WS when X = 1110
# EXECUTION:: Time: 145 ns,  Iteration: 0,  Instance: /bf4_test_tb,  Process: output_verify.
# EXECUTION:: ERROR  : error in block bf4_const when X = 1110
# EXECUTION:: Time: 145 ns,  Iteration: 0,  Instance: /bf4_test_tb,  Process: output_verify.
# EXECUTION:: ERROR  : error in block bf4_proc_IF when X = 1110
# EXECUTION:: Time: 145 ns,  Iteration: 0,  Instance: /bf4_test_tb,  Process: output_verify.
# EXECUTION:: ERROR  : error in block bf4_proc_CASE when X = 1110
# EXECUTION:: Time: 145 ns,  Iteration: 0,  Instance: /bf4_test_tb,  Process: output_verify.
# EXECUTION:: NOTE   : at 150000 ps all Ys changed
# EXECUTION:: Time: 150 ns,  Iteration: 3,  Instance: /bf4_test_tb,  Process: output_verify.
# EXECUTION:: ERROR  : error in block bf4_logic when X = 1111
# EXECUTION:: Time: 155 ns,  Iteration: 0,  Instance: /bf4_test_tb,  Process: output_verify.
# EXECUTION:: ERROR  : error in block bf4_conc_CA when X = 1111
# EXECUTION:: Time: 155 ns,  Iteration: 0,  Instance: /bf4_test_tb,  Process: output_verify.
# EXECUTION:: ERROR  : error in block bf4_conc_WS when X = 1111
# EXECUTION:: Time: 155 ns,  Iteration: 0,  Instance: /bf4_test_tb,  Process: output_verify.
# EXECUTION:: ERROR  : error in block bf4_const when X = 1111
# EXECUTION:: Time: 155 ns,  Iteration: 0,  Instance: /bf4_test_tb,  Process: output_verify.
# EXECUTION:: ERROR  : error in block bf4_proc_IF when X = 1111
# EXECUTION:: Time: 155 ns,  Iteration: 0,  Instance: /bf4_test_tb,  Process: output_verify.
# EXECUTION:: ERROR  : error in block bf4_proc_CASE when X = 1111
# EXECUTION:: Time: 155 ns,  Iteration: 0,  Instance: /bf4_test_tb,  Process: output_verify.
# KERNEL: WARNING: NUMERIC_STD.TO_INTEGER: metavalue detected, returning 0
# KERNEL: Time: 160 ns,  Iteration: 1,  Instance: /bf4_test_tb/UUT3,  Process: line__22.
# EXECUTION:: NOTE   : at 160000 ps all Ys changed
# EXECUTION:: Time: 160 ns,  Iteration: 3,  Instance: /bf4_test_tb,  Process: output_verify.
# EXECUTION:: ERROR  : not safe response in block bf4_logic when X = X000
# EXECUTION:: Time: 165 ns,  Iteration: 0,  Instance: /bf4_test_tb,  Process: output_verify.
# EXECUTION:: ERROR  : not safe response in block bf4_const when X = X000
# EXECUTION:: Time: 165 ns,  Iteration: 0,  Instance: /bf4_test_tb,  Process: output_verify.
# KERNEL: WARNING: NUMERIC_STD.TO_INTEGER: metavalue detected, returning 0
# KERNEL: Time: 170 ns,  Iteration: 1,  Instance: /bf4_test_tb/UUT3,  Process: line__22.
# EXECUTION:: NOTE   : at 170000 ps all Ys changed
# EXECUTION:: Time: 170 ns,  Iteration: 3,  Instance: /bf4_test_tb,  Process: output_verify.
# EXECUTION:: ERROR  : not safe response in block bf4_logic when X = 0X00
# EXECUTION:: Time: 175 ns,  Iteration: 0,  Instance: /bf4_test_tb,  Process: output_verify.
# EXECUTION:: ERROR  : not safe response in block bf4_const when X = 0X00
# EXECUTION:: Time: 175 ns,  Iteration: 0,  Instance: /bf4_test_tb,  Process: output_verify.
# KERNEL: WARNING: NUMERIC_STD.TO_INTEGER: metavalue detected, returning 0
# KERNEL: Time: 180 ns,  Iteration: 1,  Instance: /bf4_test_tb/UUT3,  Process: line__22.
# EXECUTION:: NOTE   : at 180000 ps all Ys changed
# EXECUTION:: Time: 180 ns,  Iteration: 3,  Instance: /bf4_test_tb,  Process: output_verify.
# EXECUTION:: ERROR  : not safe response in block bf4_logic when X = 00X0
# EXECUTION:: Time: 185 ns,  Iteration: 0,  Instance: /bf4_test_tb,  Process: output_verify.
# EXECUTION:: ERROR  : not safe response in block bf4_const when X = 00X0
# EXECUTION:: Time: 185 ns,  Iteration: 0,  Instance: /bf4_test_tb,  Process: output_verify.
# KERNEL: WARNING: NUMERIC_STD.TO_INTEGER: metavalue detected, returning 0
# KERNEL: Time: 190 ns,  Iteration: 1,  Instance: /bf4_test_tb/UUT3,  Process: line__22.
# KERNEL: WARNING: NUMERIC_STD.TO_INTEGER: metavalue detected, returning 0
# KERNEL: Time: 200 ns,  Iteration: 1,  Instance: /bf4_test_tb/UUT3,  Process: line__22.
# EXECUTION:: NOTE   : at 200000 ps all Ys changed
# EXECUTION:: Time: 200 ns,  Iteration: 3,  Instance: /bf4_test_tb,  Process: output_verify.
# EXECUTION:: ERROR  : not safe response in block bf4_logic when X = U000
# EXECUTION:: Time: 205 ns,  Iteration: 0,  Instance: /bf4_test_tb,  Process: output_verify.
# EXECUTION:: ERROR  : not safe response in block bf4_const when X = U000
# EXECUTION:: Time: 205 ns,  Iteration: 0,  Instance: /bf4_test_tb,  Process: output_verify.
# KERNEL: WARNING: NUMERIC_STD.TO_INTEGER: metavalue detected, returning 0
# KERNEL: Time: 210 ns,  Iteration: 1,  Instance: /bf4_test_tb/UUT3,  Process: line__22.
# EXECUTION:: NOTE   : at 210000 ps all Ys changed
# EXECUTION:: Time: 210 ns,  Iteration: 3,  Instance: /bf4_test_tb,  Process: output_verify.
# EXECUTION:: ERROR  : not safe response in block bf4_logic when X = 0U00
# EXECUTION:: Time: 215 ns,  Iteration: 0,  Instance: /bf4_test_tb,  Process: output_verify.
# EXECUTION:: ERROR  : not safe response in block bf4_const when X = 0U00
# EXECUTION:: Time: 215 ns,  Iteration: 0,  Instance: /bf4_test_tb,  Process: output_verify.
# KERNEL: WARNING: NUMERIC_STD.TO_INTEGER: metavalue detected, returning 0
# KERNEL: Time: 220 ns,  Iteration: 1,  Instance: /bf4_test_tb/UUT3,  Process: line__22.
# EXECUTION:: NOTE   : at 220000 ps all Ys changed
# EXECUTION:: Time: 220 ns,  Iteration: 3,  Instance: /bf4_test_tb,  Process: output_verify.
# EXECUTION:: ERROR  : not safe response in block bf4_logic when X = 00U0
# EXECUTION:: Time: 225 ns,  Iteration: 0,  Instance: /bf4_test_tb,  Process: output_verify.
# EXECUTION:: ERROR  : not safe response in block bf4_const when X = 00U0
# EXECUTION:: Time: 225 ns,  Iteration: 0,  Instance: /bf4_test_tb,  Process: output_verify.
# KERNEL: WARNING: NUMERIC_STD.TO_INTEGER: metavalue detected, returning 0
# KERNEL: Time: 230 ns,  Iteration: 1,  Instance: /bf4_test_tb/UUT3,  Process: line__22.
# EXECUTION:: NOTE   : at 240000 ps all Ys changed
# EXECUTION:: Time: 240 ns,  Iteration: 3,  Instance: /bf4_test_tb,  Process: output_verify.
# EXECUTION:: ERROR  : not safe response in block bf4_logic when X = H000
# EXECUTION:: Time: 245 ns,  Iteration: 0,  Instance: /bf4_test_tb,  Process: output_verify.
# EXECUTION:: ERROR  : not safe response in block bf4_const when X = H000
# EXECUTION:: Time: 245 ns,  Iteration: 0,  Instance: /bf4_test_tb,  Process: output_verify.
# EXECUTION:: NOTE   : at 250000 ps all Ys changed
# EXECUTION:: Time: 250 ns,  Iteration: 3,  Instance: /bf4_test_tb,  Process: output_verify.
# EXECUTION:: ERROR  : not safe response in block bf4_logic when X = 0H00
# EXECUTION:: Time: 255 ns,  Iteration: 0,  Instance: /bf4_test_tb,  Process: output_verify.
# EXECUTION:: ERROR  : not safe response in block bf4_const when X = 0H00
# EXECUTION:: Time: 255 ns,  Iteration: 0,  Instance: /bf4_test_tb,  Process: output_verify.
# EXECUTION:: NOTE   : at 260000 ps all Ys changed
# EXECUTION:: Time: 260 ns,  Iteration: 3,  Instance: /bf4_test_tb,  Process: output_verify.
# EXECUTION:: ERROR  : not safe response in block bf4_logic when X = 00H0
# EXECUTION:: Time: 265 ns,  Iteration: 0,  Instance: /bf4_test_tb,  Process: output_verify.
# EXECUTION:: ERROR  : not safe response in block bf4_const when X = 00H0
# EXECUTION:: Time: 265 ns,  Iteration: 0,  Instance: /bf4_test_tb,  Process: output_verify.
# EXECUTION:: NOTE   : at 280000 ps all Ys changed
# EXECUTION:: Time: 280 ns,  Iteration: 3,  Instance: /bf4_test_tb,  Process: output_verify.
# EXECUTION:: ERROR  : not safe response in block bf4_logic when X = L000
# EXECUTION:: Time: 285 ns,  Iteration: 0,  Instance: /bf4_test_tb,  Process: output_verify.
# EXECUTION:: ERROR  : not safe response in block bf4_const when X = L000
# EXECUTION:: Time: 285 ns,  Iteration: 0,  Instance: /bf4_test_tb,  Process: output_verify.
# KERNEL: stopped at time: 350 ns
# KERNEL: Simulation has finished. There are no more test vectors to simulate.
endsim
# VSIM: Simulation has finished.
SetActiveLib -work
comp -include "$dsn\src\bf4_conc_CA.vhd" 
# Compile Entity "bf4_conc_CA"
# Compile Architecture "bf4_conc_CA" of Entity "bf4_conc_CA"
# Compile success 0 Errors 0 Warnings  Analysis time :  31.0 [ms]
comp -include "$dsn\src\bf4_conc_WS.vhd"
# Compile Entity "bf4_conc_WS"
# Compile Architecture "bf4_conc_WS" of Entity "bf4_conc_WS"
# Compile success 0 Errors 0 Warnings  Analysis time :  31.0 [ms]
comp -include "$dsn\src\bf4_const.vhd"
# Compile Entity "bf4_const"
# Compile Architecture "bf4_const" of Entity "bf4_const"
# Compile success 0 Errors 0 Warnings  Analysis time :  31.0 [ms]
comp -include "$dsn\src\bf4_logic.vhd"
# Compile Entity "bf4_logic"
# Compile Architecture "bf4_logic" of Entity "bf4_logic"
# Compile success 0 Errors 0 Warnings  Analysis time :  31.0 [ms]
comp -include "$dsn\src\bf4_proc_IF.vhd"
# Compile Entity "bf4_proc_IF"
# Compile Architecture "bf4_proc_IF" of Entity "bf4_proc_IF"
# Compile success 0 Errors 0 Warnings  Analysis time :  15.0 [ms]
comp -include "$dsn\src\bf4_proc_CASE.vhd"
# Compile Entity "bf4_proc_CASE"
# Compile Architecture "bf4_proc_CASE" of Entity "bf4_proc_CASE"
# Compile success 0 Errors 0 Warnings  Analysis time :  15.0 [ms]
comp -include "$dsn\src\bf4_K16_TB.vhd" 
# Compile Entity "bf4_test_tb"
# Compile Architecture "bf4_test_tb" of Entity "bf4_test_tb"
# Compile success 0 Errors 0 Warnings  Analysis time :  47.0 [ms]
asim +access +r bf4_test_tb 
# ELBREAD: Elaboration process.
# ELBREAD: Elaboration time 0.0 [s].
# VSIM: Stack memory: 32MB
# VSIM: Retval memory: 32MB
# 
# KERNEL: Main thread initiated.
# KERNEL: Kernel process initialization phase.
# ELAB2: Elaboration final pass...
# ELAB2: Create instances ...
# KERNEL: Time resolution set to 1ps.
# ELAB2: Create instances complete.
# SLP: Started
# SLP: Elaboration phase ...
# SLP: Elaboration phase ... skipped, nothing to simulate in SLP mode : 0.0 [s]
# SLP: Finished : 0.0 [s]
# ELAB2: Elaboration final pass complete - time: 0.0 [s].
# KERNEL: Warning: You are using the Active-HDL Student Edition. The performance of simulation is running at a reduced rate.
# KERNEL: Warning: Contact Aldec for available upgrade options - sales@aldec.com.
# KERNEL: Kernel process initialization done.
# Allocation: Simulator allocated 6487 kB (elbread=427 elab2=5920 kernel=139 sdf=0)
# KERNEL: ASDB file was created in location D:\students\IKM722a_Vorontsov\vhdl\LAB_2\LAB_2\src\wave.asdb
#  14:25, 23 травня 2026 р.
#  Simulation has been initialized
# Waveform file 'untitled.awc' connected to 'D:/students/IKM722a_Vorontsov/vhdl/LAB_2/LAB_2/src/wave.asdb'.
wave 
wave -noreg X
wave -noreg Y_conc_CA
wave -noreg Y_conc_WS
wave -noreg Y_const  
wave -noreg Y_logic
wave -noreg Y_proc_IF
wave -noreg Y_proc_CASE
wave -noreg TEST_PHASE
wave -noreg VERIF_STATE
run 350 ns
# KERNEL: Warning: KERNEL_0291 Object "/bf4_test_tb/X" has already been traced.
# KERNEL: Warning: KERNEL_0291 Object "/bf4_test_tb/Y_conc_CA" has already been traced.
# KERNEL: Warning: KERNEL_0291 Object "/bf4_test_tb/Y_conc_WS" has already been traced.
# KERNEL: Warning: KERNEL_0291 Object "/bf4_test_tb/Y_const" has already been traced.
# KERNEL: Warning: KERNEL_0291 Object "/bf4_test_tb/Y_logic" has already been traced.
# KERNEL: Warning: KERNEL_0291 Object "/bf4_test_tb/Y_proc_IF" has already been traced.
# KERNEL: Warning: KERNEL_0291 Object "/bf4_test_tb/Y_proc_CASE" has already been traced.
# KERNEL: Warning: KERNEL_0291 Object "/bf4_test_tb/TEST_PHASE" has already been traced.
# KERNEL: Warning: KERNEL_0291 Object "/bf4_test_tb/VERIF_STATE" has already been traced.
# VSIM: 0 object(s) traced.
# Waveform file 'untitled.awc' connected to 'D:/students/IKM722a_Vorontsov/vhdl/LAB_2/LAB_2/src/wave.asdb'.
# KERNEL: WARNING: NUMERIC_STD.TO_INTEGER: metavalue detected, returning 0
# KERNEL: Time: 0 ps,  Iteration: 0,  Instance: /bf4_test_tb/UUT3,  Process: line__22.
# EXECUTION:: NOTE   : at 0 ps all Ys changed
# EXECUTION:: Time: 0 ps,  Iteration: 3,  Instance: /bf4_test_tb,  Process: output_verify.
# EXECUTION:: ERROR  : error in bf4_conc_CA when X = 0000
# EXECUTION:: Time: 5 ns,  Iteration: 0,  Instance: /bf4_test_tb,  Process: output_verify.
# EXECUTION:: ERROR  : error in bf4_conc_WS when X = 0000
# EXECUTION:: Time: 5 ns,  Iteration: 0,  Instance: /bf4_test_tb,  Process: output_verify.
# EXECUTION:: ERROR  : error in bf4_const when X = 0000
# EXECUTION:: Time: 5 ns,  Iteration: 0,  Instance: /bf4_test_tb,  Process: output_verify.
# EXECUTION:: ERROR  : error in bf4_proc_IF when X = 0000
# EXECUTION:: Time: 5 ns,  Iteration: 0,  Instance: /bf4_test_tb,  Process: output_verify.
# EXECUTION:: ERROR  : error in bf4_proc_CASE when X = 0000
# EXECUTION:: Time: 5 ns,  Iteration: 0,  Instance: /bf4_test_tb,  Process: output_verify.
# EXECUTION:: NOTE   : at 10000 ps all Ys changed
# EXECUTION:: Time: 10 ns,  Iteration: 3,  Instance: /bf4_test_tb,  Process: output_verify.
# EXECUTION:: ERROR  : error in bf4_conc_CA when X = 0001
# EXECUTION:: Time: 15 ns,  Iteration: 0,  Instance: /bf4_test_tb,  Process: output_verify.
# EXECUTION:: ERROR  : error in bf4_conc_WS when X = 0001
# EXECUTION:: Time: 15 ns,  Iteration: 0,  Instance: /bf4_test_tb,  Process: output_verify.
# EXECUTION:: ERROR  : error in bf4_const when X = 0001
# EXECUTION:: Time: 15 ns,  Iteration: 0,  Instance: /bf4_test_tb,  Process: output_verify.
# EXECUTION:: ERROR  : error in bf4_proc_IF when X = 0001
# EXECUTION:: Time: 15 ns,  Iteration: 0,  Instance: /bf4_test_tb,  Process: output_verify.
# EXECUTION:: ERROR  : error in bf4_proc_CASE when X = 0001
# EXECUTION:: Time: 15 ns,  Iteration: 0,  Instance: /bf4_test_tb,  Process: output_verify.
# EXECUTION:: NOTE   : at 30000 ps all Ys changed
# EXECUTION:: Time: 30 ns,  Iteration: 3,  Instance: /bf4_test_tb,  Process: output_verify.
# EXECUTION:: ERROR  : error in bf4_conc_CA when X = 0011
# EXECUTION:: Time: 35 ns,  Iteration: 0,  Instance: /bf4_test_tb,  Process: output_verify.
# EXECUTION:: ERROR  : error in bf4_conc_WS when X = 0011
# EXECUTION:: Time: 35 ns,  Iteration: 0,  Instance: /bf4_test_tb,  Process: output_verify.
# EXECUTION:: ERROR  : error in bf4_const when X = 0011
# EXECUTION:: Time: 35 ns,  Iteration: 0,  Instance: /bf4_test_tb,  Process: output_verify.
# EXECUTION:: ERROR  : error in bf4_proc_IF when X = 0011
# EXECUTION:: Time: 35 ns,  Iteration: 0,  Instance: /bf4_test_tb,  Process: output_verify.
# EXECUTION:: ERROR  : error in bf4_proc_CASE when X = 0011
# EXECUTION:: Time: 35 ns,  Iteration: 0,  Instance: /bf4_test_tb,  Process: output_verify.
# EXECUTION:: NOTE   : at 50000 ps all Ys changed
# EXECUTION:: Time: 50 ns,  Iteration: 3,  Instance: /bf4_test_tb,  Process: output_verify.
# EXECUTION:: ERROR  : error in bf4_conc_CA when X = 0101
# EXECUTION:: Time: 55 ns,  Iteration: 0,  Instance: /bf4_test_tb,  Process: output_verify.
# EXECUTION:: ERROR  : error in bf4_conc_WS when X = 0101
# EXECUTION:: Time: 55 ns,  Iteration: 0,  Instance: /bf4_test_tb,  Process: output_verify.
# EXECUTION:: ERROR  : error in bf4_const when X = 0101
# EXECUTION:: Time: 55 ns,  Iteration: 0,  Instance: /bf4_test_tb,  Process: output_verify.
# EXECUTION:: ERROR  : error in bf4_proc_IF when X = 0101
# EXECUTION:: Time: 55 ns,  Iteration: 0,  Instance: /bf4_test_tb,  Process: output_verify.
# EXECUTION:: ERROR  : error in bf4_proc_CASE when X = 0101
# EXECUTION:: Time: 55 ns,  Iteration: 0,  Instance: /bf4_test_tb,  Process: output_verify.
# EXECUTION:: NOTE   : at 60000 ps all Ys changed
# EXECUTION:: Time: 60 ns,  Iteration: 3,  Instance: /bf4_test_tb,  Process: output_verify.
# EXECUTION:: ERROR  : error in bf4_logic when X = 0110
# EXECUTION:: Time: 65 ns,  Iteration: 0,  Instance: /bf4_test_tb,  Process: output_verify.
# EXECUTION:: ERROR  : error in bf4_conc_CA when X = 0110
# EXECUTION:: Time: 65 ns,  Iteration: 0,  Instance: /bf4_test_tb,  Process: output_verify.
# EXECUTION:: ERROR  : error in bf4_conc_WS when X = 0110
# EXECUTION:: Time: 65 ns,  Iteration: 0,  Instance: /bf4_test_tb,  Process: output_verify.
# EXECUTION:: ERROR  : error in bf4_const when X = 0110
# EXECUTION:: Time: 65 ns,  Iteration: 0,  Instance: /bf4_test_tb,  Process: output_verify.
# EXECUTION:: ERROR  : error in bf4_proc_IF when X = 0110
# EXECUTION:: Time: 65 ns,  Iteration: 0,  Instance: /bf4_test_tb,  Process: output_verify.
# EXECUTION:: ERROR  : error in bf4_proc_CASE when X = 0110
# EXECUTION:: Time: 65 ns,  Iteration: 0,  Instance: /bf4_test_tb,  Process: output_verify.
# EXECUTION:: NOTE   : at 70000 ps all Ys changed
# EXECUTION:: Time: 70 ns,  Iteration: 3,  Instance: /bf4_test_tb,  Process: output_verify.
# EXECUTION:: ERROR  : error in bf4_conc_CA when X = 0111
# EXECUTION:: Time: 75 ns,  Iteration: 0,  Instance: /bf4_test_tb,  Process: output_verify.
# EXECUTION:: ERROR  : error in bf4_conc_WS when X = 0111
# EXECUTION:: Time: 75 ns,  Iteration: 0,  Instance: /bf4_test_tb,  Process: output_verify.
# EXECUTION:: ERROR  : error in bf4_const when X = 0111
# EXECUTION:: Time: 75 ns,  Iteration: 0,  Instance: /bf4_test_tb,  Process: output_verify.
# EXECUTION:: ERROR  : error in bf4_proc_IF when X = 0111
# EXECUTION:: Time: 75 ns,  Iteration: 0,  Instance: /bf4_test_tb,  Process: output_verify.
# EXECUTION:: ERROR  : error in bf4_proc_CASE when X = 0111
# EXECUTION:: Time: 75 ns,  Iteration: 0,  Instance: /bf4_test_tb,  Process: output_verify.
# EXECUTION:: NOTE   : at 80000 ps all Ys changed
# EXECUTION:: Time: 80 ns,  Iteration: 3,  Instance: /bf4_test_tb,  Process: output_verify.
# EXECUTION:: NOTE   : at 90000 ps all Ys changed
# EXECUTION:: Time: 90 ns,  Iteration: 3,  Instance: /bf4_test_tb,  Process: output_verify.
# EXECUTION:: ERROR  : error in bf4_conc_CA when X = 1001
# EXECUTION:: Time: 95 ns,  Iteration: 0,  Instance: /bf4_test_tb,  Process: output_verify.
# EXECUTION:: ERROR  : error in bf4_conc_WS when X = 1001
# EXECUTION:: Time: 95 ns,  Iteration: 0,  Instance: /bf4_test_tb,  Process: output_verify.
# EXECUTION:: ERROR  : error in bf4_const when X = 1001
# EXECUTION:: Time: 95 ns,  Iteration: 0,  Instance: /bf4_test_tb,  Process: output_verify.
# EXECUTION:: ERROR  : error in bf4_proc_IF when X = 1001
# EXECUTION:: Time: 95 ns,  Iteration: 0,  Instance: /bf4_test_tb,  Process: output_verify.
# EXECUTION:: ERROR  : error in bf4_proc_CASE when X = 1001
# EXECUTION:: Time: 95 ns,  Iteration: 0,  Instance: /bf4_test_tb,  Process: output_verify.
# EXECUTION:: NOTE   : at 110000 ps all Ys changed
# EXECUTION:: Time: 110 ns,  Iteration: 3,  Instance: /bf4_test_tb,  Process: output_verify.
# EXECUTION:: ERROR  : error in bf4_logic when X = 1011
# EXECUTION:: Time: 115 ns,  Iteration: 0,  Instance: /bf4_test_tb,  Process: output_verify.
# EXECUTION:: ERROR  : error in bf4_conc_CA when X = 1011
# EXECUTION:: Time: 115 ns,  Iteration: 0,  Instance: /bf4_test_tb,  Process: output_verify.
# EXECUTION:: ERROR  : error in bf4_conc_WS when X = 1011
# EXECUTION:: Time: 115 ns,  Iteration: 0,  Instance: /bf4_test_tb,  Process: output_verify.
# EXECUTION:: ERROR  : error in bf4_const when X = 1011
# EXECUTION:: Time: 115 ns,  Iteration: 0,  Instance: /bf4_test_tb,  Process: output_verify.
# EXECUTION:: ERROR  : error in bf4_proc_IF when X = 1011
# EXECUTION:: Time: 115 ns,  Iteration: 0,  Instance: /bf4_test_tb,  Process: output_verify.
# EXECUTION:: ERROR  : error in bf4_proc_CASE when X = 1011
# EXECUTION:: Time: 115 ns,  Iteration: 0,  Instance: /bf4_test_tb,  Process: output_verify.
# EXECUTION:: NOTE   : at 120000 ps all Ys changed
# EXECUTION:: Time: 120 ns,  Iteration: 3,  Instance: /bf4_test_tb,  Process: output_verify.
# EXECUTION:: ERROR  : error in bf4_conc_CA when X = 1100
# EXECUTION:: Time: 125 ns,  Iteration: 0,  Instance: /bf4_test_tb,  Process: output_verify.
# EXECUTION:: ERROR  : error in bf4_conc_WS when X = 1100
# EXECUTION:: Time: 125 ns,  Iteration: 0,  Instance: /bf4_test_tb,  Process: output_verify.
# EXECUTION:: ERROR  : error in bf4_const when X = 1100
# EXECUTION:: Time: 125 ns,  Iteration: 0,  Instance: /bf4_test_tb,  Process: output_verify.
# EXECUTION:: ERROR  : error in bf4_proc_IF when X = 1100
# EXECUTION:: Time: 125 ns,  Iteration: 0,  Instance: /bf4_test_tb,  Process: output_verify.
# EXECUTION:: ERROR  : error in bf4_proc_CASE when X = 1100
# EXECUTION:: Time: 125 ns,  Iteration: 0,  Instance: /bf4_test_tb,  Process: output_verify.
# EXECUTION:: NOTE   : at 130000 ps all Ys changed
# EXECUTION:: Time: 130 ns,  Iteration: 3,  Instance: /bf4_test_tb,  Process: output_verify.
# EXECUTION:: ERROR  : error in bf4_conc_CA when X = 1101
# EXECUTION:: Time: 135 ns,  Iteration: 0,  Instance: /bf4_test_tb,  Process: output_verify.
# EXECUTION:: ERROR  : error in bf4_conc_WS when X = 1101
# EXECUTION:: Time: 135 ns,  Iteration: 0,  Instance: /bf4_test_tb,  Process: output_verify.
# EXECUTION:: ERROR  : error in bf4_const when X = 1101
# EXECUTION:: Time: 135 ns,  Iteration: 0,  Instance: /bf4_test_tb,  Process: output_verify.
# EXECUTION:: ERROR  : error in bf4_proc_IF when X = 1101
# EXECUTION:: Time: 135 ns,  Iteration: 0,  Instance: /bf4_test_tb,  Process: output_verify.
# EXECUTION:: ERROR  : error in bf4_proc_CASE when X = 1101
# EXECUTION:: Time: 135 ns,  Iteration: 0,  Instance: /bf4_test_tb,  Process: output_verify.
# EXECUTION:: NOTE   : at 140000 ps all Ys changed
# EXECUTION:: Time: 140 ns,  Iteration: 3,  Instance: /bf4_test_tb,  Process: output_verify.
# EXECUTION:: ERROR  : error in bf4_logic when X = 1110
# EXECUTION:: Time: 145 ns,  Iteration: 0,  Instance: /bf4_test_tb,  Process: output_verify.
# EXECUTION:: ERROR  : error in bf4_conc_CA when X = 1110
# EXECUTION:: Time: 145 ns,  Iteration: 0,  Instance: /bf4_test_tb,  Process: output_verify.
# EXECUTION:: ERROR  : error in bf4_conc_WS when X = 1110
# EXECUTION:: Time: 145 ns,  Iteration: 0,  Instance: /bf4_test_tb,  Process: output_verify.
# EXECUTION:: ERROR  : error in bf4_const when X = 1110
# EXECUTION:: Time: 145 ns,  Iteration: 0,  Instance: /bf4_test_tb,  Process: output_verify.
# EXECUTION:: ERROR  : error in bf4_proc_IF when X = 1110
# EXECUTION:: Time: 145 ns,  Iteration: 0,  Instance: /bf4_test_tb,  Process: output_verify.
# EXECUTION:: ERROR  : error in bf4_proc_CASE when X = 1110
# EXECUTION:: Time: 145 ns,  Iteration: 0,  Instance: /bf4_test_tb,  Process: output_verify.
# EXECUTION:: NOTE   : at 150000 ps all Ys changed
# EXECUTION:: Time: 150 ns,  Iteration: 3,  Instance: /bf4_test_tb,  Process: output_verify.
# KERNEL: WARNING: NUMERIC_STD.TO_INTEGER: metavalue detected, returning 0
# KERNEL: Time: 160 ns,  Iteration: 1,  Instance: /bf4_test_tb/UUT3,  Process: line__22.
# EXECUTION:: NOTE   : at 160000 ps all Ys changed
# EXECUTION:: Time: 160 ns,  Iteration: 3,  Instance: /bf4_test_tb,  Process: output_verify.
# EXECUTION:: ERROR  : Assertion violation.
# EXECUTION:: Time: 165 ns,  Iteration: 0,  Instance: /bf4_test_tb,  Process: output_verify.
# EXECUTION:: ERROR  : Assertion violation.
# EXECUTION:: Time: 165 ns,  Iteration: 0,  Instance: /bf4_test_tb,  Process: output_verify.
# KERNEL: WARNING: NUMERIC_STD.TO_INTEGER: metavalue detected, returning 0
# KERNEL: Time: 170 ns,  Iteration: 1,  Instance: /bf4_test_tb/UUT3,  Process: line__22.
# EXECUTION:: NOTE   : at 170000 ps all Ys changed
# EXECUTION:: Time: 170 ns,  Iteration: 3,  Instance: /bf4_test_tb,  Process: output_verify.
# EXECUTION:: ERROR  : Assertion violation.
# EXECUTION:: Time: 175 ns,  Iteration: 0,  Instance: /bf4_test_tb,  Process: output_verify.
# EXECUTION:: ERROR  : Assertion violation.
# EXECUTION:: Time: 175 ns,  Iteration: 0,  Instance: /bf4_test_tb,  Process: output_verify.
# KERNEL: WARNING: NUMERIC_STD.TO_INTEGER: metavalue detected, returning 0
# KERNEL: Time: 180 ns,  Iteration: 1,  Instance: /bf4_test_tb/UUT3,  Process: line__22.
# EXECUTION:: NOTE   : at 180000 ps all Ys changed
# EXECUTION:: Time: 180 ns,  Iteration: 3,  Instance: /bf4_test_tb,  Process: output_verify.
# EXECUTION:: ERROR  : Assertion violation.
# EXECUTION:: Time: 185 ns,  Iteration: 0,  Instance: /bf4_test_tb,  Process: output_verify.
# EXECUTION:: ERROR  : Assertion violation.
# EXECUTION:: Time: 185 ns,  Iteration: 0,  Instance: /bf4_test_tb,  Process: output_verify.
# KERNEL: WARNING: NUMERIC_STD.TO_INTEGER: metavalue detected, returning 0
# KERNEL: Time: 190 ns,  Iteration: 1,  Instance: /bf4_test_tb/UUT3,  Process: line__22.
# KERNEL: WARNING: NUMERIC_STD.TO_INTEGER: metavalue detected, returning 0
# KERNEL: Time: 200 ns,  Iteration: 1,  Instance: /bf4_test_tb/UUT3,  Process: line__22.
# EXECUTION:: NOTE   : at 200000 ps all Ys changed
# EXECUTION:: Time: 200 ns,  Iteration: 3,  Instance: /bf4_test_tb,  Process: output_verify.
# EXECUTION:: ERROR  : Assertion violation.
# EXECUTION:: Time: 205 ns,  Iteration: 0,  Instance: /bf4_test_tb,  Process: output_verify.
# EXECUTION:: ERROR  : Assertion violation.
# EXECUTION:: Time: 205 ns,  Iteration: 0,  Instance: /bf4_test_tb,  Process: output_verify.
# KERNEL: WARNING: NUMERIC_STD.TO_INTEGER: metavalue detected, returning 0
# KERNEL: Time: 210 ns,  Iteration: 1,  Instance: /bf4_test_tb/UUT3,  Process: line__22.
# EXECUTION:: NOTE   : at 210000 ps all Ys changed
# EXECUTION:: Time: 210 ns,  Iteration: 3,  Instance: /bf4_test_tb,  Process: output_verify.
# EXECUTION:: ERROR  : Assertion violation.
# EXECUTION:: Time: 215 ns,  Iteration: 0,  Instance: /bf4_test_tb,  Process: output_verify.
# EXECUTION:: ERROR  : Assertion violation.
# EXECUTION:: Time: 215 ns,  Iteration: 0,  Instance: /bf4_test_tb,  Process: output_verify.
# KERNEL: WARNING: NUMERIC_STD.TO_INTEGER: metavalue detected, returning 0
# KERNEL: Time: 220 ns,  Iteration: 1,  Instance: /bf4_test_tb/UUT3,  Process: line__22.
# EXECUTION:: NOTE   : at 220000 ps all Ys changed
# EXECUTION:: Time: 220 ns,  Iteration: 3,  Instance: /bf4_test_tb,  Process: output_verify.
# EXECUTION:: ERROR  : Assertion violation.
# EXECUTION:: Time: 225 ns,  Iteration: 0,  Instance: /bf4_test_tb,  Process: output_verify.
# EXECUTION:: ERROR  : Assertion violation.
# EXECUTION:: Time: 225 ns,  Iteration: 0,  Instance: /bf4_test_tb,  Process: output_verify.
# KERNEL: WARNING: NUMERIC_STD.TO_INTEGER: metavalue detected, returning 0
# KERNEL: Time: 230 ns,  Iteration: 1,  Instance: /bf4_test_tb/UUT3,  Process: line__22.
# EXECUTION:: NOTE   : at 240000 ps all Ys changed
# EXECUTION:: Time: 240 ns,  Iteration: 3,  Instance: /bf4_test_tb,  Process: output_verify.
# EXECUTION:: ERROR  : Assertion violation.
# EXECUTION:: Time: 245 ns,  Iteration: 0,  Instance: /bf4_test_tb,  Process: output_verify.
# EXECUTION:: ERROR  : Assertion violation.
# EXECUTION:: Time: 245 ns,  Iteration: 0,  Instance: /bf4_test_tb,  Process: output_verify.
# EXECUTION:: NOTE   : at 250000 ps all Ys changed
# EXECUTION:: Time: 250 ns,  Iteration: 3,  Instance: /bf4_test_tb,  Process: output_verify.
# EXECUTION:: ERROR  : Assertion violation.
# EXECUTION:: Time: 255 ns,  Iteration: 0,  Instance: /bf4_test_tb,  Process: output_verify.
# EXECUTION:: ERROR  : Assertion violation.
# EXECUTION:: Time: 255 ns,  Iteration: 0,  Instance: /bf4_test_tb,  Process: output_verify.
# EXECUTION:: NOTE   : at 260000 ps all Ys changed
# EXECUTION:: Time: 260 ns,  Iteration: 3,  Instance: /bf4_test_tb,  Process: output_verify.
# EXECUTION:: ERROR  : Assertion violation.
# EXECUTION:: Time: 265 ns,  Iteration: 0,  Instance: /bf4_test_tb,  Process: output_verify.
# EXECUTION:: ERROR  : Assertion violation.
# EXECUTION:: Time: 265 ns,  Iteration: 0,  Instance: /bf4_test_tb,  Process: output_verify.
# EXECUTION:: NOTE   : at 280000 ps all Ys changed
# EXECUTION:: Time: 280 ns,  Iteration: 3,  Instance: /bf4_test_tb,  Process: output_verify.
# EXECUTION:: ERROR  : Assertion violation.
# EXECUTION:: Time: 285 ns,  Iteration: 0,  Instance: /bf4_test_tb,  Process: output_verify.
# EXECUTION:: ERROR  : Assertion violation.
# EXECUTION:: Time: 285 ns,  Iteration: 0,  Instance: /bf4_test_tb,  Process: output_verify.
# KERNEL: stopped at time: 350 ns
# KERNEL: Simulation has finished. There are no more test vectors to simulate.
endsim
# VSIM: Simulation has finished.
SetActiveLib -work
comp -include "$dsn\src\bf4_conc_CA.vhd" 
# Compile Entity "bf4_conc_CA"
# Compile Architecture "bf4_conc_CA" of Entity "bf4_conc_CA"
# Compile success 0 Errors 0 Warnings  Analysis time :  16.0 [ms]
comp -include "$dsn\src\bf4_conc_WS.vhd"
# Compile Entity "bf4_conc_WS"
# Compile Architecture "bf4_conc_WS" of Entity "bf4_conc_WS"
# Compile success 0 Errors 0 Warnings  Analysis time :  15.0 [ms]
comp -include "$dsn\src\bf4_const.vhd"
# Compile Entity "bf4_const"
# Compile Architecture "bf4_const" of Entity "bf4_const"
# Compile success 0 Errors 0 Warnings  Analysis time :  16.0 [ms]
comp -include "$dsn\src\bf4_logic.vhd"
# Compile Entity "bf4_logic"
# Compile Architecture "bf4_logic" of Entity "bf4_logic"
# Compile success 0 Errors 0 Warnings  Analysis time :  31.0 [ms]
comp -include "$dsn\src\bf4_proc_IF.vhd"
# Compile Entity "bf4_proc_IF"
# Compile Architecture "bf4_proc_IF" of Entity "bf4_proc_IF"
# Compile success 0 Errors 0 Warnings  Analysis time :  16.0 [ms]
comp -include "$dsn\src\bf4_proc_CASE.vhd"
# Compile Entity "bf4_proc_CASE"
# Compile Architecture "bf4_proc_CASE" of Entity "bf4_proc_CASE"
# Compile success 0 Errors 0 Warnings  Analysis time :  16.0 [ms]
comp -include "$dsn\src\bf4_K16_TB.vhd" 
# Compile Architecture "bf4_test_tb" of Entity "bf4_test_tb"
# Error: COMP96_0361: bf4_K16_TB.vhd : (82, 26): 'has_unknown is not an attribute of this prefix.
# Error: COMP96_0077: bf4_K16_TB.vhd : (82, 20): Undefined type of expression. Expected type 'BOOLEAN'.
# Compile failure 2 Errors 0 Warnings  Analysis time :  0.0 [ms]
# Error: DO_001 in file D:\students\IKM722a_Vorontsov\vhdl\LAB_2\LAB_2\src\bf4_K16_TB_runtest.do line 8
# Error: Cannot run D:\students\IKM722a_Vorontsov\vhdl\LAB_2\LAB_2\src\bf4_K16_TB_runtest.do
SetActiveLib -work
comp -include "$dsn\src\bf4_conc_CA.vhd" 
# Compile Entity "bf4_conc_CA"
# Compile Architecture "bf4_conc_CA" of Entity "bf4_conc_CA"
# Compile success 0 Errors 0 Warnings  Analysis time :  15.0 [ms]
comp -include "$dsn\src\bf4_conc_WS.vhd"
# Compile Entity "bf4_conc_WS"
# Compile Architecture "bf4_conc_WS" of Entity "bf4_conc_WS"
# Compile success 0 Errors 0 Warnings  Analysis time :  16.0 [ms]
comp -include "$dsn\src\bf4_const.vhd"
# Compile Entity "bf4_const"
# Compile Architecture "bf4_const" of Entity "bf4_const"
# Compile success 0 Errors 0 Warnings  Analysis time :  15.0 [ms]
comp -include "$dsn\src\bf4_logic.vhd"
# Compile Entity "bf4_logic"
# Compile Architecture "bf4_logic" of Entity "bf4_logic"
# Compile success 0 Errors 0 Warnings  Analysis time :  31.0 [ms]
comp -include "$dsn\src\bf4_proc_IF.vhd"
# Compile Entity "bf4_proc_IF"
# Compile Architecture "bf4_proc_IF" of Entity "bf4_proc_IF"
# Compile success 0 Errors 0 Warnings  Analysis time :  31.0 [ms]
comp -include "$dsn\src\bf4_proc_CASE.vhd"
# Compile Entity "bf4_proc_CASE"
# Compile Architecture "bf4_proc_CASE" of Entity "bf4_proc_CASE"
# Compile success 0 Errors 0 Warnings  Analysis time :  15.0 [ms]
comp -include "$dsn\src\bf4_K16_TB.vhd" 
# Compile Entity "bf4_test_tb"
# Compile Architecture "bf4_test_tb" of Entity "bf4_test_tb"
# Compile success 0 Errors 0 Warnings  Analysis time :  32.0 [ms]
asim +access +r bf4_test_tb 
# ELBREAD: Elaboration process.
# ELBREAD: Elaboration time 0.0 [s].
# VSIM: Stack memory: 32MB
# VSIM: Retval memory: 32MB
# 
# KERNEL: Main thread initiated.
# KERNEL: Kernel process initialization phase.
# ELAB2: Elaboration final pass...
# ELAB2: Create instances ...
# KERNEL: Time resolution set to 1ps.
# ELAB2: Create instances complete.
# SLP: Started
# SLP: Elaboration phase ...
# SLP: Elaboration phase ... skipped, nothing to simulate in SLP mode : 0.0 [s]
# SLP: Finished : 0.0 [s]
# ELAB2: Elaboration final pass complete - time: 0.0 [s].
# KERNEL: Warning: You are using the Active-HDL Student Edition. The performance of simulation is running at a reduced rate.
# KERNEL: Warning: Contact Aldec for available upgrade options - sales@aldec.com.
# KERNEL: Kernel process initialization done.
# Allocation: Simulator allocated 6487 kB (elbread=427 elab2=5920 kernel=139 sdf=0)
# KERNEL: ASDB file was created in location D:\students\IKM722a_Vorontsov\vhdl\LAB_2\LAB_2\src\wave.asdb
#  14:27, 23 травня 2026 р.
#  Simulation has been initialized
# Waveform file 'untitled.awc' connected to 'D:/students/IKM722a_Vorontsov/vhdl/LAB_2/LAB_2/src/wave.asdb'.
# Waveform file 'untitled.awc' connected to 'D:/students/IKM722a_Vorontsov/vhdl/LAB_2/LAB_2/src/wave.asdb'.
# KERNEL: Warning: KERNEL_0291 Object "/bf4_test_tb/X" has already been traced.
# KERNEL: Warning: KERNEL_0291 Object "/bf4_test_tb/Y_conc_CA" has already been traced.
# KERNEL: Warning: KERNEL_0291 Object "/bf4_test_tb/Y_conc_WS" has already been traced.
# KERNEL: Warning: KERNEL_0291 Object "/bf4_test_tb/Y_const" has already been traced.
# KERNEL: Warning: KERNEL_0291 Object "/bf4_test_tb/Y_logic" has already been traced.
# KERNEL: Warning: KERNEL_0291 Object "/bf4_test_tb/Y_proc_IF" has already been traced.
# KERNEL: Warning: KERNEL_0291 Object "/bf4_test_tb/Y_proc_CASE" has already been traced.
# KERNEL: Warning: KERNEL_0291 Object "/bf4_test_tb/TEST_PHASE" has already been traced.
# KERNEL: Warning: KERNEL_0291 Object "/bf4_test_tb/VERIF_STATE" has already been traced.
wave 
wave -noreg X
wave -noreg Y_conc_CA
wave -noreg Y_conc_WS
wave -noreg Y_const  
wave -noreg Y_logic
wave -noreg Y_proc_IF
wave -noreg Y_proc_CASE
wave -noreg TEST_PHASE
wave -noreg VERIF_STATE
run 350 ns
# KERNEL: Warning: KERNEL_0291 Object "/bf4_test_tb/X" has already been traced.
# KERNEL: Warning: KERNEL_0291 Object "/bf4_test_tb/Y_conc_CA" has already been traced.
# KERNEL: Warning: KERNEL_0291 Object "/bf4_test_tb/Y_conc_WS" has already been traced.
# KERNEL: Warning: KERNEL_0291 Object "/bf4_test_tb/Y_const" has already been traced.
# KERNEL: Warning: KERNEL_0291 Object "/bf4_test_tb/Y_logic" has already been traced.
# KERNEL: Warning: KERNEL_0291 Object "/bf4_test_tb/Y_proc_IF" has already been traced.
# KERNEL: Warning: KERNEL_0291 Object "/bf4_test_tb/Y_proc_CASE" has already been traced.
# KERNEL: Warning: KERNEL_0291 Object "/bf4_test_tb/TEST_PHASE" has already been traced.
# KERNEL: Warning: KERNEL_0291 Object "/bf4_test_tb/VERIF_STATE" has already been traced.
# VSIM: 0 object(s) traced.
# Waveform file 'untitled.awc' connected to 'D:/students/IKM722a_Vorontsov/vhdl/LAB_2/LAB_2/src/wave.asdb'.
# KERNEL: WARNING: NUMERIC_STD.TO_INTEGER: metavalue detected, returning 0
# KERNEL: Time: 0 ps,  Iteration: 0,  Instance: /bf4_test_tb/UUT3,  Process: line__22.
# EXECUTION:: NOTE   : at 0 ps all Ys changed
# EXECUTION:: Time: 0 ps,  Iteration: 3,  Instance: /bf4_test_tb,  Process: output_verify.
# EXECUTION:: ERROR  : error in bf4_conc_CA when X = 0000
# EXECUTION:: Time: 5 ns,  Iteration: 0,  Instance: /bf4_test_tb,  Process: output_verify.
# EXECUTION:: ERROR  : error in bf4_conc_WS when X = 0000
# EXECUTION:: Time: 5 ns,  Iteration: 0,  Instance: /bf4_test_tb,  Process: output_verify.
# EXECUTION:: ERROR  : error in bf4_const when X = 0000
# EXECUTION:: Time: 5 ns,  Iteration: 0,  Instance: /bf4_test_tb,  Process: output_verify.
# EXECUTION:: ERROR  : error in bf4_proc_IF when X = 0000
# EXECUTION:: Time: 5 ns,  Iteration: 0,  Instance: /bf4_test_tb,  Process: output_verify.
# EXECUTION:: ERROR  : error in bf4_proc_CASE when X = 0000
# EXECUTION:: Time: 5 ns,  Iteration: 0,  Instance: /bf4_test_tb,  Process: output_verify.
# EXECUTION:: NOTE   : at 10000 ps all Ys changed
# EXECUTION:: Time: 10 ns,  Iteration: 3,  Instance: /bf4_test_tb,  Process: output_verify.
# EXECUTION:: ERROR  : error in bf4_conc_CA when X = 0001
# EXECUTION:: Time: 15 ns,  Iteration: 0,  Instance: /bf4_test_tb,  Process: output_verify.
# EXECUTION:: ERROR  : error in bf4_conc_WS when X = 0001
# EXECUTION:: Time: 15 ns,  Iteration: 0,  Instance: /bf4_test_tb,  Process: output_verify.
# EXECUTION:: ERROR  : error in bf4_const when X = 0001
# EXECUTION:: Time: 15 ns,  Iteration: 0,  Instance: /bf4_test_tb,  Process: output_verify.
# EXECUTION:: ERROR  : error in bf4_proc_IF when X = 0001
# EXECUTION:: Time: 15 ns,  Iteration: 0,  Instance: /bf4_test_tb,  Process: output_verify.
# EXECUTION:: ERROR  : error in bf4_proc_CASE when X = 0001
# EXECUTION:: Time: 15 ns,  Iteration: 0,  Instance: /bf4_test_tb,  Process: output_verify.
# EXECUTION:: NOTE   : at 30000 ps all Ys changed
# EXECUTION:: Time: 30 ns,  Iteration: 3,  Instance: /bf4_test_tb,  Process: output_verify.
# EXECUTION:: ERROR  : error in bf4_conc_CA when X = 0011
# EXECUTION:: Time: 35 ns,  Iteration: 0,  Instance: /bf4_test_tb,  Process: output_verify.
# EXECUTION:: ERROR  : error in bf4_conc_WS when X = 0011
# EXECUTION:: Time: 35 ns,  Iteration: 0,  Instance: /bf4_test_tb,  Process: output_verify.
# EXECUTION:: ERROR  : error in bf4_const when X = 0011
# EXECUTION:: Time: 35 ns,  Iteration: 0,  Instance: /bf4_test_tb,  Process: output_verify.
# EXECUTION:: ERROR  : error in bf4_proc_IF when X = 0011
# EXECUTION:: Time: 35 ns,  Iteration: 0,  Instance: /bf4_test_tb,  Process: output_verify.
# EXECUTION:: ERROR  : error in bf4_proc_CASE when X = 0011
# EXECUTION:: Time: 35 ns,  Iteration: 0,  Instance: /bf4_test_tb,  Process: output_verify.
# EXECUTION:: NOTE   : at 50000 ps all Ys changed
# EXECUTION:: Time: 50 ns,  Iteration: 3,  Instance: /bf4_test_tb,  Process: output_verify.
# EXECUTION:: ERROR  : error in bf4_conc_CA when X = 0101
# EXECUTION:: Time: 55 ns,  Iteration: 0,  Instance: /bf4_test_tb,  Process: output_verify.
# EXECUTION:: ERROR  : error in bf4_conc_WS when X = 0101
# EXECUTION:: Time: 55 ns,  Iteration: 0,  Instance: /bf4_test_tb,  Process: output_verify.
# EXECUTION:: ERROR  : error in bf4_const when X = 0101
# EXECUTION:: Time: 55 ns,  Iteration: 0,  Instance: /bf4_test_tb,  Process: output_verify.
# EXECUTION:: ERROR  : error in bf4_proc_IF when X = 0101
# EXECUTION:: Time: 55 ns,  Iteration: 0,  Instance: /bf4_test_tb,  Process: output_verify.
# EXECUTION:: ERROR  : error in bf4_proc_CASE when X = 0101
# EXECUTION:: Time: 55 ns,  Iteration: 0,  Instance: /bf4_test_tb,  Process: output_verify.
# EXECUTION:: NOTE   : at 60000 ps all Ys changed
# EXECUTION:: Time: 60 ns,  Iteration: 3,  Instance: /bf4_test_tb,  Process: output_verify.
# EXECUTION:: ERROR  : error in bf4_logic when X = 0110
# EXECUTION:: Time: 65 ns,  Iteration: 0,  Instance: /bf4_test_tb,  Process: output_verify.
# EXECUTION:: ERROR  : error in bf4_conc_CA when X = 0110
# EXECUTION:: Time: 65 ns,  Iteration: 0,  Instance: /bf4_test_tb,  Process: output_verify.
# EXECUTION:: ERROR  : error in bf4_conc_WS when X = 0110
# EXECUTION:: Time: 65 ns,  Iteration: 0,  Instance: /bf4_test_tb,  Process: output_verify.
# EXECUTION:: ERROR  : error in bf4_const when X = 0110
# EXECUTION:: Time: 65 ns,  Iteration: 0,  Instance: /bf4_test_tb,  Process: output_verify.
# EXECUTION:: ERROR  : error in bf4_proc_IF when X = 0110
# EXECUTION:: Time: 65 ns,  Iteration: 0,  Instance: /bf4_test_tb,  Process: output_verify.
# EXECUTION:: ERROR  : error in bf4_proc_CASE when X = 0110
# EXECUTION:: Time: 65 ns,  Iteration: 0,  Instance: /bf4_test_tb,  Process: output_verify.
# EXECUTION:: NOTE   : at 70000 ps all Ys changed
# EXECUTION:: Time: 70 ns,  Iteration: 3,  Instance: /bf4_test_tb,  Process: output_verify.
# EXECUTION:: ERROR  : error in bf4_conc_CA when X = 0111
# EXECUTION:: Time: 75 ns,  Iteration: 0,  Instance: /bf4_test_tb,  Process: output_verify.
# EXECUTION:: ERROR  : error in bf4_conc_WS when X = 0111
# EXECUTION:: Time: 75 ns,  Iteration: 0,  Instance: /bf4_test_tb,  Process: output_verify.
# EXECUTION:: ERROR  : error in bf4_const when X = 0111
# EXECUTION:: Time: 75 ns,  Iteration: 0,  Instance: /bf4_test_tb,  Process: output_verify.
# EXECUTION:: ERROR  : error in bf4_proc_IF when X = 0111
# EXECUTION:: Time: 75 ns,  Iteration: 0,  Instance: /bf4_test_tb,  Process: output_verify.
# EXECUTION:: ERROR  : error in bf4_proc_CASE when X = 0111
# EXECUTION:: Time: 75 ns,  Iteration: 0,  Instance: /bf4_test_tb,  Process: output_verify.
# EXECUTION:: NOTE   : at 80000 ps all Ys changed
# EXECUTION:: Time: 80 ns,  Iteration: 3,  Instance: /bf4_test_tb,  Process: output_verify.
# EXECUTION:: NOTE   : at 90000 ps all Ys changed
# EXECUTION:: Time: 90 ns,  Iteration: 3,  Instance: /bf4_test_tb,  Process: output_verify.
# EXECUTION:: ERROR  : error in bf4_conc_CA when X = 1001
# EXECUTION:: Time: 95 ns,  Iteration: 0,  Instance: /bf4_test_tb,  Process: output_verify.
# EXECUTION:: ERROR  : error in bf4_conc_WS when X = 1001
# EXECUTION:: Time: 95 ns,  Iteration: 0,  Instance: /bf4_test_tb,  Process: output_verify.
# EXECUTION:: ERROR  : error in bf4_const when X = 1001
# EXECUTION:: Time: 95 ns,  Iteration: 0,  Instance: /bf4_test_tb,  Process: output_verify.
# EXECUTION:: ERROR  : error in bf4_proc_IF when X = 1001
# EXECUTION:: Time: 95 ns,  Iteration: 0,  Instance: /bf4_test_tb,  Process: output_verify.
# EXECUTION:: ERROR  : error in bf4_proc_CASE when X = 1001
# EXECUTION:: Time: 95 ns,  Iteration: 0,  Instance: /bf4_test_tb,  Process: output_verify.
# EXECUTION:: NOTE   : at 110000 ps all Ys changed
# EXECUTION:: Time: 110 ns,  Iteration: 3,  Instance: /bf4_test_tb,  Process: output_verify.
# EXECUTION:: ERROR  : error in bf4_logic when X = 1011
# EXECUTION:: Time: 115 ns,  Iteration: 0,  Instance: /bf4_test_tb,  Process: output_verify.
# EXECUTION:: ERROR  : error in bf4_conc_CA when X = 1011
# EXECUTION:: Time: 115 ns,  Iteration: 0,  Instance: /bf4_test_tb,  Process: output_verify.
# EXECUTION:: ERROR  : error in bf4_conc_WS when X = 1011
# EXECUTION:: Time: 115 ns,  Iteration: 0,  Instance: /bf4_test_tb,  Process: output_verify.
# EXECUTION:: ERROR  : error in bf4_const when X = 1011
# EXECUTION:: Time: 115 ns,  Iteration: 0,  Instance: /bf4_test_tb,  Process: output_verify.
# EXECUTION:: ERROR  : error in bf4_proc_IF when X = 1011
# EXECUTION:: Time: 115 ns,  Iteration: 0,  Instance: /bf4_test_tb,  Process: output_verify.
# EXECUTION:: ERROR  : error in bf4_proc_CASE when X = 1011
# EXECUTION:: Time: 115 ns,  Iteration: 0,  Instance: /bf4_test_tb,  Process: output_verify.
# EXECUTION:: NOTE   : at 120000 ps all Ys changed
# EXECUTION:: Time: 120 ns,  Iteration: 3,  Instance: /bf4_test_tb,  Process: output_verify.
# EXECUTION:: ERROR  : error in bf4_conc_CA when X = 1100
# EXECUTION:: Time: 125 ns,  Iteration: 0,  Instance: /bf4_test_tb,  Process: output_verify.
# EXECUTION:: ERROR  : error in bf4_conc_WS when X = 1100
# EXECUTION:: Time: 125 ns,  Iteration: 0,  Instance: /bf4_test_tb,  Process: output_verify.
# EXECUTION:: ERROR  : error in bf4_const when X = 1100
# EXECUTION:: Time: 125 ns,  Iteration: 0,  Instance: /bf4_test_tb,  Process: output_verify.
# EXECUTION:: ERROR  : error in bf4_proc_IF when X = 1100
# EXECUTION:: Time: 125 ns,  Iteration: 0,  Instance: /bf4_test_tb,  Process: output_verify.
# EXECUTION:: ERROR  : error in bf4_proc_CASE when X = 1100
# EXECUTION:: Time: 125 ns,  Iteration: 0,  Instance: /bf4_test_tb,  Process: output_verify.
# EXECUTION:: NOTE   : at 130000 ps all Ys changed
# EXECUTION:: Time: 130 ns,  Iteration: 3,  Instance: /bf4_test_tb,  Process: output_verify.
# EXECUTION:: ERROR  : error in bf4_conc_CA when X = 1101
# EXECUTION:: Time: 135 ns,  Iteration: 0,  Instance: /bf4_test_tb,  Process: output_verify.
# EXECUTION:: ERROR  : error in bf4_conc_WS when X = 1101
# EXECUTION:: Time: 135 ns,  Iteration: 0,  Instance: /bf4_test_tb,  Process: output_verify.
# EXECUTION:: ERROR  : error in bf4_const when X = 1101
# EXECUTION:: Time: 135 ns,  Iteration: 0,  Instance: /bf4_test_tb,  Process: output_verify.
# EXECUTION:: ERROR  : error in bf4_proc_IF when X = 1101
# EXECUTION:: Time: 135 ns,  Iteration: 0,  Instance: /bf4_test_tb,  Process: output_verify.
# EXECUTION:: ERROR  : error in bf4_proc_CASE when X = 1101
# EXECUTION:: Time: 135 ns,  Iteration: 0,  Instance: /bf4_test_tb,  Process: output_verify.
# EXECUTION:: NOTE   : at 140000 ps all Ys changed
# EXECUTION:: Time: 140 ns,  Iteration: 3,  Instance: /bf4_test_tb,  Process: output_verify.
# EXECUTION:: ERROR  : error in bf4_logic when X = 1110
# EXECUTION:: Time: 145 ns,  Iteration: 0,  Instance: /bf4_test_tb,  Process: output_verify.
# EXECUTION:: ERROR  : error in bf4_conc_CA when X = 1110
# EXECUTION:: Time: 145 ns,  Iteration: 0,  Instance: /bf4_test_tb,  Process: output_verify.
# EXECUTION:: ERROR  : error in bf4_conc_WS when X = 1110
# EXECUTION:: Time: 145 ns,  Iteration: 0,  Instance: /bf4_test_tb,  Process: output_verify.
# EXECUTION:: ERROR  : error in bf4_const when X = 1110
# EXECUTION:: Time: 145 ns,  Iteration: 0,  Instance: /bf4_test_tb,  Process: output_verify.
# EXECUTION:: ERROR  : error in bf4_proc_IF when X = 1110
# EXECUTION:: Time: 145 ns,  Iteration: 0,  Instance: /bf4_test_tb,  Process: output_verify.
# EXECUTION:: ERROR  : error in bf4_proc_CASE when X = 1110
# EXECUTION:: Time: 145 ns,  Iteration: 0,  Instance: /bf4_test_tb,  Process: output_verify.
# EXECUTION:: NOTE   : at 150000 ps all Ys changed
# EXECUTION:: Time: 150 ns,  Iteration: 3,  Instance: /bf4_test_tb,  Process: output_verify.
# KERNEL: WARNING: NUMERIC_STD.TO_INTEGER: metavalue detected, returning 0
# KERNEL: Time: 160 ns,  Iteration: 1,  Instance: /bf4_test_tb/UUT3,  Process: line__22.
# EXECUTION:: NOTE   : at 160000 ps all Ys changed
# EXECUTION:: Time: 160 ns,  Iteration: 3,  Instance: /bf4_test_tb,  Process: output_verify.
# EXECUTION:: ERROR  : Assertion violation.
# EXECUTION:: Time: 165 ns,  Iteration: 0,  Instance: /bf4_test_tb,  Process: output_verify.
# EXECUTION:: ERROR  : Assertion violation.
# EXECUTION:: Time: 165 ns,  Iteration: 0,  Instance: /bf4_test_tb,  Process: output_verify.
# KERNEL: WARNING: NUMERIC_STD.TO_INTEGER: metavalue detected, returning 0
# KERNEL: Time: 170 ns,  Iteration: 1,  Instance: /bf4_test_tb/UUT3,  Process: line__22.
# EXECUTION:: NOTE   : at 170000 ps all Ys changed
# EXECUTION:: Time: 170 ns,  Iteration: 3,  Instance: /bf4_test_tb,  Process: output_verify.
# EXECUTION:: ERROR  : Assertion violation.
# EXECUTION:: Time: 175 ns,  Iteration: 0,  Instance: /bf4_test_tb,  Process: output_verify.
# EXECUTION:: ERROR  : Assertion violation.
# EXECUTION:: Time: 175 ns,  Iteration: 0,  Instance: /bf4_test_tb,  Process: output_verify.
# KERNEL: WARNING: NUMERIC_STD.TO_INTEGER: metavalue detected, returning 0
# KERNEL: Time: 180 ns,  Iteration: 1,  Instance: /bf4_test_tb/UUT3,  Process: line__22.
# EXECUTION:: NOTE   : at 180000 ps all Ys changed
# EXECUTION:: Time: 180 ns,  Iteration: 3,  Instance: /bf4_test_tb,  Process: output_verify.
# EXECUTION:: ERROR  : Assertion violation.
# EXECUTION:: Time: 185 ns,  Iteration: 0,  Instance: /bf4_test_tb,  Process: output_verify.
# EXECUTION:: ERROR  : Assertion violation.
# EXECUTION:: Time: 185 ns,  Iteration: 0,  Instance: /bf4_test_tb,  Process: output_verify.
# KERNEL: WARNING: NUMERIC_STD.TO_INTEGER: metavalue detected, returning 0
# KERNEL: Time: 190 ns,  Iteration: 1,  Instance: /bf4_test_tb/UUT3,  Process: line__22.
# KERNEL: WARNING: NUMERIC_STD.TO_INTEGER: metavalue detected, returning 0
# KERNEL: Time: 200 ns,  Iteration: 1,  Instance: /bf4_test_tb/UUT3,  Process: line__22.
# EXECUTION:: NOTE   : at 200000 ps all Ys changed
# EXECUTION:: Time: 200 ns,  Iteration: 3,  Instance: /bf4_test_tb,  Process: output_verify.
# EXECUTION:: ERROR  : Assertion violation.
# EXECUTION:: Time: 205 ns,  Iteration: 0,  Instance: /bf4_test_tb,  Process: output_verify.
# EXECUTION:: ERROR  : Assertion violation.
# EXECUTION:: Time: 205 ns,  Iteration: 0,  Instance: /bf4_test_tb,  Process: output_verify.
# KERNEL: WARNING: NUMERIC_STD.TO_INTEGER: metavalue detected, returning 0
# KERNEL: Time: 210 ns,  Iteration: 1,  Instance: /bf4_test_tb/UUT3,  Process: line__22.
# EXECUTION:: NOTE   : at 210000 ps all Ys changed
# EXECUTION:: Time: 210 ns,  Iteration: 3,  Instance: /bf4_test_tb,  Process: output_verify.
# EXECUTION:: ERROR  : Assertion violation.
# EXECUTION:: Time: 215 ns,  Iteration: 0,  Instance: /bf4_test_tb,  Process: output_verify.
# EXECUTION:: ERROR  : Assertion violation.
# EXECUTION:: Time: 215 ns,  Iteration: 0,  Instance: /bf4_test_tb,  Process: output_verify.
# KERNEL: WARNING: NUMERIC_STD.TO_INTEGER: metavalue detected, returning 0
# KERNEL: Time: 220 ns,  Iteration: 1,  Instance: /bf4_test_tb/UUT3,  Process: line__22.
# EXECUTION:: NOTE   : at 220000 ps all Ys changed
# EXECUTION:: Time: 220 ns,  Iteration: 3,  Instance: /bf4_test_tb,  Process: output_verify.
# EXECUTION:: ERROR  : Assertion violation.
# EXECUTION:: Time: 225 ns,  Iteration: 0,  Instance: /bf4_test_tb,  Process: output_verify.
# EXECUTION:: ERROR  : Assertion violation.
# EXECUTION:: Time: 225 ns,  Iteration: 0,  Instance: /bf4_test_tb,  Process: output_verify.
# KERNEL: WARNING: NUMERIC_STD.TO_INTEGER: metavalue detected, returning 0
# KERNEL: Time: 230 ns,  Iteration: 1,  Instance: /bf4_test_tb/UUT3,  Process: line__22.
# EXECUTION:: NOTE   : at 240000 ps all Ys changed
# EXECUTION:: Time: 240 ns,  Iteration: 3,  Instance: /bf4_test_tb,  Process: output_verify.
# EXECUTION:: ERROR  : Assertion violation.
# EXECUTION:: Time: 245 ns,  Iteration: 0,  Instance: /bf4_test_tb,  Process: output_verify.
# EXECUTION:: ERROR  : Assertion violation.
# EXECUTION:: Time: 245 ns,  Iteration: 0,  Instance: /bf4_test_tb,  Process: output_verify.
# EXECUTION:: NOTE   : at 250000 ps all Ys changed
# EXECUTION:: Time: 250 ns,  Iteration: 3,  Instance: /bf4_test_tb,  Process: output_verify.
# EXECUTION:: ERROR  : Assertion violation.
# EXECUTION:: Time: 255 ns,  Iteration: 0,  Instance: /bf4_test_tb,  Process: output_verify.
# EXECUTION:: ERROR  : Assertion violation.
# EXECUTION:: Time: 255 ns,  Iteration: 0,  Instance: /bf4_test_tb,  Process: output_verify.
# EXECUTION:: NOTE   : at 260000 ps all Ys changed
# EXECUTION:: Time: 260 ns,  Iteration: 3,  Instance: /bf4_test_tb,  Process: output_verify.
# EXECUTION:: ERROR  : Assertion violation.
# EXECUTION:: Time: 265 ns,  Iteration: 0,  Instance: /bf4_test_tb,  Process: output_verify.
# EXECUTION:: ERROR  : Assertion violation.
# EXECUTION:: Time: 265 ns,  Iteration: 0,  Instance: /bf4_test_tb,  Process: output_verify.
# EXECUTION:: NOTE   : at 280000 ps all Ys changed
# EXECUTION:: Time: 280 ns,  Iteration: 3,  Instance: /bf4_test_tb,  Process: output_verify.
# EXECUTION:: ERROR  : Assertion violation.
# EXECUTION:: Time: 285 ns,  Iteration: 0,  Instance: /bf4_test_tb,  Process: output_verify.
# EXECUTION:: ERROR  : Assertion violation.
# EXECUTION:: Time: 285 ns,  Iteration: 0,  Instance: /bf4_test_tb,  Process: output_verify.
# KERNEL: stopped at time: 350 ns
# KERNEL: Simulation has finished. There are no more test vectors to simulate.
SetActiveLib -work
comp -include "$dsn\src\bf4_conc_CA.vhd" 
# Compile Entity "bf4_conc_CA"
# Compile Architecture "bf4_conc_CA" of Entity "bf4_conc_CA"
# Compile success 0 Errors 0 Warnings  Analysis time :  31.0 [ms]
comp -include "$dsn\src\bf4_conc_WS.vhd"
# Compile Entity "bf4_conc_WS"
# Compile Architecture "bf4_conc_WS" of Entity "bf4_conc_WS"
# Compile success 0 Errors 0 Warnings  Analysis time :  16.0 [ms]
comp -include "$dsn\src\bf4_const.vhd"
# Compile Entity "bf4_const"
# Compile Architecture "bf4_const" of Entity "bf4_const"
# Compile success 0 Errors 0 Warnings  Analysis time :  31.0 [ms]
comp -include "$dsn\src\bf4_logic.vhd"
# Compile Entity "bf4_logic"
# Compile Architecture "bf4_logic" of Entity "bf4_logic"
# Compile success 0 Errors 0 Warnings  Analysis time :  32.0 [ms]
comp -include "$dsn\src\bf4_proc_IF.vhd"
# Compile Entity "bf4_proc_IF"
# Compile Architecture "bf4_proc_IF" of Entity "bf4_proc_IF"
# Compile success 0 Errors 0 Warnings  Analysis time :  31.0 [ms]
comp -include "$dsn\src\bf4_proc_CASE.vhd"
# Compile Entity "bf4_proc_CASE"
# Compile Architecture "bf4_proc_CASE" of Entity "bf4_proc_CASE"
# Compile success 0 Errors 0 Warnings  Analysis time :  15.0 [ms]
comp -include "$dsn\src\bf4_K16_TB.vhd" 
# Compile Entity "bf4_logic"
# Compile Architecture "bf4_logic" of Entity "bf4_logic"
# Compile success 0 Errors 0 Warnings  Analysis time :  47.0 [ms]
asim +access +r bf4_test_tb 
# VSIM: Simulation has finished.
# ELBREAD: Elaboration process.
# ELBREAD: Elaboration time 0.0 [s].
# VSIM: Stack memory: 32MB
# VSIM: Retval memory: 32MB
# 
# KERNEL: Main thread initiated.
# KERNEL: Kernel process initialization phase.
# ELAB2: Elaboration final pass...
# ELAB2: Create instances ...
# KERNEL: Time resolution set to 1ps.
# ELAB2: Create instances complete.
# SLP: Started
# SLP: Elaboration phase ...
# SLP: Elaboration phase ... skipped, nothing to simulate in SLP mode : 0.0 [s]
# SLP: Finished : 0.0 [s]
# ELAB2: Elaboration final pass complete - time: 0.0 [s].
# KERNEL: Warning: You are using the Active-HDL Student Edition. The performance of simulation is running at a reduced rate.
# KERNEL: Warning: Contact Aldec for available upgrade options - sales@aldec.com.
# KERNEL: Kernel process initialization done.
# Allocation: Simulator allocated 6485 kB (elbread=427 elab2=5918 kernel=139 sdf=0)
# KERNEL: ASDB file was created in location D:\students\IKM722a_Vorontsov\vhdl\LAB_2\LAB_2\src\wave.asdb
#  14:34, 23 травня 2026 р.
#  Simulation has been initialized
# Waveform file 'untitled.awc' connected to 'D:/students/IKM722a_Vorontsov/vhdl/LAB_2/LAB_2/src/wave.asdb'.
# Waveform file 'untitled.awc' connected to 'D:/students/IKM722a_Vorontsov/vhdl/LAB_2/LAB_2/src/wave.asdb'.
# KERNEL: Warning: KERNEL_0291 Object "/bf4_test_tb/X" has already been traced.
# KERNEL: Warning: KERNEL_0291 Object "/bf4_test_tb/Y_conc_CA" has already been traced.
# KERNEL: Warning: KERNEL_0291 Object "/bf4_test_tb/Y_conc_WS" has already been traced.
# KERNEL: Warning: KERNEL_0291 Object "/bf4_test_tb/Y_const" has already been traced.
# KERNEL: Warning: KERNEL_0291 Object "/bf4_test_tb/Y_logic" has already been traced.
# KERNEL: Warning: KERNEL_0291 Object "/bf4_test_tb/Y_proc_IF" has already been traced.
# KERNEL: Warning: KERNEL_0291 Object "/bf4_test_tb/Y_proc_CASE" has already been traced.
# KERNEL: Warning: KERNEL_0291 Object "/bf4_test_tb/TEST_PHASE" has already been traced.
# KERNEL: Warning: KERNEL_0291 Object "/bf4_test_tb/VERIF_STATE" has already been traced.
# Waveform file 'untitled.awc' connected to 'D:/students/IKM722a_Vorontsov/vhdl/LAB_2/LAB_2/src/wave.asdb'.
# KERNEL: Warning: KERNEL_0291 Object "/bf4_test_tb/X" has already been traced.
# KERNEL: Warning: KERNEL_0291 Object "/bf4_test_tb/Y_conc_CA" has already been traced.
# KERNEL: Warning: KERNEL_0291 Object "/bf4_test_tb/Y_conc_WS" has already been traced.
# KERNEL: Warning: KERNEL_0291 Object "/bf4_test_tb/Y_const" has already been traced.
# KERNEL: Warning: KERNEL_0291 Object "/bf4_test_tb/Y_logic" has already been traced.
# KERNEL: Warning: KERNEL_0291 Object "/bf4_test_tb/Y_proc_IF" has already been traced.
# KERNEL: Warning: KERNEL_0291 Object "/bf4_test_tb/Y_proc_CASE" has already been traced.
# KERNEL: Warning: KERNEL_0291 Object "/bf4_test_tb/TEST_PHASE" has already been traced.
# KERNEL: Warning: KERNEL_0291 Object "/bf4_test_tb/VERIF_STATE" has already been traced.
wave 
wave -noreg X
wave -noreg Y_conc_CA
wave -noreg Y_conc_WS
wave -noreg Y_const  
wave -noreg Y_logic
wave -noreg Y_proc_IF
wave -noreg Y_proc_CASE
wave -noreg TEST_PHASE
wave -noreg VERIF_STATE
run 350 ns
# KERNEL: Warning: KERNEL_0291 Object "/bf4_test_tb/X" has already been traced.
# KERNEL: Warning: KERNEL_0291 Object "/bf4_test_tb/Y_conc_CA" has already been traced.
# KERNEL: Warning: KERNEL_0291 Object "/bf4_test_tb/Y_conc_WS" has already been traced.
# KERNEL: Warning: KERNEL_0291 Object "/bf4_test_tb/Y_const" has already been traced.
# KERNEL: Warning: KERNEL_0291 Object "/bf4_test_tb/Y_logic" has already been traced.
# KERNEL: Warning: KERNEL_0291 Object "/bf4_test_tb/Y_proc_IF" has already been traced.
# KERNEL: Warning: KERNEL_0291 Object "/bf4_test_tb/Y_proc_CASE" has already been traced.
# KERNEL: Warning: KERNEL_0291 Object "/bf4_test_tb/TEST_PHASE" has already been traced.
# KERNEL: Warning: KERNEL_0291 Object "/bf4_test_tb/VERIF_STATE" has already been traced.
# VSIM: 0 object(s) traced.
# Waveform file 'untitled.awc' connected to 'D:/students/IKM722a_Vorontsov/vhdl/LAB_2/LAB_2/src/wave.asdb'.
# KERNEL: WARNING: NUMERIC_STD.TO_INTEGER: metavalue detected, returning 0
# KERNEL: Time: 0 ps,  Iteration: 0,  Instance: /bf4_test_tb/UUT3,  Process: line__22.
# EXECUTION:: NOTE   : at 0 ps all Ys changed
# EXECUTION:: Time: 0 ps,  Iteration: 1,  Instance: /bf4_test_tb,  Process: output_verify.
# EXECUTION:: ERROR  : error in bf4_conc_CA when X = 0000
# EXECUTION:: Time: 5 ns,  Iteration: 0,  Instance: /bf4_test_tb,  Process: output_verify.
# EXECUTION:: ERROR  : error in bf4_conc_WS when X = 0000
# EXECUTION:: Time: 5 ns,  Iteration: 0,  Instance: /bf4_test_tb,  Process: output_verify.
# EXECUTION:: ERROR  : error in bf4_const when X = 0000
# EXECUTION:: Time: 5 ns,  Iteration: 0,  Instance: /bf4_test_tb,  Process: output_verify.
# EXECUTION:: ERROR  : error in bf4_proc_IF when X = 0000
# EXECUTION:: Time: 5 ns,  Iteration: 0,  Instance: /bf4_test_tb,  Process: output_verify.
# EXECUTION:: ERROR  : error in bf4_proc_CASE when X = 0000
# EXECUTION:: Time: 5 ns,  Iteration: 0,  Instance: /bf4_test_tb,  Process: output_verify.
# EXECUTION:: NOTE   : at 10000 ps all Ys changed
# EXECUTION:: Time: 10 ns,  Iteration: 4,  Instance: /bf4_test_tb,  Process: output_verify.
# EXECUTION:: ERROR  : error in bf4_conc_CA when X = 0001
# EXECUTION:: Time: 15 ns,  Iteration: 0,  Instance: /bf4_test_tb,  Process: output_verify.
# EXECUTION:: ERROR  : error in bf4_conc_WS when X = 0001
# EXECUTION:: Time: 15 ns,  Iteration: 0,  Instance: /bf4_test_tb,  Process: output_verify.
# EXECUTION:: ERROR  : error in bf4_const when X = 0001
# EXECUTION:: Time: 15 ns,  Iteration: 0,  Instance: /bf4_test_tb,  Process: output_verify.
# EXECUTION:: ERROR  : error in bf4_proc_IF when X = 0001
# EXECUTION:: Time: 15 ns,  Iteration: 0,  Instance: /bf4_test_tb,  Process: output_verify.
# EXECUTION:: ERROR  : error in bf4_proc_CASE when X = 0001
# EXECUTION:: Time: 15 ns,  Iteration: 0,  Instance: /bf4_test_tb,  Process: output_verify.
# EXECUTION:: NOTE   : at 30000 ps all Ys changed
# EXECUTION:: Time: 30 ns,  Iteration: 4,  Instance: /bf4_test_tb,  Process: output_verify.
# EXECUTION:: ERROR  : error in bf4_conc_CA when X = 0011
# EXECUTION:: Time: 35 ns,  Iteration: 0,  Instance: /bf4_test_tb,  Process: output_verify.
# EXECUTION:: ERROR  : error in bf4_conc_WS when X = 0011
# EXECUTION:: Time: 35 ns,  Iteration: 0,  Instance: /bf4_test_tb,  Process: output_verify.
# EXECUTION:: ERROR  : error in bf4_const when X = 0011
# EXECUTION:: Time: 35 ns,  Iteration: 0,  Instance: /bf4_test_tb,  Process: output_verify.
# EXECUTION:: ERROR  : error in bf4_proc_IF when X = 0011
# EXECUTION:: Time: 35 ns,  Iteration: 0,  Instance: /bf4_test_tb,  Process: output_verify.
# EXECUTION:: ERROR  : error in bf4_proc_CASE when X = 0011
# EXECUTION:: Time: 35 ns,  Iteration: 0,  Instance: /bf4_test_tb,  Process: output_verify.
# EXECUTION:: NOTE   : at 40000 ps all Ys changed
# EXECUTION:: Time: 40 ns,  Iteration: 4,  Instance: /bf4_test_tb,  Process: output_verify.
# EXECUTION:: ERROR  : error in bf4_conc_CA when X = 0100
# EXECUTION:: Time: 45 ns,  Iteration: 0,  Instance: /bf4_test_tb,  Process: output_verify.
# EXECUTION:: ERROR  : error in bf4_conc_WS when X = 0100
# EXECUTION:: Time: 45 ns,  Iteration: 0,  Instance: /bf4_test_tb,  Process: output_verify.
# EXECUTION:: ERROR  : error in bf4_const when X = 0100
# EXECUTION:: Time: 45 ns,  Iteration: 0,  Instance: /bf4_test_tb,  Process: output_verify.
# EXECUTION:: ERROR  : error in bf4_proc_IF when X = 0100
# EXECUTION:: Time: 45 ns,  Iteration: 0,  Instance: /bf4_test_tb,  Process: output_verify.
# EXECUTION:: ERROR  : error in bf4_proc_CASE when X = 0100
# EXECUTION:: Time: 45 ns,  Iteration: 0,  Instance: /bf4_test_tb,  Process: output_verify.
# EXECUTION:: NOTE   : at 50000 ps all Ys changed
# EXECUTION:: Time: 50 ns,  Iteration: 4,  Instance: /bf4_test_tb,  Process: output_verify.
# EXECUTION:: ERROR  : error in bf4_conc_CA when X = 0101
# EXECUTION:: Time: 55 ns,  Iteration: 0,  Instance: /bf4_test_tb,  Process: output_verify.
# EXECUTION:: ERROR  : error in bf4_conc_WS when X = 0101
# EXECUTION:: Time: 55 ns,  Iteration: 0,  Instance: /bf4_test_tb,  Process: output_verify.
# EXECUTION:: ERROR  : error in bf4_const when X = 0101
# EXECUTION:: Time: 55 ns,  Iteration: 0,  Instance: /bf4_test_tb,  Process: output_verify.
# EXECUTION:: ERROR  : error in bf4_proc_IF when X = 0101
# EXECUTION:: Time: 55 ns,  Iteration: 0,  Instance: /bf4_test_tb,  Process: output_verify.
# EXECUTION:: ERROR  : error in bf4_proc_CASE when X = 0101
# EXECUTION:: Time: 55 ns,  Iteration: 0,  Instance: /bf4_test_tb,  Process: output_verify.
# EXECUTION:: NOTE   : at 60000 ps all Ys changed
# EXECUTION:: Time: 60 ns,  Iteration: 4,  Instance: /bf4_test_tb,  Process: output_verify.
# EXECUTION:: ERROR  : error in bf4_conc_CA when X = 0110
# EXECUTION:: Time: 65 ns,  Iteration: 0,  Instance: /bf4_test_tb,  Process: output_verify.
# EXECUTION:: ERROR  : error in bf4_conc_WS when X = 0110
# EXECUTION:: Time: 65 ns,  Iteration: 0,  Instance: /bf4_test_tb,  Process: output_verify.
# EXECUTION:: ERROR  : error in bf4_const when X = 0110
# EXECUTION:: Time: 65 ns,  Iteration: 0,  Instance: /bf4_test_tb,  Process: output_verify.
# EXECUTION:: ERROR  : error in bf4_proc_IF when X = 0110
# EXECUTION:: Time: 65 ns,  Iteration: 0,  Instance: /bf4_test_tb,  Process: output_verify.
# EXECUTION:: ERROR  : error in bf4_proc_CASE when X = 0110
# EXECUTION:: Time: 65 ns,  Iteration: 0,  Instance: /bf4_test_tb,  Process: output_verify.
# EXECUTION:: NOTE   : at 80000 ps all Ys changed
# EXECUTION:: Time: 80 ns,  Iteration: 4,  Instance: /bf4_test_tb,  Process: output_verify.
# EXECUTION:: NOTE   : at 90000 ps all Ys changed
# EXECUTION:: Time: 90 ns,  Iteration: 4,  Instance: /bf4_test_tb,  Process: output_verify.
# EXECUTION:: ERROR  : error in bf4_conc_CA when X = 1001
# EXECUTION:: Time: 95 ns,  Iteration: 0,  Instance: /bf4_test_tb,  Process: output_verify.
# EXECUTION:: ERROR  : error in bf4_conc_WS when X = 1001
# EXECUTION:: Time: 95 ns,  Iteration: 0,  Instance: /bf4_test_tb,  Process: output_verify.
# EXECUTION:: ERROR  : error in bf4_const when X = 1001
# EXECUTION:: Time: 95 ns,  Iteration: 0,  Instance: /bf4_test_tb,  Process: output_verify.
# EXECUTION:: ERROR  : error in bf4_proc_IF when X = 1001
# EXECUTION:: Time: 95 ns,  Iteration: 0,  Instance: /bf4_test_tb,  Process: output_verify.
# EXECUTION:: ERROR  : error in bf4_proc_CASE when X = 1001
# EXECUTION:: Time: 95 ns,  Iteration: 0,  Instance: /bf4_test_tb,  Process: output_verify.
# EXECUTION:: NOTE   : at 110000 ps all Ys changed
# EXECUTION:: Time: 110 ns,  Iteration: 4,  Instance: /bf4_test_tb,  Process: output_verify.
# EXECUTION:: ERROR  : error in bf4_conc_CA when X = 1011
# EXECUTION:: Time: 115 ns,  Iteration: 0,  Instance: /bf4_test_tb,  Process: output_verify.
# EXECUTION:: ERROR  : error in bf4_conc_WS when X = 1011
# EXECUTION:: Time: 115 ns,  Iteration: 0,  Instance: /bf4_test_tb,  Process: output_verify.
# EXECUTION:: ERROR  : error in bf4_const when X = 1011
# EXECUTION:: Time: 115 ns,  Iteration: 0,  Instance: /bf4_test_tb,  Process: output_verify.
# EXECUTION:: ERROR  : error in bf4_proc_IF when X = 1011
# EXECUTION:: Time: 115 ns,  Iteration: 0,  Instance: /bf4_test_tb,  Process: output_verify.
# EXECUTION:: ERROR  : error in bf4_proc_CASE when X = 1011
# EXECUTION:: Time: 115 ns,  Iteration: 0,  Instance: /bf4_test_tb,  Process: output_verify.
# EXECUTION:: NOTE   : at 120000 ps all Ys changed
# EXECUTION:: Time: 120 ns,  Iteration: 4,  Instance: /bf4_test_tb,  Process: output_verify.
# EXECUTION:: ERROR  : error in bf4_conc_CA when X = 1100
# EXECUTION:: Time: 125 ns,  Iteration: 0,  Instance: /bf4_test_tb,  Process: output_verify.
# EXECUTION:: ERROR  : error in bf4_conc_WS when X = 1100
# EXECUTION:: Time: 125 ns,  Iteration: 0,  Instance: /bf4_test_tb,  Process: output_verify.
# EXECUTION:: ERROR  : error in bf4_const when X = 1100
# EXECUTION:: Time: 125 ns,  Iteration: 0,  Instance: /bf4_test_tb,  Process: output_verify.
# EXECUTION:: ERROR  : error in bf4_proc_IF when X = 1100
# EXECUTION:: Time: 125 ns,  Iteration: 0,  Instance: /bf4_test_tb,  Process: output_verify.
# EXECUTION:: ERROR  : error in bf4_proc_CASE when X = 1100
# EXECUTION:: Time: 125 ns,  Iteration: 0,  Instance: /bf4_test_tb,  Process: output_verify.
# EXECUTION:: NOTE   : at 130000 ps all Ys changed
# EXECUTION:: Time: 130 ns,  Iteration: 4,  Instance: /bf4_test_tb,  Process: output_verify.
# EXECUTION:: ERROR  : error in bf4_conc_CA when X = 1101
# EXECUTION:: Time: 135 ns,  Iteration: 0,  Instance: /bf4_test_tb,  Process: output_verify.
# EXECUTION:: ERROR  : error in bf4_conc_WS when X = 1101
# EXECUTION:: Time: 135 ns,  Iteration: 0,  Instance: /bf4_test_tb,  Process: output_verify.
# EXECUTION:: ERROR  : error in bf4_const when X = 1101
# EXECUTION:: Time: 135 ns,  Iteration: 0,  Instance: /bf4_test_tb,  Process: output_verify.
# EXECUTION:: ERROR  : error in bf4_proc_IF when X = 1101
# EXECUTION:: Time: 135 ns,  Iteration: 0,  Instance: /bf4_test_tb,  Process: output_verify.
# EXECUTION:: ERROR  : error in bf4_proc_CASE when X = 1101
# EXECUTION:: Time: 135 ns,  Iteration: 0,  Instance: /bf4_test_tb,  Process: output_verify.
# EXECUTION:: NOTE   : at 140000 ps all Ys changed
# EXECUTION:: Time: 140 ns,  Iteration: 4,  Instance: /bf4_test_tb,  Process: output_verify.
# EXECUTION:: ERROR  : error in bf4_conc_CA when X = 1110
# EXECUTION:: Time: 145 ns,  Iteration: 0,  Instance: /bf4_test_tb,  Process: output_verify.
# EXECUTION:: ERROR  : error in bf4_conc_WS when X = 1110
# EXECUTION:: Time: 145 ns,  Iteration: 0,  Instance: /bf4_test_tb,  Process: output_verify.
# EXECUTION:: ERROR  : error in bf4_const when X = 1110
# EXECUTION:: Time: 145 ns,  Iteration: 0,  Instance: /bf4_test_tb,  Process: output_verify.
# EXECUTION:: ERROR  : error in bf4_proc_IF when X = 1110
# EXECUTION:: Time: 145 ns,  Iteration: 0,  Instance: /bf4_test_tb,  Process: output_verify.
# EXECUTION:: ERROR  : error in bf4_proc_CASE when X = 1110
# EXECUTION:: Time: 145 ns,  Iteration: 0,  Instance: /bf4_test_tb,  Process: output_verify.
# EXECUTION:: NOTE   : at 150000 ps all Ys changed
# EXECUTION:: Time: 150 ns,  Iteration: 4,  Instance: /bf4_test_tb,  Process: output_verify.
# KERNEL: WARNING: NUMERIC_STD.TO_INTEGER: metavalue detected, returning 0
# KERNEL: Time: 160 ns,  Iteration: 1,  Instance: /bf4_test_tb/UUT3,  Process: line__22.
# EXECUTION:: NOTE   : at 160000 ps all Ys changed
# EXECUTION:: Time: 160 ns,  Iteration: 2,  Instance: /bf4_test_tb,  Process: output_verify.
# EXECUTION:: ERROR  : Assertion violation.
# EXECUTION:: Time: 165 ns,  Iteration: 0,  Instance: /bf4_test_tb,  Process: output_verify.
# KERNEL: WARNING: NUMERIC_STD.TO_INTEGER: metavalue detected, returning 0
# KERNEL: Time: 170 ns,  Iteration: 1,  Instance: /bf4_test_tb/UUT3,  Process: line__22.
# KERNEL: WARNING: NUMERIC_STD.TO_INTEGER: metavalue detected, returning 0
# KERNEL: Time: 180 ns,  Iteration: 1,  Instance: /bf4_test_tb/UUT3,  Process: line__22.
# KERNEL: WARNING: NUMERIC_STD.TO_INTEGER: metavalue detected, returning 0
# KERNEL: Time: 190 ns,  Iteration: 1,  Instance: /bf4_test_tb/UUT3,  Process: line__22.
# KERNEL: WARNING: NUMERIC_STD.TO_INTEGER: metavalue detected, returning 0
# KERNEL: Time: 200 ns,  Iteration: 1,  Instance: /bf4_test_tb/UUT3,  Process: line__22.
# KERNEL: WARNING: NUMERIC_STD.TO_INTEGER: metavalue detected, returning 0
# KERNEL: Time: 210 ns,  Iteration: 1,  Instance: /bf4_test_tb/UUT3,  Process: line__22.
# KERNEL: WARNING: NUMERIC_STD.TO_INTEGER: metavalue detected, returning 0
# KERNEL: Time: 220 ns,  Iteration: 1,  Instance: /bf4_test_tb/UUT3,  Process: line__22.
# KERNEL: WARNING: NUMERIC_STD.TO_INTEGER: metavalue detected, returning 0
# KERNEL: Time: 230 ns,  Iteration: 1,  Instance: /bf4_test_tb/UUT3,  Process: line__22.
# KERNEL: stopped at time: 350 ns
# KERNEL: Simulation has finished. There are no more test vectors to simulate.
SetActiveLib -work
comp -include "$dsn\src\bf4_conc_CA.vhd" 
# Compile Entity "bf4_conc_CA"
# Compile Architecture "bf4_conc_CA" of Entity "bf4_conc_CA"
# Compile success 0 Errors 0 Warnings  Analysis time :  15.0 [ms]
comp -include "$dsn\src\bf4_conc_WS.vhd"
# Compile Entity "bf4_conc_WS"
# Compile Architecture "bf4_conc_WS" of Entity "bf4_conc_WS"
# Compile success 0 Errors 0 Warnings  Analysis time :  16.0 [ms]
comp -include "$dsn\src\bf4_const.vhd"
# Compile Entity "bf4_const"
# Compile Architecture "bf4_const" of Entity "bf4_const"
# Compile success 0 Errors 0 Warnings  Analysis time :  32.0 [ms]
comp -include "$dsn\src\bf4_logic.vhd"
# Compile Entity "bf4_logic"
# Compile Architecture "bf4_logic" of Entity "bf4_logic"
# Compile success 0 Errors 0 Warnings  Analysis time :  31.0 [ms]
comp -include "$dsn\src\bf4_proc_IF.vhd"
# Compile Entity "bf4_proc_IF"
# Compile Architecture "bf4_proc_IF" of Entity "bf4_proc_IF"
# Compile success 0 Errors 0 Warnings  Analysis time :  31.0 [ms]
comp -include "$dsn\src\bf4_proc_CASE.vhd"
# Compile Entity "bf4_proc_CASE"
# Compile Architecture "bf4_proc_CASE" of Entity "bf4_proc_CASE"
# Compile success 0 Errors 0 Warnings  Analysis time :  16.0 [ms]
comp -include "$dsn\src\bf4_K2_TB.vhd" 
# Compile Entity "bf4_test_tb"
# Compile Architecture "bf4_test_tb" of Entity "bf4_test_tb"
# Compile success 0 Errors 0 Warnings  Analysis time :  31.0 [ms]
asim +access +r bf4_test_tb 
# VSIM: Simulation has finished.
# ELBREAD: Elaboration process.
# ELBREAD: Elaboration time 0.0 [s].
# VSIM: Stack memory: 32MB
# VSIM: Retval memory: 32MB
# 
# KERNEL: Main thread initiated.
# KERNEL: Kernel process initialization phase.
# ELAB2: Elaboration final pass...
# ELAB2: Create instances ...
# KERNEL: Time resolution set to 1ps.
# ELAB2: Create instances complete.
# SLP: Started
# SLP: Elaboration phase ...
# SLP: Elaboration phase ... skipped, nothing to simulate in SLP mode : 0.0 [s]
# SLP: Finished : 0.0 [s]
# ELAB2: Elaboration final pass complete - time: 0.0 [s].
# KERNEL: Warning: You are using the Active-HDL Student Edition. The performance of simulation is running at a reduced rate.
# KERNEL: Warning: Contact Aldec for available upgrade options - sales@aldec.com.
# KERNEL: Kernel process initialization done.
# Allocation: Simulator allocated 6487 kB (elbread=427 elab2=5920 kernel=139 sdf=0)
# KERNEL: ASDB file was created in location D:\students\IKM722a_Vorontsov\vhdl\LAB_2\LAB_2\src\wave.asdb
#  14:39, 23 травня 2026 р.
#  Simulation has been initialized
# Waveform file 'untitled.awc' connected to 'D:/students/IKM722a_Vorontsov/vhdl/LAB_2/LAB_2/src/wave.asdb'.
# Waveform file 'untitled.awc' connected to 'D:/students/IKM722a_Vorontsov/vhdl/LAB_2/LAB_2/src/wave.asdb'.
# KERNEL: Warning: KERNEL_0291 Object "/bf4_test_tb/X" has already been traced.
# KERNEL: Warning: KERNEL_0291 Object "/bf4_test_tb/Y_conc_CA" has already been traced.
# KERNEL: Warning: KERNEL_0291 Object "/bf4_test_tb/Y_conc_WS" has already been traced.
# KERNEL: Warning: KERNEL_0291 Object "/bf4_test_tb/Y_const" has already been traced.
# KERNEL: Warning: KERNEL_0291 Object "/bf4_test_tb/Y_logic" has already been traced.
# KERNEL: Warning: KERNEL_0291 Object "/bf4_test_tb/Y_proc_IF" has already been traced.
# KERNEL: Warning: KERNEL_0291 Object "/bf4_test_tb/Y_proc_CASE" has already been traced.
# KERNEL: Warning: KERNEL_0291 Object "/bf4_test_tb/TEST_PHASE" has already been traced.
# KERNEL: Warning: KERNEL_0291 Object "/bf4_test_tb/VERIF_STATE" has already been traced.
# Waveform file 'untitled.awc' connected to 'D:/students/IKM722a_Vorontsov/vhdl/LAB_2/LAB_2/src/wave.asdb'.
# KERNEL: Warning: KERNEL_0291 Object "/bf4_test_tb/X" has already been traced.
# KERNEL: Warning: KERNEL_0291 Object "/bf4_test_tb/Y_conc_CA" has already been traced.
# KERNEL: Warning: KERNEL_0291 Object "/bf4_test_tb/Y_conc_WS" has already been traced.
# KERNEL: Warning: KERNEL_0291 Object "/bf4_test_tb/Y_const" has already been traced.
# KERNEL: Warning: KERNEL_0291 Object "/bf4_test_tb/Y_logic" has already been traced.
# KERNEL: Warning: KERNEL_0291 Object "/bf4_test_tb/Y_proc_IF" has already been traced.
# KERNEL: Warning: KERNEL_0291 Object "/bf4_test_tb/Y_proc_CASE" has already been traced.
# KERNEL: Warning: KERNEL_0291 Object "/bf4_test_tb/TEST_PHASE" has already been traced.
# KERNEL: Warning: KERNEL_0291 Object "/bf4_test_tb/VERIF_STATE" has already been traced.
# Waveform file 'untitled.awc' connected to 'D:/students/IKM722a_Vorontsov/vhdl/LAB_2/LAB_2/src/wave.asdb'.
# KERNEL: Warning: KERNEL_0291 Object "/bf4_test_tb/X" has already been traced.
# KERNEL: Warning: KERNEL_0291 Object "/bf4_test_tb/Y_conc_CA" has already been traced.
# KERNEL: Warning: KERNEL_0291 Object "/bf4_test_tb/Y_conc_WS" has already been traced.
# KERNEL: Warning: KERNEL_0291 Object "/bf4_test_tb/Y_const" has already been traced.
# KERNEL: Warning: KERNEL_0291 Object "/bf4_test_tb/Y_logic" has already been traced.
# KERNEL: Warning: KERNEL_0291 Object "/bf4_test_tb/Y_proc_IF" has already been traced.
# KERNEL: Warning: KERNEL_0291 Object "/bf4_test_tb/Y_proc_CASE" has already been traced.
# KERNEL: Warning: KERNEL_0291 Object "/bf4_test_tb/TEST_PHASE" has already been traced.
# KERNEL: Warning: KERNEL_0291 Object "/bf4_test_tb/VERIF_STATE" has already been traced.
wave 
wave -noreg X
wave -noreg Y_conc_CA
wave -noreg Y_conc_WS
wave -noreg Y_const  
wave -noreg Y_logic
wave -noreg Y_proc_IF
wave -noreg Y_proc_CASE
wave -noreg TEST_PHASE
wave -noreg VERIF_STATE
run 350 ns
# KERNEL: Warning: KERNEL_0291 Object "/bf4_test_tb/X" has already been traced.
# KERNEL: Warning: KERNEL_0291 Object "/bf4_test_tb/Y_conc_CA" has already been traced.
# KERNEL: Warning: KERNEL_0291 Object "/bf4_test_tb/Y_conc_WS" has already been traced.
# KERNEL: Warning: KERNEL_0291 Object "/bf4_test_tb/Y_const" has already been traced.
# KERNEL: Warning: KERNEL_0291 Object "/bf4_test_tb/Y_logic" has already been traced.
# KERNEL: Warning: KERNEL_0291 Object "/bf4_test_tb/Y_proc_IF" has already been traced.
# KERNEL: Warning: KERNEL_0291 Object "/bf4_test_tb/Y_proc_CASE" has already been traced.
# KERNEL: Warning: KERNEL_0291 Object "/bf4_test_tb/TEST_PHASE" has already been traced.
# KERNEL: Warning: KERNEL_0291 Object "/bf4_test_tb/VERIF_STATE" has already been traced.
# VSIM: 0 object(s) traced.
# Waveform file 'untitled.awc' connected to 'D:/students/IKM722a_Vorontsov/vhdl/LAB_2/LAB_2/src/wave.asdb'.
# KERNEL: WARNING: NUMERIC_STD.TO_INTEGER: metavalue detected, returning 0
# KERNEL: Time: 0 ps,  Iteration: 0,  Instance: /bf4_test_tb/UUT3,  Process: line__22.
# EXECUTION:: NOTE   : at 0 ps all Ys changed
# EXECUTION:: Time: 0 ps,  Iteration: 3,  Instance: /bf4_test_tb,  Process: output_verify.
# EXECUTION:: ERROR  : error in bf4_conc_CA when X = 0000
# EXECUTION:: Time: 5 ns,  Iteration: 0,  Instance: /bf4_test_tb,  Process: output_verify.
# EXECUTION:: ERROR  : error in bf4_conc_WS when X = 0000
# EXECUTION:: Time: 5 ns,  Iteration: 0,  Instance: /bf4_test_tb,  Process: output_verify.
# EXECUTION:: ERROR  : error in bf4_const when X = 0000
# EXECUTION:: Time: 5 ns,  Iteration: 0,  Instance: /bf4_test_tb,  Process: output_verify.
# EXECUTION:: ERROR  : error in bf4_proc_IF when X = 0000
# EXECUTION:: Time: 5 ns,  Iteration: 0,  Instance: /bf4_test_tb,  Process: output_verify.
# EXECUTION:: ERROR  : error in bf4_proc_CASE when X = 0000
# EXECUTION:: Time: 5 ns,  Iteration: 0,  Instance: /bf4_test_tb,  Process: output_verify.
# EXECUTION:: NOTE   : at 10000 ps all Ys changed
# EXECUTION:: Time: 10 ns,  Iteration: 3,  Instance: /bf4_test_tb,  Process: output_verify.
# EXECUTION:: ERROR  : error in bf4_conc_CA when X = 0001
# EXECUTION:: Time: 15 ns,  Iteration: 0,  Instance: /bf4_test_tb,  Process: output_verify.
# EXECUTION:: ERROR  : error in bf4_conc_WS when X = 0001
# EXECUTION:: Time: 15 ns,  Iteration: 0,  Instance: /bf4_test_tb,  Process: output_verify.
# EXECUTION:: ERROR  : error in bf4_const when X = 0001
# EXECUTION:: Time: 15 ns,  Iteration: 0,  Instance: /bf4_test_tb,  Process: output_verify.
# EXECUTION:: ERROR  : error in bf4_proc_IF when X = 0001
# EXECUTION:: Time: 15 ns,  Iteration: 0,  Instance: /bf4_test_tb,  Process: output_verify.
# EXECUTION:: ERROR  : error in bf4_proc_CASE when X = 0001
# EXECUTION:: Time: 15 ns,  Iteration: 0,  Instance: /bf4_test_tb,  Process: output_verify.
# EXECUTION:: NOTE   : at 30000 ps all Ys changed
# EXECUTION:: Time: 30 ns,  Iteration: 3,  Instance: /bf4_test_tb,  Process: output_verify.
# EXECUTION:: ERROR  : error in bf4_conc_CA when X = 0011
# EXECUTION:: Time: 35 ns,  Iteration: 0,  Instance: /bf4_test_tb,  Process: output_verify.
# EXECUTION:: ERROR  : error in bf4_conc_WS when X = 0011
# EXECUTION:: Time: 35 ns,  Iteration: 0,  Instance: /bf4_test_tb,  Process: output_verify.
# EXECUTION:: ERROR  : error in bf4_const when X = 0011
# EXECUTION:: Time: 35 ns,  Iteration: 0,  Instance: /bf4_test_tb,  Process: output_verify.
# EXECUTION:: ERROR  : error in bf4_proc_IF when X = 0011
# EXECUTION:: Time: 35 ns,  Iteration: 0,  Instance: /bf4_test_tb,  Process: output_verify.
# EXECUTION:: ERROR  : error in bf4_proc_CASE when X = 0011
# EXECUTION:: Time: 35 ns,  Iteration: 0,  Instance: /bf4_test_tb,  Process: output_verify.
# EXECUTION:: NOTE   : at 50000 ps all Ys changed
# EXECUTION:: Time: 50 ns,  Iteration: 3,  Instance: /bf4_test_tb,  Process: output_verify.
# EXECUTION:: ERROR  : error in bf4_conc_CA when X = 0101
# EXECUTION:: Time: 55 ns,  Iteration: 0,  Instance: /bf4_test_tb,  Process: output_verify.
# EXECUTION:: ERROR  : error in bf4_conc_WS when X = 0101
# EXECUTION:: Time: 55 ns,  Iteration: 0,  Instance: /bf4_test_tb,  Process: output_verify.
# EXECUTION:: ERROR  : error in bf4_const when X = 0101
# EXECUTION:: Time: 55 ns,  Iteration: 0,  Instance: /bf4_test_tb,  Process: output_verify.
# EXECUTION:: ERROR  : error in bf4_proc_IF when X = 0101
# EXECUTION:: Time: 55 ns,  Iteration: 0,  Instance: /bf4_test_tb,  Process: output_verify.
# EXECUTION:: ERROR  : error in bf4_proc_CASE when X = 0101
# EXECUTION:: Time: 55 ns,  Iteration: 0,  Instance: /bf4_test_tb,  Process: output_verify.
# EXECUTION:: NOTE   : at 60000 ps all Ys changed
# EXECUTION:: Time: 60 ns,  Iteration: 3,  Instance: /bf4_test_tb,  Process: output_verify.
# EXECUTION:: ERROR  : error in bf4_logic when X = 0110
# EXECUTION:: Time: 65 ns,  Iteration: 0,  Instance: /bf4_test_tb,  Process: output_verify.
# EXECUTION:: ERROR  : error in bf4_conc_CA when X = 0110
# EXECUTION:: Time: 65 ns,  Iteration: 0,  Instance: /bf4_test_tb,  Process: output_verify.
# EXECUTION:: ERROR  : error in bf4_conc_WS when X = 0110
# EXECUTION:: Time: 65 ns,  Iteration: 0,  Instance: /bf4_test_tb,  Process: output_verify.
# EXECUTION:: ERROR  : error in bf4_const when X = 0110
# EXECUTION:: Time: 65 ns,  Iteration: 0,  Instance: /bf4_test_tb,  Process: output_verify.
# EXECUTION:: ERROR  : error in bf4_proc_IF when X = 0110
# EXECUTION:: Time: 65 ns,  Iteration: 0,  Instance: /bf4_test_tb,  Process: output_verify.
# EXECUTION:: ERROR  : error in bf4_proc_CASE when X = 0110
# EXECUTION:: Time: 65 ns,  Iteration: 0,  Instance: /bf4_test_tb,  Process: output_verify.
# EXECUTION:: NOTE   : at 70000 ps all Ys changed
# EXECUTION:: Time: 70 ns,  Iteration: 3,  Instance: /bf4_test_tb,  Process: output_verify.
# EXECUTION:: ERROR  : error in bf4_conc_CA when X = 0111
# EXECUTION:: Time: 75 ns,  Iteration: 0,  Instance: /bf4_test_tb,  Process: output_verify.
# EXECUTION:: ERROR  : error in bf4_conc_WS when X = 0111
# EXECUTION:: Time: 75 ns,  Iteration: 0,  Instance: /bf4_test_tb,  Process: output_verify.
# EXECUTION:: ERROR  : error in bf4_const when X = 0111
# EXECUTION:: Time: 75 ns,  Iteration: 0,  Instance: /bf4_test_tb,  Process: output_verify.
# EXECUTION:: ERROR  : error in bf4_proc_IF when X = 0111
# EXECUTION:: Time: 75 ns,  Iteration: 0,  Instance: /bf4_test_tb,  Process: output_verify.
# EXECUTION:: ERROR  : error in bf4_proc_CASE when X = 0111
# EXECUTION:: Time: 75 ns,  Iteration: 0,  Instance: /bf4_test_tb,  Process: output_verify.
# EXECUTION:: NOTE   : at 80000 ps all Ys changed
# EXECUTION:: Time: 80 ns,  Iteration: 3,  Instance: /bf4_test_tb,  Process: output_verify.
# EXECUTION:: NOTE   : at 90000 ps all Ys changed
# EXECUTION:: Time: 90 ns,  Iteration: 3,  Instance: /bf4_test_tb,  Process: output_verify.
# EXECUTION:: ERROR  : error in bf4_conc_CA when X = 1001
# EXECUTION:: Time: 95 ns,  Iteration: 0,  Instance: /bf4_test_tb,  Process: output_verify.
# EXECUTION:: ERROR  : error in bf4_conc_WS when X = 1001
# EXECUTION:: Time: 95 ns,  Iteration: 0,  Instance: /bf4_test_tb,  Process: output_verify.
# EXECUTION:: ERROR  : error in bf4_const when X = 1001
# EXECUTION:: Time: 95 ns,  Iteration: 0,  Instance: /bf4_test_tb,  Process: output_verify.
# EXECUTION:: ERROR  : error in bf4_proc_IF when X = 1001
# EXECUTION:: Time: 95 ns,  Iteration: 0,  Instance: /bf4_test_tb,  Process: output_verify.
# EXECUTION:: ERROR  : error in bf4_proc_CASE when X = 1001
# EXECUTION:: Time: 95 ns,  Iteration: 0,  Instance: /bf4_test_tb,  Process: output_verify.
# EXECUTION:: NOTE   : at 110000 ps all Ys changed
# EXECUTION:: Time: 110 ns,  Iteration: 3,  Instance: /bf4_test_tb,  Process: output_verify.
# EXECUTION:: ERROR  : error in bf4_logic when X = 1011
# EXECUTION:: Time: 115 ns,  Iteration: 0,  Instance: /bf4_test_tb,  Process: output_verify.
# EXECUTION:: ERROR  : error in bf4_conc_CA when X = 1011
# EXECUTION:: Time: 115 ns,  Iteration: 0,  Instance: /bf4_test_tb,  Process: output_verify.
# EXECUTION:: ERROR  : error in bf4_conc_WS when X = 1011
# EXECUTION:: Time: 115 ns,  Iteration: 0,  Instance: /bf4_test_tb,  Process: output_verify.
# EXECUTION:: ERROR  : error in bf4_const when X = 1011
# EXECUTION:: Time: 115 ns,  Iteration: 0,  Instance: /bf4_test_tb,  Process: output_verify.
# EXECUTION:: ERROR  : error in bf4_proc_IF when X = 1011
# EXECUTION:: Time: 115 ns,  Iteration: 0,  Instance: /bf4_test_tb,  Process: output_verify.
# EXECUTION:: ERROR  : error in bf4_proc_CASE when X = 1011
# EXECUTION:: Time: 115 ns,  Iteration: 0,  Instance: /bf4_test_tb,  Process: output_verify.
# EXECUTION:: NOTE   : at 120000 ps all Ys changed
# EXECUTION:: Time: 120 ns,  Iteration: 3,  Instance: /bf4_test_tb,  Process: output_verify.
# EXECUTION:: ERROR  : error in bf4_conc_CA when X = 1100
# EXECUTION:: Time: 125 ns,  Iteration: 0,  Instance: /bf4_test_tb,  Process: output_verify.
# EXECUTION:: ERROR  : error in bf4_conc_WS when X = 1100
# EXECUTION:: Time: 125 ns,  Iteration: 0,  Instance: /bf4_test_tb,  Process: output_verify.
# EXECUTION:: ERROR  : error in bf4_const when X = 1100
# EXECUTION:: Time: 125 ns,  Iteration: 0,  Instance: /bf4_test_tb,  Process: output_verify.
# EXECUTION:: ERROR  : error in bf4_proc_IF when X = 1100
# EXECUTION:: Time: 125 ns,  Iteration: 0,  Instance: /bf4_test_tb,  Process: output_verify.
# EXECUTION:: ERROR  : error in bf4_proc_CASE when X = 1100
# EXECUTION:: Time: 125 ns,  Iteration: 0,  Instance: /bf4_test_tb,  Process: output_verify.
# EXECUTION:: NOTE   : at 130000 ps all Ys changed
# EXECUTION:: Time: 130 ns,  Iteration: 3,  Instance: /bf4_test_tb,  Process: output_verify.
# EXECUTION:: ERROR  : error in bf4_conc_CA when X = 1101
# EXECUTION:: Time: 135 ns,  Iteration: 0,  Instance: /bf4_test_tb,  Process: output_verify.
# EXECUTION:: ERROR  : error in bf4_conc_WS when X = 1101
# EXECUTION:: Time: 135 ns,  Iteration: 0,  Instance: /bf4_test_tb,  Process: output_verify.
# EXECUTION:: ERROR  : error in bf4_const when X = 1101
# EXECUTION:: Time: 135 ns,  Iteration: 0,  Instance: /bf4_test_tb,  Process: output_verify.
# EXECUTION:: ERROR  : error in bf4_proc_IF when X = 1101
# EXECUTION:: Time: 135 ns,  Iteration: 0,  Instance: /bf4_test_tb,  Process: output_verify.
# EXECUTION:: ERROR  : error in bf4_proc_CASE when X = 1101
# EXECUTION:: Time: 135 ns,  Iteration: 0,  Instance: /bf4_test_tb,  Process: output_verify.
# EXECUTION:: NOTE   : at 140000 ps all Ys changed
# EXECUTION:: Time: 140 ns,  Iteration: 3,  Instance: /bf4_test_tb,  Process: output_verify.
# EXECUTION:: ERROR  : error in bf4_logic when X = 1110
# EXECUTION:: Time: 145 ns,  Iteration: 0,  Instance: /bf4_test_tb,  Process: output_verify.
# EXECUTION:: ERROR  : error in bf4_conc_CA when X = 1110
# EXECUTION:: Time: 145 ns,  Iteration: 0,  Instance: /bf4_test_tb,  Process: output_verify.
# EXECUTION:: ERROR  : error in bf4_conc_WS when X = 1110
# EXECUTION:: Time: 145 ns,  Iteration: 0,  Instance: /bf4_test_tb,  Process: output_verify.
# EXECUTION:: ERROR  : error in bf4_const when X = 1110
# EXECUTION:: Time: 145 ns,  Iteration: 0,  Instance: /bf4_test_tb,  Process: output_verify.
# EXECUTION:: ERROR  : error in bf4_proc_IF when X = 1110
# EXECUTION:: Time: 145 ns,  Iteration: 0,  Instance: /bf4_test_tb,  Process: output_verify.
# EXECUTION:: ERROR  : error in bf4_proc_CASE when X = 1110
# EXECUTION:: Time: 145 ns,  Iteration: 0,  Instance: /bf4_test_tb,  Process: output_verify.
# EXECUTION:: NOTE   : at 150000 ps all Ys changed
# EXECUTION:: Time: 150 ns,  Iteration: 3,  Instance: /bf4_test_tb,  Process: output_verify.
# KERNEL: WARNING: NUMERIC_STD.TO_INTEGER: metavalue detected, returning 0
# KERNEL: Time: 160 ns,  Iteration: 1,  Instance: /bf4_test_tb/UUT3,  Process: line__22.
# EXECUTION:: NOTE   : at 160000 ps all Ys changed
# EXECUTION:: Time: 160 ns,  Iteration: 3,  Instance: /bf4_test_tb,  Process: output_verify.
# EXECUTION:: ERROR  : Assertion violation.
# EXECUTION:: Time: 165 ns,  Iteration: 0,  Instance: /bf4_test_tb,  Process: output_verify.
# EXECUTION:: ERROR  : Assertion violation.
# EXECUTION:: Time: 165 ns,  Iteration: 0,  Instance: /bf4_test_tb,  Process: output_verify.
# KERNEL: WARNING: NUMERIC_STD.TO_INTEGER: metavalue detected, returning 0
# KERNEL: Time: 170 ns,  Iteration: 1,  Instance: /bf4_test_tb/UUT3,  Process: line__22.
# EXECUTION:: NOTE   : at 170000 ps all Ys changed
# EXECUTION:: Time: 170 ns,  Iteration: 3,  Instance: /bf4_test_tb,  Process: output_verify.
# EXECUTION:: ERROR  : Assertion violation.
# EXECUTION:: Time: 175 ns,  Iteration: 0,  Instance: /bf4_test_tb,  Process: output_verify.
# EXECUTION:: ERROR  : Assertion violation.
# EXECUTION:: Time: 175 ns,  Iteration: 0,  Instance: /bf4_test_tb,  Process: output_verify.
# KERNEL: WARNING: NUMERIC_STD.TO_INTEGER: metavalue detected, returning 0
# KERNEL: Time: 180 ns,  Iteration: 1,  Instance: /bf4_test_tb/UUT3,  Process: line__22.
# EXECUTION:: NOTE   : at 180000 ps all Ys changed
# EXECUTION:: Time: 180 ns,  Iteration: 3,  Instance: /bf4_test_tb,  Process: output_verify.
# EXECUTION:: ERROR  : Assertion violation.
# EXECUTION:: Time: 185 ns,  Iteration: 0,  Instance: /bf4_test_tb,  Process: output_verify.
# EXECUTION:: ERROR  : Assertion violation.
# EXECUTION:: Time: 185 ns,  Iteration: 0,  Instance: /bf4_test_tb,  Process: output_verify.
# KERNEL: WARNING: NUMERIC_STD.TO_INTEGER: metavalue detected, returning 0
# KERNEL: Time: 190 ns,  Iteration: 1,  Instance: /bf4_test_tb/UUT3,  Process: line__22.
# KERNEL: WARNING: NUMERIC_STD.TO_INTEGER: metavalue detected, returning 0
# KERNEL: Time: 200 ns,  Iteration: 1,  Instance: /bf4_test_tb/UUT3,  Process: line__22.
# EXECUTION:: NOTE   : at 200000 ps all Ys changed
# EXECUTION:: Time: 200 ns,  Iteration: 3,  Instance: /bf4_test_tb,  Process: output_verify.
# EXECUTION:: ERROR  : Assertion violation.
# EXECUTION:: Time: 205 ns,  Iteration: 0,  Instance: /bf4_test_tb,  Process: output_verify.
# EXECUTION:: ERROR  : Assertion violation.
# EXECUTION:: Time: 205 ns,  Iteration: 0,  Instance: /bf4_test_tb,  Process: output_verify.
# KERNEL: WARNING: NUMERIC_STD.TO_INTEGER: metavalue detected, returning 0
# KERNEL: Time: 210 ns,  Iteration: 1,  Instance: /bf4_test_tb/UUT3,  Process: line__22.
# EXECUTION:: NOTE   : at 210000 ps all Ys changed
# EXECUTION:: Time: 210 ns,  Iteration: 3,  Instance: /bf4_test_tb,  Process: output_verify.
# EXECUTION:: ERROR  : Assertion violation.
# EXECUTION:: Time: 215 ns,  Iteration: 0,  Instance: /bf4_test_tb,  Process: output_verify.
# EXECUTION:: ERROR  : Assertion violation.
# EXECUTION:: Time: 215 ns,  Iteration: 0,  Instance: /bf4_test_tb,  Process: output_verify.
# KERNEL: WARNING: NUMERIC_STD.TO_INTEGER: metavalue detected, returning 0
# KERNEL: Time: 220 ns,  Iteration: 1,  Instance: /bf4_test_tb/UUT3,  Process: line__22.
# EXECUTION:: NOTE   : at 220000 ps all Ys changed
# EXECUTION:: Time: 220 ns,  Iteration: 3,  Instance: /bf4_test_tb,  Process: output_verify.
# EXECUTION:: ERROR  : Assertion violation.
# EXECUTION:: Time: 225 ns,  Iteration: 0,  Instance: /bf4_test_tb,  Process: output_verify.
# EXECUTION:: ERROR  : Assertion violation.
# EXECUTION:: Time: 225 ns,  Iteration: 0,  Instance: /bf4_test_tb,  Process: output_verify.
# KERNEL: WARNING: NUMERIC_STD.TO_INTEGER: metavalue detected, returning 0
# KERNEL: Time: 230 ns,  Iteration: 1,  Instance: /bf4_test_tb/UUT3,  Process: line__22.
# EXECUTION:: NOTE   : at 240000 ps all Ys changed
# EXECUTION:: Time: 240 ns,  Iteration: 3,  Instance: /bf4_test_tb,  Process: output_verify.
# EXECUTION:: ERROR  : Assertion violation.
# EXECUTION:: Time: 245 ns,  Iteration: 0,  Instance: /bf4_test_tb,  Process: output_verify.
# EXECUTION:: ERROR  : Assertion violation.
# EXECUTION:: Time: 245 ns,  Iteration: 0,  Instance: /bf4_test_tb,  Process: output_verify.
# EXECUTION:: NOTE   : at 250000 ps all Ys changed
# EXECUTION:: Time: 250 ns,  Iteration: 3,  Instance: /bf4_test_tb,  Process: output_verify.
# EXECUTION:: ERROR  : Assertion violation.
# EXECUTION:: Time: 255 ns,  Iteration: 0,  Instance: /bf4_test_tb,  Process: output_verify.
# EXECUTION:: ERROR  : Assertion violation.
# EXECUTION:: Time: 255 ns,  Iteration: 0,  Instance: /bf4_test_tb,  Process: output_verify.
# EXECUTION:: NOTE   : at 260000 ps all Ys changed
# EXECUTION:: Time: 260 ns,  Iteration: 3,  Instance: /bf4_test_tb,  Process: output_verify.
# EXECUTION:: ERROR  : Assertion violation.
# EXECUTION:: Time: 265 ns,  Iteration: 0,  Instance: /bf4_test_tb,  Process: output_verify.
# EXECUTION:: ERROR  : Assertion violation.
# EXECUTION:: Time: 265 ns,  Iteration: 0,  Instance: /bf4_test_tb,  Process: output_verify.
# EXECUTION:: NOTE   : at 280000 ps all Ys changed
# EXECUTION:: Time: 280 ns,  Iteration: 3,  Instance: /bf4_test_tb,  Process: output_verify.
# EXECUTION:: ERROR  : Assertion violation.
# EXECUTION:: Time: 285 ns,  Iteration: 0,  Instance: /bf4_test_tb,  Process: output_verify.
# EXECUTION:: ERROR  : Assertion violation.
# EXECUTION:: Time: 285 ns,  Iteration: 0,  Instance: /bf4_test_tb,  Process: output_verify.
# KERNEL: stopped at time: 350 ns
# KERNEL: Simulation has finished. There are no more test vectors to simulate.
SetActiveLib -work
comp -include "$dsn\src\bf4_conc_CA.vhd" 
# Compile Entity "bf4_conc_CA"
# Compile Architecture "bf4_conc_CA" of Entity "bf4_conc_CA"
# Compile success 0 Errors 0 Warnings  Analysis time :  16.0 [ms]
comp -include "$dsn\src\bf4_conc_WS.vhd"
# Compile Entity "bf4_conc_WS"
# Compile Architecture "bf4_conc_WS" of Entity "bf4_conc_WS"
# Compile success 0 Errors 0 Warnings  Analysis time :  16.0 [ms]
comp -include "$dsn\src\bf4_const.vhd"
# Compile Entity "bf4_const"
# Compile Architecture "bf4_const" of Entity "bf4_const"
# Compile success 0 Errors 0 Warnings  Analysis time :  16.0 [ms]
comp -include "$dsn\src\bf4_logic.vhd"
# Compile Entity "bf4_logic"
# Compile Architecture "bf4_logic" of Entity "bf4_logic"
# Compile success 0 Errors 0 Warnings  Analysis time :  31.0 [ms]
comp -include "$dsn\src\bf4_proc_IF.vhd"
# Compile Entity "bf4_proc_IF"
# Compile Architecture "bf4_proc_IF" of Entity "bf4_proc_IF"
# Compile success 0 Errors 0 Warnings  Analysis time :  15.0 [ms]
comp -include "$dsn\src\bf4_proc_CASE.vhd"
# Compile Entity "bf4_proc_CASE"
# Compile Architecture "bf4_proc_CASE" of Entity "bf4_proc_CASE"
# Compile success 0 Errors 0 Warnings  Analysis time :  16.0 [ms]
comp -include "$dsn\src\bf4_K2_TB.vhd" 
# Compile Entity "bf4_test_tb"
# Compile Architecture "bf4_test_tb" of Entity "bf4_test_tb"
# Compile success 0 Errors 0 Warnings  Analysis time :  47.0 [ms]
asim +access +r bf4_test_tb 
# VSIM: Simulation has finished.
# ELBREAD: Elaboration process.
# ELBREAD: Elaboration time 0.0 [s].
# VSIM: Stack memory: 32MB
# VSIM: Retval memory: 32MB
# 
# KERNEL: Main thread initiated.
# KERNEL: Kernel process initialization phase.
# ELAB2: Elaboration final pass...
# ELAB2: Create instances ...
# KERNEL: Time resolution set to 1ps.
# ELAB2: Create instances complete.
# SLP: Started
# SLP: Elaboration phase ...
# SLP: Elaboration phase ... skipped, nothing to simulate in SLP mode : 0.0 [s]
# SLP: Finished : 0.0 [s]
# ELAB2: Elaboration final pass complete - time: 0.0 [s].
# KERNEL: Warning: You are using the Active-HDL Student Edition. The performance of simulation is running at a reduced rate.
# KERNEL: Warning: Contact Aldec for available upgrade options - sales@aldec.com.
# KERNEL: Kernel process initialization done.
# Allocation: Simulator allocated 6487 kB (elbread=427 elab2=5920 kernel=139 sdf=0)
# KERNEL: ASDB file was created in location D:\students\IKM722a_Vorontsov\vhdl\LAB_2\LAB_2\src\wave.asdb
#  14:41, 23 травня 2026 р.
#  Simulation has been initialized
# Waveform file 'untitled.awc' connected to 'D:/students/IKM722a_Vorontsov/vhdl/LAB_2/LAB_2/src/wave.asdb'.
# Waveform file 'untitled.awc' connected to 'D:/students/IKM722a_Vorontsov/vhdl/LAB_2/LAB_2/src/wave.asdb'.
# KERNEL: Warning: KERNEL_0291 Object "/bf4_test_tb/X" has already been traced.
# KERNEL: Warning: KERNEL_0291 Object "/bf4_test_tb/Y_conc_CA" has already been traced.
# KERNEL: Warning: KERNEL_0291 Object "/bf4_test_tb/Y_conc_WS" has already been traced.
# KERNEL: Warning: KERNEL_0291 Object "/bf4_test_tb/Y_const" has already been traced.
# KERNEL: Warning: KERNEL_0291 Object "/bf4_test_tb/Y_logic" has already been traced.
# KERNEL: Warning: KERNEL_0291 Object "/bf4_test_tb/Y_proc_IF" has already been traced.
# KERNEL: Warning: KERNEL_0291 Object "/bf4_test_tb/Y_proc_CASE" has already been traced.
# KERNEL: Warning: KERNEL_0291 Object "/bf4_test_tb/TEST_PHASE" has already been traced.
# KERNEL: Warning: KERNEL_0291 Object "/bf4_test_tb/VERIF_STATE" has already been traced.
# Waveform file 'untitled.awc' connected to 'D:/students/IKM722a_Vorontsov/vhdl/LAB_2/LAB_2/src/wave.asdb'.
# KERNEL: Warning: KERNEL_0291 Object "/bf4_test_tb/X" has already been traced.
# KERNEL: Warning: KERNEL_0291 Object "/bf4_test_tb/Y_conc_CA" has already been traced.
# KERNEL: Warning: KERNEL_0291 Object "/bf4_test_tb/Y_conc_WS" has already been traced.
# KERNEL: Warning: KERNEL_0291 Object "/bf4_test_tb/Y_const" has already been traced.
# KERNEL: Warning: KERNEL_0291 Object "/bf4_test_tb/Y_logic" has already been traced.
# KERNEL: Warning: KERNEL_0291 Object "/bf4_test_tb/Y_proc_IF" has already been traced.
# KERNEL: Warning: KERNEL_0291 Object "/bf4_test_tb/Y_proc_CASE" has already been traced.
# KERNEL: Warning: KERNEL_0291 Object "/bf4_test_tb/TEST_PHASE" has already been traced.
# KERNEL: Warning: KERNEL_0291 Object "/bf4_test_tb/VERIF_STATE" has already been traced.
wave 
wave -noreg X
wave -noreg Y_conc_CA
wave -noreg Y_conc_WS
wave -noreg Y_const  
wave -noreg Y_logic
wave -noreg Y_proc_IF
wave -noreg Y_proc_CASE
wave -noreg TEST_PHASE
wave -noreg VERIF_STATE
run 350 ns
# KERNEL: Warning: KERNEL_0291 Object "/bf4_test_tb/X" has already been traced.
# KERNEL: Warning: KERNEL_0291 Object "/bf4_test_tb/Y_conc_CA" has already been traced.
# KERNEL: Warning: KERNEL_0291 Object "/bf4_test_tb/Y_conc_WS" has already been traced.
# KERNEL: Warning: KERNEL_0291 Object "/bf4_test_tb/Y_const" has already been traced.
# KERNEL: Warning: KERNEL_0291 Object "/bf4_test_tb/Y_logic" has already been traced.
# KERNEL: Warning: KERNEL_0291 Object "/bf4_test_tb/Y_proc_IF" has already been traced.
# KERNEL: Warning: KERNEL_0291 Object "/bf4_test_tb/Y_proc_CASE" has already been traced.
# KERNEL: Warning: KERNEL_0291 Object "/bf4_test_tb/TEST_PHASE" has already been traced.
# KERNEL: Warning: KERNEL_0291 Object "/bf4_test_tb/VERIF_STATE" has already been traced.
# VSIM: 0 object(s) traced.
# Waveform file 'untitled.awc' connected to 'D:/students/IKM722a_Vorontsov/vhdl/LAB_2/LAB_2/src/wave.asdb'.
# KERNEL: WARNING: NUMERIC_STD.TO_INTEGER: metavalue detected, returning 0
# KERNEL: Time: 0 ps,  Iteration: 0,  Instance: /bf4_test_tb/UUT3,  Process: line__22.
# EXECUTION:: NOTE   : at 0 ps all Ys changed
# EXECUTION:: Time: 0 ps,  Iteration: 3,  Instance: /bf4_test_tb,  Process: output_verify.
# EXECUTION:: ERROR  : error in bf4_conc_CA when X = 0000
# EXECUTION:: Time: 5 ns,  Iteration: 0,  Instance: /bf4_test_tb,  Process: output_verify.
# EXECUTION:: ERROR  : error in bf4_conc_WS when X = 0000
# EXECUTION:: Time: 5 ns,  Iteration: 0,  Instance: /bf4_test_tb,  Process: output_verify.
# EXECUTION:: ERROR  : error in bf4_const when X = 0000
# EXECUTION:: Time: 5 ns,  Iteration: 0,  Instance: /bf4_test_tb,  Process: output_verify.
# EXECUTION:: ERROR  : error in bf4_proc_IF when X = 0000
# EXECUTION:: Time: 5 ns,  Iteration: 0,  Instance: /bf4_test_tb,  Process: output_verify.
# EXECUTION:: ERROR  : error in bf4_proc_CASE when X = 0000
# EXECUTION:: Time: 5 ns,  Iteration: 0,  Instance: /bf4_test_tb,  Process: output_verify.
# EXECUTION:: NOTE   : at 10000 ps all Ys changed
# EXECUTION:: Time: 10 ns,  Iteration: 3,  Instance: /bf4_test_tb,  Process: output_verify.
# EXECUTION:: ERROR  : error in bf4_conc_CA when X = 0001
# EXECUTION:: Time: 15 ns,  Iteration: 0,  Instance: /bf4_test_tb,  Process: output_verify.
# EXECUTION:: ERROR  : error in bf4_conc_WS when X = 0001
# EXECUTION:: Time: 15 ns,  Iteration: 0,  Instance: /bf4_test_tb,  Process: output_verify.
# EXECUTION:: ERROR  : error in bf4_const when X = 0001
# EXECUTION:: Time: 15 ns,  Iteration: 0,  Instance: /bf4_test_tb,  Process: output_verify.
# EXECUTION:: ERROR  : error in bf4_proc_IF when X = 0001
# EXECUTION:: Time: 15 ns,  Iteration: 0,  Instance: /bf4_test_tb,  Process: output_verify.
# EXECUTION:: ERROR  : error in bf4_proc_CASE when X = 0001
# EXECUTION:: Time: 15 ns,  Iteration: 0,  Instance: /bf4_test_tb,  Process: output_verify.
# EXECUTION:: NOTE   : at 30000 ps all Ys changed
# EXECUTION:: Time: 30 ns,  Iteration: 3,  Instance: /bf4_test_tb,  Process: output_verify.
# EXECUTION:: ERROR  : error in bf4_conc_CA when X = 0011
# EXECUTION:: Time: 35 ns,  Iteration: 0,  Instance: /bf4_test_tb,  Process: output_verify.
# EXECUTION:: ERROR  : error in bf4_conc_WS when X = 0011
# EXECUTION:: Time: 35 ns,  Iteration: 0,  Instance: /bf4_test_tb,  Process: output_verify.
# EXECUTION:: ERROR  : error in bf4_const when X = 0011
# EXECUTION:: Time: 35 ns,  Iteration: 0,  Instance: /bf4_test_tb,  Process: output_verify.
# EXECUTION:: ERROR  : error in bf4_proc_IF when X = 0011
# EXECUTION:: Time: 35 ns,  Iteration: 0,  Instance: /bf4_test_tb,  Process: output_verify.
# EXECUTION:: ERROR  : error in bf4_proc_CASE when X = 0011
# EXECUTION:: Time: 35 ns,  Iteration: 0,  Instance: /bf4_test_tb,  Process: output_verify.
# EXECUTION:: NOTE   : at 50000 ps all Ys changed
# EXECUTION:: Time: 50 ns,  Iteration: 3,  Instance: /bf4_test_tb,  Process: output_verify.
# EXECUTION:: ERROR  : error in bf4_conc_CA when X = 0101
# EXECUTION:: Time: 55 ns,  Iteration: 0,  Instance: /bf4_test_tb,  Process: output_verify.
# EXECUTION:: ERROR  : error in bf4_conc_WS when X = 0101
# EXECUTION:: Time: 55 ns,  Iteration: 0,  Instance: /bf4_test_tb,  Process: output_verify.
# EXECUTION:: ERROR  : error in bf4_const when X = 0101
# EXECUTION:: Time: 55 ns,  Iteration: 0,  Instance: /bf4_test_tb,  Process: output_verify.
# EXECUTION:: ERROR  : error in bf4_proc_IF when X = 0101
# EXECUTION:: Time: 55 ns,  Iteration: 0,  Instance: /bf4_test_tb,  Process: output_verify.
# EXECUTION:: ERROR  : error in bf4_proc_CASE when X = 0101
# EXECUTION:: Time: 55 ns,  Iteration: 0,  Instance: /bf4_test_tb,  Process: output_verify.
# EXECUTION:: NOTE   : at 60000 ps all Ys changed
# EXECUTION:: Time: 60 ns,  Iteration: 3,  Instance: /bf4_test_tb,  Process: output_verify.
# EXECUTION:: ERROR  : error in bf4_logic when X = 0110
# EXECUTION:: Time: 65 ns,  Iteration: 0,  Instance: /bf4_test_tb,  Process: output_verify.
# EXECUTION:: ERROR  : error in bf4_conc_CA when X = 0110
# EXECUTION:: Time: 65 ns,  Iteration: 0,  Instance: /bf4_test_tb,  Process: output_verify.
# EXECUTION:: ERROR  : error in bf4_conc_WS when X = 0110
# EXECUTION:: Time: 65 ns,  Iteration: 0,  Instance: /bf4_test_tb,  Process: output_verify.
# EXECUTION:: ERROR  : error in bf4_const when X = 0110
# EXECUTION:: Time: 65 ns,  Iteration: 0,  Instance: /bf4_test_tb,  Process: output_verify.
# EXECUTION:: ERROR  : error in bf4_proc_IF when X = 0110
# EXECUTION:: Time: 65 ns,  Iteration: 0,  Instance: /bf4_test_tb,  Process: output_verify.
# EXECUTION:: ERROR  : error in bf4_proc_CASE when X = 0110
# EXECUTION:: Time: 65 ns,  Iteration: 0,  Instance: /bf4_test_tb,  Process: output_verify.
# EXECUTION:: NOTE   : at 70000 ps all Ys changed
# EXECUTION:: Time: 70 ns,  Iteration: 3,  Instance: /bf4_test_tb,  Process: output_verify.
# EXECUTION:: ERROR  : error in bf4_conc_CA when X = 0111
# EXECUTION:: Time: 75 ns,  Iteration: 0,  Instance: /bf4_test_tb,  Process: output_verify.
# EXECUTION:: ERROR  : error in bf4_conc_WS when X = 0111
# EXECUTION:: Time: 75 ns,  Iteration: 0,  Instance: /bf4_test_tb,  Process: output_verify.
# EXECUTION:: ERROR  : error in bf4_const when X = 0111
# EXECUTION:: Time: 75 ns,  Iteration: 0,  Instance: /bf4_test_tb,  Process: output_verify.
# EXECUTION:: ERROR  : error in bf4_proc_IF when X = 0111
# EXECUTION:: Time: 75 ns,  Iteration: 0,  Instance: /bf4_test_tb,  Process: output_verify.
# EXECUTION:: ERROR  : error in bf4_proc_CASE when X = 0111
# EXECUTION:: Time: 75 ns,  Iteration: 0,  Instance: /bf4_test_tb,  Process: output_verify.
# EXECUTION:: NOTE   : at 80000 ps all Ys changed
# EXECUTION:: Time: 80 ns,  Iteration: 3,  Instance: /bf4_test_tb,  Process: output_verify.
# EXECUTION:: NOTE   : at 90000 ps all Ys changed
# EXECUTION:: Time: 90 ns,  Iteration: 3,  Instance: /bf4_test_tb,  Process: output_verify.
# EXECUTION:: ERROR  : error in bf4_conc_CA when X = 1001
# EXECUTION:: Time: 95 ns,  Iteration: 0,  Instance: /bf4_test_tb,  Process: output_verify.
# EXECUTION:: ERROR  : error in bf4_conc_WS when X = 1001
# EXECUTION:: Time: 95 ns,  Iteration: 0,  Instance: /bf4_test_tb,  Process: output_verify.
# EXECUTION:: ERROR  : error in bf4_const when X = 1001
# EXECUTION:: Time: 95 ns,  Iteration: 0,  Instance: /bf4_test_tb,  Process: output_verify.
# EXECUTION:: ERROR  : error in bf4_proc_IF when X = 1001
# EXECUTION:: Time: 95 ns,  Iteration: 0,  Instance: /bf4_test_tb,  Process: output_verify.
# EXECUTION:: ERROR  : error in bf4_proc_CASE when X = 1001
# EXECUTION:: Time: 95 ns,  Iteration: 0,  Instance: /bf4_test_tb,  Process: output_verify.
# EXECUTION:: NOTE   : at 110000 ps all Ys changed
# EXECUTION:: Time: 110 ns,  Iteration: 3,  Instance: /bf4_test_tb,  Process: output_verify.
# EXECUTION:: ERROR  : error in bf4_logic when X = 1011
# EXECUTION:: Time: 115 ns,  Iteration: 0,  Instance: /bf4_test_tb,  Process: output_verify.
# EXECUTION:: ERROR  : error in bf4_conc_CA when X = 1011
# EXECUTION:: Time: 115 ns,  Iteration: 0,  Instance: /bf4_test_tb,  Process: output_verify.
# EXECUTION:: ERROR  : error in bf4_conc_WS when X = 1011
# EXECUTION:: Time: 115 ns,  Iteration: 0,  Instance: /bf4_test_tb,  Process: output_verify.
# EXECUTION:: ERROR  : error in bf4_const when X = 1011
# EXECUTION:: Time: 115 ns,  Iteration: 0,  Instance: /bf4_test_tb,  Process: output_verify.
# EXECUTION:: ERROR  : error in bf4_proc_IF when X = 1011
# EXECUTION:: Time: 115 ns,  Iteration: 0,  Instance: /bf4_test_tb,  Process: output_verify.
# EXECUTION:: ERROR  : error in bf4_proc_CASE when X = 1011
# EXECUTION:: Time: 115 ns,  Iteration: 0,  Instance: /bf4_test_tb,  Process: output_verify.
# EXECUTION:: NOTE   : at 120000 ps all Ys changed
# EXECUTION:: Time: 120 ns,  Iteration: 3,  Instance: /bf4_test_tb,  Process: output_verify.
# EXECUTION:: ERROR  : error in bf4_conc_CA when X = 1100
# EXECUTION:: Time: 125 ns,  Iteration: 0,  Instance: /bf4_test_tb,  Process: output_verify.
# EXECUTION:: ERROR  : error in bf4_conc_WS when X = 1100
# EXECUTION:: Time: 125 ns,  Iteration: 0,  Instance: /bf4_test_tb,  Process: output_verify.
# EXECUTION:: ERROR  : error in bf4_const when X = 1100
# EXECUTION:: Time: 125 ns,  Iteration: 0,  Instance: /bf4_test_tb,  Process: output_verify.
# EXECUTION:: ERROR  : error in bf4_proc_IF when X = 1100
# EXECUTION:: Time: 125 ns,  Iteration: 0,  Instance: /bf4_test_tb,  Process: output_verify.
# EXECUTION:: ERROR  : error in bf4_proc_CASE when X = 1100
# EXECUTION:: Time: 125 ns,  Iteration: 0,  Instance: /bf4_test_tb,  Process: output_verify.
# EXECUTION:: NOTE   : at 130000 ps all Ys changed
# EXECUTION:: Time: 130 ns,  Iteration: 3,  Instance: /bf4_test_tb,  Process: output_verify.
# EXECUTION:: ERROR  : error in bf4_conc_CA when X = 1101
# EXECUTION:: Time: 135 ns,  Iteration: 0,  Instance: /bf4_test_tb,  Process: output_verify.
# EXECUTION:: ERROR  : error in bf4_conc_WS when X = 1101
# EXECUTION:: Time: 135 ns,  Iteration: 0,  Instance: /bf4_test_tb,  Process: output_verify.
# EXECUTION:: ERROR  : error in bf4_const when X = 1101
# EXECUTION:: Time: 135 ns,  Iteration: 0,  Instance: /bf4_test_tb,  Process: output_verify.
# EXECUTION:: ERROR  : error in bf4_proc_IF when X = 1101
# EXECUTION:: Time: 135 ns,  Iteration: 0,  Instance: /bf4_test_tb,  Process: output_verify.
# EXECUTION:: ERROR  : error in bf4_proc_CASE when X = 1101
# EXECUTION:: Time: 135 ns,  Iteration: 0,  Instance: /bf4_test_tb,  Process: output_verify.
# EXECUTION:: NOTE   : at 140000 ps all Ys changed
# EXECUTION:: Time: 140 ns,  Iteration: 3,  Instance: /bf4_test_tb,  Process: output_verify.
# EXECUTION:: ERROR  : error in bf4_logic when X = 1110
# EXECUTION:: Time: 145 ns,  Iteration: 0,  Instance: /bf4_test_tb,  Process: output_verify.
# EXECUTION:: ERROR  : error in bf4_conc_CA when X = 1110
# EXECUTION:: Time: 145 ns,  Iteration: 0,  Instance: /bf4_test_tb,  Process: output_verify.
# EXECUTION:: ERROR  : error in bf4_conc_WS when X = 1110
# EXECUTION:: Time: 145 ns,  Iteration: 0,  Instance: /bf4_test_tb,  Process: output_verify.
# EXECUTION:: ERROR  : error in bf4_const when X = 1110
# EXECUTION:: Time: 145 ns,  Iteration: 0,  Instance: /bf4_test_tb,  Process: output_verify.
# EXECUTION:: ERROR  : error in bf4_proc_IF when X = 1110
# EXECUTION:: Time: 145 ns,  Iteration: 0,  Instance: /bf4_test_tb,  Process: output_verify.
# EXECUTION:: ERROR  : error in bf4_proc_CASE when X = 1110
# EXECUTION:: Time: 145 ns,  Iteration: 0,  Instance: /bf4_test_tb,  Process: output_verify.
# EXECUTION:: NOTE   : at 150000 ps all Ys changed
# EXECUTION:: Time: 150 ns,  Iteration: 3,  Instance: /bf4_test_tb,  Process: output_verify.
# KERNEL: WARNING: NUMERIC_STD.TO_INTEGER: metavalue detected, returning 0
# KERNEL: Time: 160 ns,  Iteration: 1,  Instance: /bf4_test_tb/UUT3,  Process: line__22.
# EXECUTION:: NOTE   : at 160000 ps all Ys changed
# EXECUTION:: Time: 160 ns,  Iteration: 3,  Instance: /bf4_test_tb,  Process: output_verify.
# EXECUTION:: ERROR  : Assertion violation.
# EXECUTION:: Time: 165 ns,  Iteration: 0,  Instance: /bf4_test_tb,  Process: output_verify.
# EXECUTION:: ERROR  : Assertion violation.
# EXECUTION:: Time: 165 ns,  Iteration: 0,  Instance: /bf4_test_tb,  Process: output_verify.
# KERNEL: WARNING: NUMERIC_STD.TO_INTEGER: metavalue detected, returning 0
# KERNEL: Time: 170 ns,  Iteration: 1,  Instance: /bf4_test_tb/UUT3,  Process: line__22.
# EXECUTION:: NOTE   : at 170000 ps all Ys changed
# EXECUTION:: Time: 170 ns,  Iteration: 3,  Instance: /bf4_test_tb,  Process: output_verify.
# EXECUTION:: ERROR  : Assertion violation.
# EXECUTION:: Time: 175 ns,  Iteration: 0,  Instance: /bf4_test_tb,  Process: output_verify.
# EXECUTION:: ERROR  : Assertion violation.
# EXECUTION:: Time: 175 ns,  Iteration: 0,  Instance: /bf4_test_tb,  Process: output_verify.
# KERNEL: WARNING: NUMERIC_STD.TO_INTEGER: metavalue detected, returning 0
# KERNEL: Time: 180 ns,  Iteration: 1,  Instance: /bf4_test_tb/UUT3,  Process: line__22.
# EXECUTION:: NOTE   : at 180000 ps all Ys changed
# EXECUTION:: Time: 180 ns,  Iteration: 3,  Instance: /bf4_test_tb,  Process: output_verify.
# EXECUTION:: ERROR  : Assertion violation.
# EXECUTION:: Time: 185 ns,  Iteration: 0,  Instance: /bf4_test_tb,  Process: output_verify.
# EXECUTION:: ERROR  : Assertion violation.
# EXECUTION:: Time: 185 ns,  Iteration: 0,  Instance: /bf4_test_tb,  Process: output_verify.
# KERNEL: WARNING: NUMERIC_STD.TO_INTEGER: metavalue detected, returning 0
# KERNEL: Time: 190 ns,  Iteration: 1,  Instance: /bf4_test_tb/UUT3,  Process: line__22.
# KERNEL: WARNING: NUMERIC_STD.TO_INTEGER: metavalue detected, returning 0
# KERNEL: Time: 200 ns,  Iteration: 1,  Instance: /bf4_test_tb/UUT3,  Process: line__22.
# EXECUTION:: NOTE   : at 200000 ps all Ys changed
# EXECUTION:: Time: 200 ns,  Iteration: 3,  Instance: /bf4_test_tb,  Process: output_verify.
# EXECUTION:: ERROR  : Assertion violation.
# EXECUTION:: Time: 205 ns,  Iteration: 0,  Instance: /bf4_test_tb,  Process: output_verify.
# EXECUTION:: ERROR  : Assertion violation.
# EXECUTION:: Time: 205 ns,  Iteration: 0,  Instance: /bf4_test_tb,  Process: output_verify.
# KERNEL: WARNING: NUMERIC_STD.TO_INTEGER: metavalue detected, returning 0
# KERNEL: Time: 210 ns,  Iteration: 1,  Instance: /bf4_test_tb/UUT3,  Process: line__22.
# EXECUTION:: NOTE   : at 210000 ps all Ys changed
# EXECUTION:: Time: 210 ns,  Iteration: 3,  Instance: /bf4_test_tb,  Process: output_verify.
# EXECUTION:: ERROR  : Assertion violation.
# EXECUTION:: Time: 215 ns,  Iteration: 0,  Instance: /bf4_test_tb,  Process: output_verify.
# EXECUTION:: ERROR  : Assertion violation.
# EXECUTION:: Time: 215 ns,  Iteration: 0,  Instance: /bf4_test_tb,  Process: output_verify.
# KERNEL: WARNING: NUMERIC_STD.TO_INTEGER: metavalue detected, returning 0
# KERNEL: Time: 220 ns,  Iteration: 1,  Instance: /bf4_test_tb/UUT3,  Process: line__22.
# EXECUTION:: NOTE   : at 220000 ps all Ys changed
# EXECUTION:: Time: 220 ns,  Iteration: 3,  Instance: /bf4_test_tb,  Process: output_verify.
# EXECUTION:: ERROR  : Assertion violation.
# EXECUTION:: Time: 225 ns,  Iteration: 0,  Instance: /bf4_test_tb,  Process: output_verify.
# EXECUTION:: ERROR  : Assertion violation.
# EXECUTION:: Time: 225 ns,  Iteration: 0,  Instance: /bf4_test_tb,  Process: output_verify.
# KERNEL: WARNING: NUMERIC_STD.TO_INTEGER: metavalue detected, returning 0
# KERNEL: Time: 230 ns,  Iteration: 1,  Instance: /bf4_test_tb/UUT3,  Process: line__22.
# EXECUTION:: NOTE   : at 240000 ps all Ys changed
# EXECUTION:: Time: 240 ns,  Iteration: 3,  Instance: /bf4_test_tb,  Process: output_verify.
# EXECUTION:: ERROR  : Assertion violation.
# EXECUTION:: Time: 245 ns,  Iteration: 0,  Instance: /bf4_test_tb,  Process: output_verify.
# EXECUTION:: ERROR  : Assertion violation.
# EXECUTION:: Time: 245 ns,  Iteration: 0,  Instance: /bf4_test_tb,  Process: output_verify.
# EXECUTION:: NOTE   : at 250000 ps all Ys changed
# EXECUTION:: Time: 250 ns,  Iteration: 3,  Instance: /bf4_test_tb,  Process: output_verify.
# EXECUTION:: ERROR  : Assertion violation.
# EXECUTION:: Time: 255 ns,  Iteration: 0,  Instance: /bf4_test_tb,  Process: output_verify.
# EXECUTION:: ERROR  : Assertion violation.
# EXECUTION:: Time: 255 ns,  Iteration: 0,  Instance: /bf4_test_tb,  Process: output_verify.
# EXECUTION:: NOTE   : at 260000 ps all Ys changed
# EXECUTION:: Time: 260 ns,  Iteration: 3,  Instance: /bf4_test_tb,  Process: output_verify.
# EXECUTION:: ERROR  : Assertion violation.
# EXECUTION:: Time: 265 ns,  Iteration: 0,  Instance: /bf4_test_tb,  Process: output_verify.
# EXECUTION:: ERROR  : Assertion violation.
# EXECUTION:: Time: 265 ns,  Iteration: 0,  Instance: /bf4_test_tb,  Process: output_verify.
# EXECUTION:: NOTE   : at 280000 ps all Ys changed
# EXECUTION:: Time: 280 ns,  Iteration: 3,  Instance: /bf4_test_tb,  Process: output_verify.
# EXECUTION:: ERROR  : Assertion violation.
# EXECUTION:: Time: 285 ns,  Iteration: 0,  Instance: /bf4_test_tb,  Process: output_verify.
# EXECUTION:: ERROR  : Assertion violation.
# EXECUTION:: Time: 285 ns,  Iteration: 0,  Instance: /bf4_test_tb,  Process: output_verify.
# KERNEL: stopped at time: 350 ns
# KERNEL: Simulation has finished. There are no more test vectors to simulate.
SetActiveLib -work
comp -include "$dsn\src\bf4_conc_CA.vhd" 
# Compile Entity "bf4_conc_CA"
# Compile Architecture "bf4_conc_CA" of Entity "bf4_conc_CA"
# Compile success 0 Errors 0 Warnings  Analysis time :  15.0 [ms]
comp -include "$dsn\src\bf4_conc_WS.vhd"
# Compile Entity "bf4_conc_WS"
# Compile Architecture "bf4_conc_WS" of Entity "bf4_conc_WS"
# Compile success 0 Errors 0 Warnings  Analysis time :  15.0 [ms]
comp -include "$dsn\src\bf4_const.vhd"
# Compile Entity "bf4_const"
# Compile Architecture "bf4_const" of Entity "bf4_const"
# Compile success 0 Errors 0 Warnings  Analysis time :  16.0 [ms]
comp -include "$dsn\src\bf4_logic.vhd"
# Compile Entity "bf4_logic"
# Compile Architecture "bf4_logic" of Entity "bf4_logic"
# Compile success 0 Errors 0 Warnings  Analysis time :  31.0 [ms]
comp -include "$dsn\src\bf4_proc_IF.vhd"
# Compile Entity "bf4_proc_IF"
# Compile Architecture "bf4_proc_IF" of Entity "bf4_proc_IF"
# Compile success 0 Errors 0 Warnings  Analysis time :  16.0 [ms]
comp -include "$dsn\src\bf4_proc_CASE.vhd"
# Compile Entity "bf4_proc_CASE"
# Compile Architecture "bf4_proc_CASE" of Entity "bf4_proc_CASE"
# Compile success 0 Errors 0 Warnings  Analysis time :  16.0 [ms]
comp -include "$dsn\src\bf4_K2_TB.vhd" 
# Compile Entity "bf4_test_tb"
# Compile Architecture "bf4_test_tb" of Entity "bf4_test_tb"
# Compile success 0 Errors 0 Warnings  Analysis time :  31.0 [ms]
asim +access +r bf4_test_tb 
# VSIM: Simulation has finished.
# ELBREAD: Elaboration process.
# ELBREAD: Elaboration time 0.0 [s].
# VSIM: Stack memory: 32MB
# VSIM: Retval memory: 32MB
# 
# KERNEL: Main thread initiated.
# KERNEL: Kernel process initialization phase.
# ELAB2: Elaboration final pass...
# ELAB2: Create instances ...
# KERNEL: Time resolution set to 1ps.
# ELAB2: Create instances complete.
# SLP: Started
# SLP: Elaboration phase ...
# SLP: Elaboration phase ... skipped, nothing to simulate in SLP mode : 0.0 [s]
# SLP: Finished : 0.0 [s]
# ELAB2: Elaboration final pass complete - time: 0.0 [s].
# KERNEL: Warning: You are using the Active-HDL Student Edition. The performance of simulation is running at a reduced rate.
# KERNEL: Warning: Contact Aldec for available upgrade options - sales@aldec.com.
# KERNEL: Kernel process initialization done.
# Allocation: Simulator allocated 6487 kB (elbread=427 elab2=5920 kernel=139 sdf=0)
# KERNEL: ASDB file was created in location D:\students\IKM722a_Vorontsov\vhdl\LAB_2\LAB_2\src\wave.asdb
#  14:41, 23 травня 2026 р.
#  Simulation has been initialized
# Waveform file 'untitled.awc' connected to 'D:/students/IKM722a_Vorontsov/vhdl/LAB_2/LAB_2/src/wave.asdb'.
# Waveform file 'untitled.awc' connected to 'D:/students/IKM722a_Vorontsov/vhdl/LAB_2/LAB_2/src/wave.asdb'.
# KERNEL: Warning: KERNEL_0291 Object "/bf4_test_tb/X" has already been traced.
# KERNEL: Warning: KERNEL_0291 Object "/bf4_test_tb/Y_conc_CA" has already been traced.
# KERNEL: Warning: KERNEL_0291 Object "/bf4_test_tb/Y_conc_WS" has already been traced.
# KERNEL: Warning: KERNEL_0291 Object "/bf4_test_tb/Y_const" has already been traced.
# KERNEL: Warning: KERNEL_0291 Object "/bf4_test_tb/Y_logic" has already been traced.
# KERNEL: Warning: KERNEL_0291 Object "/bf4_test_tb/Y_proc_IF" has already been traced.
# KERNEL: Warning: KERNEL_0291 Object "/bf4_test_tb/Y_proc_CASE" has already been traced.
# KERNEL: Warning: KERNEL_0291 Object "/bf4_test_tb/TEST_PHASE" has already been traced.
# KERNEL: Warning: KERNEL_0291 Object "/bf4_test_tb/VERIF_STATE" has already been traced.
# Waveform file 'untitled.awc' connected to 'D:/students/IKM722a_Vorontsov/vhdl/LAB_2/LAB_2/src/wave.asdb'.
# KERNEL: Warning: KERNEL_0291 Object "/bf4_test_tb/X" has already been traced.
# KERNEL: Warning: KERNEL_0291 Object "/bf4_test_tb/Y_conc_CA" has already been traced.
# KERNEL: Warning: KERNEL_0291 Object "/bf4_test_tb/Y_conc_WS" has already been traced.
# KERNEL: Warning: KERNEL_0291 Object "/bf4_test_tb/Y_const" has already been traced.
# KERNEL: Warning: KERNEL_0291 Object "/bf4_test_tb/Y_logic" has already been traced.
# KERNEL: Warning: KERNEL_0291 Object "/bf4_test_tb/Y_proc_IF" has already been traced.
# KERNEL: Warning: KERNEL_0291 Object "/bf4_test_tb/Y_proc_CASE" has already been traced.
# KERNEL: Warning: KERNEL_0291 Object "/bf4_test_tb/TEST_PHASE" has already been traced.
# KERNEL: Warning: KERNEL_0291 Object "/bf4_test_tb/VERIF_STATE" has already been traced.
wave 
wave -noreg X
wave -noreg Y_conc_CA
wave -noreg Y_conc_WS
wave -noreg Y_const  
wave -noreg Y_logic
wave -noreg Y_proc_IF
wave -noreg Y_proc_CASE
wave -noreg TEST_PHASE
wave -noreg VERIF_STATE
run 350 ns
# KERNEL: Warning: KERNEL_0291 Object "/bf4_test_tb/X" has already been traced.
# KERNEL: Warning: KERNEL_0291 Object "/bf4_test_tb/Y_conc_CA" has already been traced.
# KERNEL: Warning: KERNEL_0291 Object "/bf4_test_tb/Y_conc_WS" has already been traced.
# KERNEL: Warning: KERNEL_0291 Object "/bf4_test_tb/Y_const" has already been traced.
# KERNEL: Warning: KERNEL_0291 Object "/bf4_test_tb/Y_logic" has already been traced.
# KERNEL: Warning: KERNEL_0291 Object "/bf4_test_tb/Y_proc_IF" has already been traced.
# KERNEL: Warning: KERNEL_0291 Object "/bf4_test_tb/Y_proc_CASE" has already been traced.
# KERNEL: Warning: KERNEL_0291 Object "/bf4_test_tb/TEST_PHASE" has already been traced.
# KERNEL: Warning: KERNEL_0291 Object "/bf4_test_tb/VERIF_STATE" has already been traced.
# VSIM: 0 object(s) traced.
# Waveform file 'untitled.awc' connected to 'D:/students/IKM722a_Vorontsov/vhdl/LAB_2/LAB_2/src/wave.asdb'.
# KERNEL: WARNING: NUMERIC_STD.TO_INTEGER: metavalue detected, returning 0
# KERNEL: Time: 0 ps,  Iteration: 0,  Instance: /bf4_test_tb/UUT3,  Process: line__22.
# EXECUTION:: NOTE   : at 0 ps all Ys changed
# EXECUTION:: Time: 0 ps,  Iteration: 3,  Instance: /bf4_test_tb,  Process: output_verify.
# EXECUTION:: ERROR  : error in bf4_conc_CA when X = 0000
# EXECUTION:: Time: 5 ns,  Iteration: 0,  Instance: /bf4_test_tb,  Process: output_verify.
# EXECUTION:: ERROR  : error in bf4_conc_WS when X = 0000
# EXECUTION:: Time: 5 ns,  Iteration: 0,  Instance: /bf4_test_tb,  Process: output_verify.
# EXECUTION:: ERROR  : error in bf4_const when X = 0000
# EXECUTION:: Time: 5 ns,  Iteration: 0,  Instance: /bf4_test_tb,  Process: output_verify.
# EXECUTION:: ERROR  : error in bf4_proc_IF when X = 0000
# EXECUTION:: Time: 5 ns,  Iteration: 0,  Instance: /bf4_test_tb,  Process: output_verify.
# EXECUTION:: ERROR  : error in bf4_proc_CASE when X = 0000
# EXECUTION:: Time: 5 ns,  Iteration: 0,  Instance: /bf4_test_tb,  Process: output_verify.
# EXECUTION:: NOTE   : at 10000 ps all Ys changed
# EXECUTION:: Time: 10 ns,  Iteration: 3,  Instance: /bf4_test_tb,  Process: output_verify.
# EXECUTION:: ERROR  : error in bf4_conc_CA when X = 0001
# EXECUTION:: Time: 15 ns,  Iteration: 0,  Instance: /bf4_test_tb,  Process: output_verify.
# EXECUTION:: ERROR  : error in bf4_conc_WS when X = 0001
# EXECUTION:: Time: 15 ns,  Iteration: 0,  Instance: /bf4_test_tb,  Process: output_verify.
# EXECUTION:: ERROR  : error in bf4_const when X = 0001
# EXECUTION:: Time: 15 ns,  Iteration: 0,  Instance: /bf4_test_tb,  Process: output_verify.
# EXECUTION:: ERROR  : error in bf4_proc_IF when X = 0001
# EXECUTION:: Time: 15 ns,  Iteration: 0,  Instance: /bf4_test_tb,  Process: output_verify.
# EXECUTION:: ERROR  : error in bf4_proc_CASE when X = 0001
# EXECUTION:: Time: 15 ns,  Iteration: 0,  Instance: /bf4_test_tb,  Process: output_verify.
# EXECUTION:: NOTE   : at 30000 ps all Ys changed
# EXECUTION:: Time: 30 ns,  Iteration: 3,  Instance: /bf4_test_tb,  Process: output_verify.
# EXECUTION:: ERROR  : error in bf4_conc_CA when X = 0011
# EXECUTION:: Time: 35 ns,  Iteration: 0,  Instance: /bf4_test_tb,  Process: output_verify.
# EXECUTION:: ERROR  : error in bf4_conc_WS when X = 0011
# EXECUTION:: Time: 35 ns,  Iteration: 0,  Instance: /bf4_test_tb,  Process: output_verify.
# EXECUTION:: ERROR  : error in bf4_const when X = 0011
# EXECUTION:: Time: 35 ns,  Iteration: 0,  Instance: /bf4_test_tb,  Process: output_verify.
# EXECUTION:: ERROR  : error in bf4_proc_IF when X = 0011
# EXECUTION:: Time: 35 ns,  Iteration: 0,  Instance: /bf4_test_tb,  Process: output_verify.
# EXECUTION:: ERROR  : error in bf4_proc_CASE when X = 0011
# EXECUTION:: Time: 35 ns,  Iteration: 0,  Instance: /bf4_test_tb,  Process: output_verify.
# EXECUTION:: NOTE   : at 50000 ps all Ys changed
# EXECUTION:: Time: 50 ns,  Iteration: 3,  Instance: /bf4_test_tb,  Process: output_verify.
# EXECUTION:: ERROR  : error in bf4_conc_CA when X = 0101
# EXECUTION:: Time: 55 ns,  Iteration: 0,  Instance: /bf4_test_tb,  Process: output_verify.
# EXECUTION:: ERROR  : error in bf4_conc_WS when X = 0101
# EXECUTION:: Time: 55 ns,  Iteration: 0,  Instance: /bf4_test_tb,  Process: output_verify.
# EXECUTION:: ERROR  : error in bf4_const when X = 0101
# EXECUTION:: Time: 55 ns,  Iteration: 0,  Instance: /bf4_test_tb,  Process: output_verify.
# EXECUTION:: ERROR  : error in bf4_proc_IF when X = 0101
# EXECUTION:: Time: 55 ns,  Iteration: 0,  Instance: /bf4_test_tb,  Process: output_verify.
# EXECUTION:: ERROR  : error in bf4_proc_CASE when X = 0101
# EXECUTION:: Time: 55 ns,  Iteration: 0,  Instance: /bf4_test_tb,  Process: output_verify.
# EXECUTION:: NOTE   : at 60000 ps all Ys changed
# EXECUTION:: Time: 60 ns,  Iteration: 3,  Instance: /bf4_test_tb,  Process: output_verify.
# EXECUTION:: ERROR  : error in bf4_logic when X = 0110
# EXECUTION:: Time: 65 ns,  Iteration: 0,  Instance: /bf4_test_tb,  Process: output_verify.
# EXECUTION:: ERROR  : error in bf4_conc_CA when X = 0110
# EXECUTION:: Time: 65 ns,  Iteration: 0,  Instance: /bf4_test_tb,  Process: output_verify.
# EXECUTION:: ERROR  : error in bf4_conc_WS when X = 0110
# EXECUTION:: Time: 65 ns,  Iteration: 0,  Instance: /bf4_test_tb,  Process: output_verify.
# EXECUTION:: ERROR  : error in bf4_const when X = 0110
# EXECUTION:: Time: 65 ns,  Iteration: 0,  Instance: /bf4_test_tb,  Process: output_verify.
# EXECUTION:: ERROR  : error in bf4_proc_IF when X = 0110
# EXECUTION:: Time: 65 ns,  Iteration: 0,  Instance: /bf4_test_tb,  Process: output_verify.
# EXECUTION:: ERROR  : error in bf4_proc_CASE when X = 0110
# EXECUTION:: Time: 65 ns,  Iteration: 0,  Instance: /bf4_test_tb,  Process: output_verify.
# EXECUTION:: NOTE   : at 70000 ps all Ys changed
# EXECUTION:: Time: 70 ns,  Iteration: 3,  Instance: /bf4_test_tb,  Process: output_verify.
# EXECUTION:: ERROR  : error in bf4_conc_CA when X = 0111
# EXECUTION:: Time: 75 ns,  Iteration: 0,  Instance: /bf4_test_tb,  Process: output_verify.
# EXECUTION:: ERROR  : error in bf4_conc_WS when X = 0111
# EXECUTION:: Time: 75 ns,  Iteration: 0,  Instance: /bf4_test_tb,  Process: output_verify.
# EXECUTION:: ERROR  : error in bf4_const when X = 0111
# EXECUTION:: Time: 75 ns,  Iteration: 0,  Instance: /bf4_test_tb,  Process: output_verify.
# EXECUTION:: ERROR  : error in bf4_proc_IF when X = 0111
# EXECUTION:: Time: 75 ns,  Iteration: 0,  Instance: /bf4_test_tb,  Process: output_verify.
# EXECUTION:: ERROR  : error in bf4_proc_CASE when X = 0111
# EXECUTION:: Time: 75 ns,  Iteration: 0,  Instance: /bf4_test_tb,  Process: output_verify.
# EXECUTION:: NOTE   : at 80000 ps all Ys changed
# EXECUTION:: Time: 80 ns,  Iteration: 3,  Instance: /bf4_test_tb,  Process: output_verify.
# EXECUTION:: NOTE   : at 90000 ps all Ys changed
# EXECUTION:: Time: 90 ns,  Iteration: 3,  Instance: /bf4_test_tb,  Process: output_verify.
# EXECUTION:: ERROR  : error in bf4_conc_CA when X = 1001
# EXECUTION:: Time: 95 ns,  Iteration: 0,  Instance: /bf4_test_tb,  Process: output_verify.
# EXECUTION:: ERROR  : error in bf4_conc_WS when X = 1001
# EXECUTION:: Time: 95 ns,  Iteration: 0,  Instance: /bf4_test_tb,  Process: output_verify.
# EXECUTION:: ERROR  : error in bf4_const when X = 1001
# EXECUTION:: Time: 95 ns,  Iteration: 0,  Instance: /bf4_test_tb,  Process: output_verify.
# EXECUTION:: ERROR  : error in bf4_proc_IF when X = 1001
# EXECUTION:: Time: 95 ns,  Iteration: 0,  Instance: /bf4_test_tb,  Process: output_verify.
# EXECUTION:: ERROR  : error in bf4_proc_CASE when X = 1001
# EXECUTION:: Time: 95 ns,  Iteration: 0,  Instance: /bf4_test_tb,  Process: output_verify.
# EXECUTION:: NOTE   : at 110000 ps all Ys changed
# EXECUTION:: Time: 110 ns,  Iteration: 3,  Instance: /bf4_test_tb,  Process: output_verify.
# EXECUTION:: ERROR  : error in bf4_logic when X = 1011
# EXECUTION:: Time: 115 ns,  Iteration: 0,  Instance: /bf4_test_tb,  Process: output_verify.
# EXECUTION:: ERROR  : error in bf4_conc_CA when X = 1011
# EXECUTION:: Time: 115 ns,  Iteration: 0,  Instance: /bf4_test_tb,  Process: output_verify.
# EXECUTION:: ERROR  : error in bf4_conc_WS when X = 1011
# EXECUTION:: Time: 115 ns,  Iteration: 0,  Instance: /bf4_test_tb,  Process: output_verify.
# EXECUTION:: ERROR  : error in bf4_const when X = 1011
# EXECUTION:: Time: 115 ns,  Iteration: 0,  Instance: /bf4_test_tb,  Process: output_verify.
# EXECUTION:: ERROR  : error in bf4_proc_IF when X = 1011
# EXECUTION:: Time: 115 ns,  Iteration: 0,  Instance: /bf4_test_tb,  Process: output_verify.
# EXECUTION:: ERROR  : error in bf4_proc_CASE when X = 1011
# EXECUTION:: Time: 115 ns,  Iteration: 0,  Instance: /bf4_test_tb,  Process: output_verify.
# EXECUTION:: NOTE   : at 120000 ps all Ys changed
# EXECUTION:: Time: 120 ns,  Iteration: 3,  Instance: /bf4_test_tb,  Process: output_verify.
# EXECUTION:: ERROR  : error in bf4_conc_CA when X = 1100
# EXECUTION:: Time: 125 ns,  Iteration: 0,  Instance: /bf4_test_tb,  Process: output_verify.
# EXECUTION:: ERROR  : error in bf4_conc_WS when X = 1100
# EXECUTION:: Time: 125 ns,  Iteration: 0,  Instance: /bf4_test_tb,  Process: output_verify.
# EXECUTION:: ERROR  : error in bf4_const when X = 1100
# EXECUTION:: Time: 125 ns,  Iteration: 0,  Instance: /bf4_test_tb,  Process: output_verify.
# EXECUTION:: ERROR  : error in bf4_proc_IF when X = 1100
# EXECUTION:: Time: 125 ns,  Iteration: 0,  Instance: /bf4_test_tb,  Process: output_verify.
# EXECUTION:: ERROR  : error in bf4_proc_CASE when X = 1100
# EXECUTION:: Time: 125 ns,  Iteration: 0,  Instance: /bf4_test_tb,  Process: output_verify.
# EXECUTION:: NOTE   : at 130000 ps all Ys changed
# EXECUTION:: Time: 130 ns,  Iteration: 3,  Instance: /bf4_test_tb,  Process: output_verify.
# EXECUTION:: ERROR  : error in bf4_conc_CA when X = 1101
# EXECUTION:: Time: 135 ns,  Iteration: 0,  Instance: /bf4_test_tb,  Process: output_verify.
# EXECUTION:: ERROR  : error in bf4_conc_WS when X = 1101
# EXECUTION:: Time: 135 ns,  Iteration: 0,  Instance: /bf4_test_tb,  Process: output_verify.
# EXECUTION:: ERROR  : error in bf4_const when X = 1101
# EXECUTION:: Time: 135 ns,  Iteration: 0,  Instance: /bf4_test_tb,  Process: output_verify.
# EXECUTION:: ERROR  : error in bf4_proc_IF when X = 1101
# EXECUTION:: Time: 135 ns,  Iteration: 0,  Instance: /bf4_test_tb,  Process: output_verify.
# EXECUTION:: ERROR  : error in bf4_proc_CASE when X = 1101
# EXECUTION:: Time: 135 ns,  Iteration: 0,  Instance: /bf4_test_tb,  Process: output_verify.
# EXECUTION:: NOTE   : at 140000 ps all Ys changed
# EXECUTION:: Time: 140 ns,  Iteration: 3,  Instance: /bf4_test_tb,  Process: output_verify.
# EXECUTION:: ERROR  : error in bf4_logic when X = 1110
# EXECUTION:: Time: 145 ns,  Iteration: 0,  Instance: /bf4_test_tb,  Process: output_verify.
# EXECUTION:: ERROR  : error in bf4_conc_CA when X = 1110
# EXECUTION:: Time: 145 ns,  Iteration: 0,  Instance: /bf4_test_tb,  Process: output_verify.
# EXECUTION:: ERROR  : error in bf4_conc_WS when X = 1110
# EXECUTION:: Time: 145 ns,  Iteration: 0,  Instance: /bf4_test_tb,  Process: output_verify.
# EXECUTION:: ERROR  : error in bf4_const when X = 1110
# EXECUTION:: Time: 145 ns,  Iteration: 0,  Instance: /bf4_test_tb,  Process: output_verify.
# EXECUTION:: ERROR  : error in bf4_proc_IF when X = 1110
# EXECUTION:: Time: 145 ns,  Iteration: 0,  Instance: /bf4_test_tb,  Process: output_verify.
# EXECUTION:: ERROR  : error in bf4_proc_CASE when X = 1110
# EXECUTION:: Time: 145 ns,  Iteration: 0,  Instance: /bf4_test_tb,  Process: output_verify.
# EXECUTION:: NOTE   : at 150000 ps all Ys changed
# EXECUTION:: Time: 150 ns,  Iteration: 3,  Instance: /bf4_test_tb,  Process: output_verify.
# KERNEL: WARNING: NUMERIC_STD.TO_INTEGER: metavalue detected, returning 0
# KERNEL: Time: 160 ns,  Iteration: 1,  Instance: /bf4_test_tb/UUT3,  Process: line__22.
# EXECUTION:: NOTE   : at 160000 ps all Ys changed
# EXECUTION:: Time: 160 ns,  Iteration: 3,  Instance: /bf4_test_tb,  Process: output_verify.
# EXECUTION:: ERROR  : Assertion violation.
# EXECUTION:: Time: 165 ns,  Iteration: 0,  Instance: /bf4_test_tb,  Process: output_verify.
# EXECUTION:: ERROR  : Assertion violation.
# EXECUTION:: Time: 165 ns,  Iteration: 0,  Instance: /bf4_test_tb,  Process: output_verify.
# KERNEL: WARNING: NUMERIC_STD.TO_INTEGER: metavalue detected, returning 0
# KERNEL: Time: 170 ns,  Iteration: 1,  Instance: /bf4_test_tb/UUT3,  Process: line__22.
# EXECUTION:: NOTE   : at 170000 ps all Ys changed
# EXECUTION:: Time: 170 ns,  Iteration: 3,  Instance: /bf4_test_tb,  Process: output_verify.
# EXECUTION:: ERROR  : Assertion violation.
# EXECUTION:: Time: 175 ns,  Iteration: 0,  Instance: /bf4_test_tb,  Process: output_verify.
# EXECUTION:: ERROR  : Assertion violation.
# EXECUTION:: Time: 175 ns,  Iteration: 0,  Instance: /bf4_test_tb,  Process: output_verify.
# KERNEL: WARNING: NUMERIC_STD.TO_INTEGER: metavalue detected, returning 0
# KERNEL: Time: 180 ns,  Iteration: 1,  Instance: /bf4_test_tb/UUT3,  Process: line__22.
# EXECUTION:: NOTE   : at 180000 ps all Ys changed
# EXECUTION:: Time: 180 ns,  Iteration: 3,  Instance: /bf4_test_tb,  Process: output_verify.
# EXECUTION:: ERROR  : Assertion violation.
# EXECUTION:: Time: 185 ns,  Iteration: 0,  Instance: /bf4_test_tb,  Process: output_verify.
# EXECUTION:: ERROR  : Assertion violation.
# EXECUTION:: Time: 185 ns,  Iteration: 0,  Instance: /bf4_test_tb,  Process: output_verify.
# KERNEL: WARNING: NUMERIC_STD.TO_INTEGER: metavalue detected, returning 0
# KERNEL: Time: 190 ns,  Iteration: 1,  Instance: /bf4_test_tb/UUT3,  Process: line__22.
# KERNEL: WARNING: NUMERIC_STD.TO_INTEGER: metavalue detected, returning 0
# KERNEL: Time: 200 ns,  Iteration: 1,  Instance: /bf4_test_tb/UUT3,  Process: line__22.
# EXECUTION:: NOTE   : at 200000 ps all Ys changed
# EXECUTION:: Time: 200 ns,  Iteration: 3,  Instance: /bf4_test_tb,  Process: output_verify.
# EXECUTION:: ERROR  : Assertion violation.
# EXECUTION:: Time: 205 ns,  Iteration: 0,  Instance: /bf4_test_tb,  Process: output_verify.
# EXECUTION:: ERROR  : Assertion violation.
# EXECUTION:: Time: 205 ns,  Iteration: 0,  Instance: /bf4_test_tb,  Process: output_verify.
# KERNEL: WARNING: NUMERIC_STD.TO_INTEGER: metavalue detected, returning 0
# KERNEL: Time: 210 ns,  Iteration: 1,  Instance: /bf4_test_tb/UUT3,  Process: line__22.
# EXECUTION:: NOTE   : at 210000 ps all Ys changed
# EXECUTION:: Time: 210 ns,  Iteration: 3,  Instance: /bf4_test_tb,  Process: output_verify.
# EXECUTION:: ERROR  : Assertion violation.
# EXECUTION:: Time: 215 ns,  Iteration: 0,  Instance: /bf4_test_tb,  Process: output_verify.
# EXECUTION:: ERROR  : Assertion violation.
# EXECUTION:: Time: 215 ns,  Iteration: 0,  Instance: /bf4_test_tb,  Process: output_verify.
# KERNEL: WARNING: NUMERIC_STD.TO_INTEGER: metavalue detected, returning 0
# KERNEL: Time: 220 ns,  Iteration: 1,  Instance: /bf4_test_tb/UUT3,  Process: line__22.
# EXECUTION:: NOTE   : at 220000 ps all Ys changed
# EXECUTION:: Time: 220 ns,  Iteration: 3,  Instance: /bf4_test_tb,  Process: output_verify.
# EXECUTION:: ERROR  : Assertion violation.
# EXECUTION:: Time: 225 ns,  Iteration: 0,  Instance: /bf4_test_tb,  Process: output_verify.
# EXECUTION:: ERROR  : Assertion violation.
# EXECUTION:: Time: 225 ns,  Iteration: 0,  Instance: /bf4_test_tb,  Process: output_verify.
# KERNEL: WARNING: NUMERIC_STD.TO_INTEGER: metavalue detected, returning 0
# KERNEL: Time: 230 ns,  Iteration: 1,  Instance: /bf4_test_tb/UUT3,  Process: line__22.
# EXECUTION:: NOTE   : at 240000 ps all Ys changed
# EXECUTION:: Time: 240 ns,  Iteration: 3,  Instance: /bf4_test_tb,  Process: output_verify.
# EXECUTION:: ERROR  : Assertion violation.
# EXECUTION:: Time: 245 ns,  Iteration: 0,  Instance: /bf4_test_tb,  Process: output_verify.
# EXECUTION:: ERROR  : Assertion violation.
# EXECUTION:: Time: 245 ns,  Iteration: 0,  Instance: /bf4_test_tb,  Process: output_verify.
# EXECUTION:: NOTE   : at 250000 ps all Ys changed
# EXECUTION:: Time: 250 ns,  Iteration: 3,  Instance: /bf4_test_tb,  Process: output_verify.
# EXECUTION:: ERROR  : Assertion violation.
# EXECUTION:: Time: 255 ns,  Iteration: 0,  Instance: /bf4_test_tb,  Process: output_verify.
# EXECUTION:: ERROR  : Assertion violation.
# EXECUTION:: Time: 255 ns,  Iteration: 0,  Instance: /bf4_test_tb,  Process: output_verify.
# EXECUTION:: NOTE   : at 260000 ps all Ys changed
# EXECUTION:: Time: 260 ns,  Iteration: 3,  Instance: /bf4_test_tb,  Process: output_verify.
# EXECUTION:: ERROR  : Assertion violation.
# EXECUTION:: Time: 265 ns,  Iteration: 0,  Instance: /bf4_test_tb,  Process: output_verify.
# EXECUTION:: ERROR  : Assertion violation.
# EXECUTION:: Time: 265 ns,  Iteration: 0,  Instance: /bf4_test_tb,  Process: output_verify.
# EXECUTION:: NOTE   : at 280000 ps all Ys changed
# EXECUTION:: Time: 280 ns,  Iteration: 3,  Instance: /bf4_test_tb,  Process: output_verify.
# EXECUTION:: ERROR  : Assertion violation.
# EXECUTION:: Time: 285 ns,  Iteration: 0,  Instance: /bf4_test_tb,  Process: output_verify.
# EXECUTION:: ERROR  : Assertion violation.
# EXECUTION:: Time: 285 ns,  Iteration: 0,  Instance: /bf4_test_tb,  Process: output_verify.
# KERNEL: stopped at time: 350 ns
# KERNEL: Simulation has finished. There are no more test vectors to simulate.
SetActiveLib -work
comp -include "$dsn\src\bf4_conc_CA.vhd" 
# Compile Entity "bf4_conc_CA"
# Compile Architecture "bf4_conc_CA" of Entity "bf4_conc_CA"
# Compile success 0 Errors 0 Warnings  Analysis time :  31.0 [ms]
comp -include "$dsn\src\bf4_conc_WS.vhd"
# Compile Entity "bf4_conc_WS"
# Compile Architecture "bf4_conc_WS" of Entity "bf4_conc_WS"
# Compile success 0 Errors 0 Warnings  Analysis time :  31.0 [ms]
comp -include "$dsn\src\bf4_const.vhd"
# Compile Entity "bf4_const"
# Compile Architecture "bf4_const" of Entity "bf4_const"
# Compile success 0 Errors 0 Warnings  Analysis time :  15.0 [ms]
comp -include "$dsn\src\bf4_logic.vhd"
# Compile Entity "bf4_logic"
# Compile Architecture "bf4_logic" of Entity "bf4_logic"
# Compile success 0 Errors 0 Warnings  Analysis time :  31.0 [ms]
comp -include "$dsn\src\bf4_proc_IF.vhd"
# Compile Entity "bf4_proc_IF"
# Compile Architecture "bf4_proc_IF" of Entity "bf4_proc_IF"
# Compile success 0 Errors 0 Warnings  Analysis time :  16.0 [ms]
comp -include "$dsn\src\bf4_proc_CASE.vhd"
# Compile Entity "bf4_proc_CASE"
# Compile Architecture "bf4_proc_CASE" of Entity "bf4_proc_CASE"
# Compile success 0 Errors 0 Warnings  Analysis time :  16.0 [ms]
comp -include "$dsn\src\bf4_K2_TB.vhd" 
# Compile Entity "bf4_test_tb"
# Compile Architecture "bf4_test_tb" of Entity "bf4_test_tb"
# Compile success 0 Errors 0 Warnings  Analysis time :  47.0 [ms]
asim +access +r bf4_test_tb 
# VSIM: Simulation has finished.
# ELBREAD: Elaboration process.
# ELBREAD: Elaboration time 0.0 [s].
# VSIM: Stack memory: 32MB
# VSIM: Retval memory: 32MB
# 
# KERNEL: Main thread initiated.
# KERNEL: Kernel process initialization phase.
# ELAB2: Elaboration final pass...
# ELAB2: Create instances ...
# KERNEL: Time resolution set to 1ps.
# ELAB2: Create instances complete.
# SLP: Started
# SLP: Elaboration phase ...
# SLP: Elaboration phase ... skipped, nothing to simulate in SLP mode : 0.0 [s]
# SLP: Finished : 0.0 [s]
# ELAB2: Elaboration final pass complete - time: 0.0 [s].
# KERNEL: Warning: You are using the Active-HDL Student Edition. The performance of simulation is running at a reduced rate.
# KERNEL: Warning: Contact Aldec for available upgrade options - sales@aldec.com.
# KERNEL: Kernel process initialization done.
# Allocation: Simulator allocated 6488 kB (elbread=427 elab2=5921 kernel=139 sdf=0)
# KERNEL: ASDB file was created in location D:\students\IKM722a_Vorontsov\vhdl\LAB_2\LAB_2\src\wave.asdb
#  14:43, 23 травня 2026 р.
#  Simulation has been initialized
# Waveform file 'untitled.awc' connected to 'D:/students/IKM722a_Vorontsov/vhdl/LAB_2/LAB_2/src/wave.asdb'.
# Waveform file 'untitled.awc' connected to 'D:/students/IKM722a_Vorontsov/vhdl/LAB_2/LAB_2/src/wave.asdb'.
# KERNEL: Warning: KERNEL_0291 Object "/bf4_test_tb/X" has already been traced.
# KERNEL: Warning: KERNEL_0291 Object "/bf4_test_tb/Y_conc_CA" has already been traced.
# KERNEL: Warning: KERNEL_0291 Object "/bf4_test_tb/Y_conc_WS" has already been traced.
# KERNEL: Warning: KERNEL_0291 Object "/bf4_test_tb/Y_const" has already been traced.
# KERNEL: Warning: KERNEL_0291 Object "/bf4_test_tb/Y_logic" has already been traced.
# KERNEL: Warning: KERNEL_0291 Object "/bf4_test_tb/Y_proc_IF" has already been traced.
# KERNEL: Warning: KERNEL_0291 Object "/bf4_test_tb/Y_proc_CASE" has already been traced.
# KERNEL: Warning: KERNEL_0291 Object "/bf4_test_tb/TEST_PHASE" has already been traced.
# KERNEL: Warning: KERNEL_0291 Object "/bf4_test_tb/VERIF_STATE" has already been traced.
# Waveform file 'untitled.awc' connected to 'D:/students/IKM722a_Vorontsov/vhdl/LAB_2/LAB_2/src/wave.asdb'.
# KERNEL: Warning: KERNEL_0291 Object "/bf4_test_tb/X" has already been traced.
# KERNEL: Warning: KERNEL_0291 Object "/bf4_test_tb/Y_conc_CA" has already been traced.
# KERNEL: Warning: KERNEL_0291 Object "/bf4_test_tb/Y_conc_WS" has already been traced.
# KERNEL: Warning: KERNEL_0291 Object "/bf4_test_tb/Y_const" has already been traced.
# KERNEL: Warning: KERNEL_0291 Object "/bf4_test_tb/Y_logic" has already been traced.
# KERNEL: Warning: KERNEL_0291 Object "/bf4_test_tb/Y_proc_IF" has already been traced.
# KERNEL: Warning: KERNEL_0291 Object "/bf4_test_tb/Y_proc_CASE" has already been traced.
# KERNEL: Warning: KERNEL_0291 Object "/bf4_test_tb/TEST_PHASE" has already been traced.
# KERNEL: Warning: KERNEL_0291 Object "/bf4_test_tb/VERIF_STATE" has already been traced.
# Waveform file 'untitled.awc' connected to 'D:/students/IKM722a_Vorontsov/vhdl/LAB_2/LAB_2/src/wave.asdb'.
# KERNEL: Warning: KERNEL_0291 Object "/bf4_test_tb/X" has already been traced.
# KERNEL: Warning: KERNEL_0291 Object "/bf4_test_tb/Y_conc_CA" has already been traced.
# KERNEL: Warning: KERNEL_0291 Object "/bf4_test_tb/Y_conc_WS" has already been traced.
# KERNEL: Warning: KERNEL_0291 Object "/bf4_test_tb/Y_const" has already been traced.
# KERNEL: Warning: KERNEL_0291 Object "/bf4_test_tb/Y_logic" has already been traced.
# KERNEL: Warning: KERNEL_0291 Object "/bf4_test_tb/Y_proc_IF" has already been traced.
# KERNEL: Warning: KERNEL_0291 Object "/bf4_test_tb/Y_proc_CASE" has already been traced.
# KERNEL: Warning: KERNEL_0291 Object "/bf4_test_tb/TEST_PHASE" has already been traced.
# KERNEL: Warning: KERNEL_0291 Object "/bf4_test_tb/VERIF_STATE" has already been traced.
wave 
wave -noreg X
wave -noreg Y_conc_CA
wave -noreg Y_conc_WS
wave -noreg Y_const  
wave -noreg Y_logic
wave -noreg Y_proc_IF
wave -noreg Y_proc_CASE
wave -noreg TEST_PHASE
wave -noreg VERIF_STATE
run 350 ns
# KERNEL: Warning: KERNEL_0291 Object "/bf4_test_tb/X" has already been traced.
# KERNEL: Warning: KERNEL_0291 Object "/bf4_test_tb/Y_conc_CA" has already been traced.
# KERNEL: Warning: KERNEL_0291 Object "/bf4_test_tb/Y_conc_WS" has already been traced.
# KERNEL: Warning: KERNEL_0291 Object "/bf4_test_tb/Y_const" has already been traced.
# KERNEL: Warning: KERNEL_0291 Object "/bf4_test_tb/Y_logic" has already been traced.
# KERNEL: Warning: KERNEL_0291 Object "/bf4_test_tb/Y_proc_IF" has already been traced.
# KERNEL: Warning: KERNEL_0291 Object "/bf4_test_tb/Y_proc_CASE" has already been traced.
# KERNEL: Warning: KERNEL_0291 Object "/bf4_test_tb/TEST_PHASE" has already been traced.
# KERNEL: Warning: KERNEL_0291 Object "/bf4_test_tb/VERIF_STATE" has already been traced.
# VSIM: 0 object(s) traced.
# Waveform file 'untitled.awc' connected to 'D:/students/IKM722a_Vorontsov/vhdl/LAB_2/LAB_2/src/wave.asdb'.
# KERNEL: WARNING: NUMERIC_STD.TO_INTEGER: metavalue detected, returning 0
# KERNEL: Time: 0 ps,  Iteration: 0,  Instance: /bf4_test_tb/UUT3,  Process: line__22.
# EXECUTION:: NOTE   : at 0 ps checking vector X = 0000
# EXECUTION:: Time: 0 ps,  Iteration: 1,  Instance: /bf4_test_tb,  Process: output_verify.
# EXECUTION:: ERROR  : error in bf4_logic when X = 0000
# EXECUTION:: Time: 5 ns,  Iteration: 0,  Instance: /bf4_test_tb,  Process: output_verify.
# EXECUTION:: ERROR  : error in bf4_conc_CA when X = 0000
# EXECUTION:: Time: 5 ns,  Iteration: 0,  Instance: /bf4_test_tb,  Process: output_verify.
# EXECUTION:: ERROR  : error in bf4_conc_WS when X = 0000
# EXECUTION:: Time: 5 ns,  Iteration: 0,  Instance: /bf4_test_tb,  Process: output_verify.
# EXECUTION:: ERROR  : error in bf4_const when X = 0000
# EXECUTION:: Time: 5 ns,  Iteration: 0,  Instance: /bf4_test_tb,  Process: output_verify.
# EXECUTION:: ERROR  : error in bf4_proc_IF when X = 0000
# EXECUTION:: Time: 5 ns,  Iteration: 0,  Instance: /bf4_test_tb,  Process: output_verify.
# EXECUTION:: ERROR  : error in bf4_proc_CASE when X = 0000
# EXECUTION:: Time: 5 ns,  Iteration: 0,  Instance: /bf4_test_tb,  Process: output_verify.
# EXECUTION:: NOTE   : at 10000 ps checking vector X = 0001
# EXECUTION:: Time: 10 ns,  Iteration: 1,  Instance: /bf4_test_tb,  Process: output_verify.
# EXECUTION:: ERROR  : error in bf4_logic when X = 0001
# EXECUTION:: Time: 15 ns,  Iteration: 0,  Instance: /bf4_test_tb,  Process: output_verify.
# EXECUTION:: ERROR  : error in bf4_conc_CA when X = 0001
# EXECUTION:: Time: 15 ns,  Iteration: 0,  Instance: /bf4_test_tb,  Process: output_verify.
# EXECUTION:: ERROR  : error in bf4_conc_WS when X = 0001
# EXECUTION:: Time: 15 ns,  Iteration: 0,  Instance: /bf4_test_tb,  Process: output_verify.
# EXECUTION:: ERROR  : error in bf4_const when X = 0001
# EXECUTION:: Time: 15 ns,  Iteration: 0,  Instance: /bf4_test_tb,  Process: output_verify.
# EXECUTION:: ERROR  : error in bf4_proc_IF when X = 0001
# EXECUTION:: Time: 15 ns,  Iteration: 0,  Instance: /bf4_test_tb,  Process: output_verify.
# EXECUTION:: ERROR  : error in bf4_proc_CASE when X = 0001
# EXECUTION:: Time: 15 ns,  Iteration: 0,  Instance: /bf4_test_tb,  Process: output_verify.
# EXECUTION:: NOTE   : at 20000 ps checking vector X = 0010
# EXECUTION:: Time: 20 ns,  Iteration: 1,  Instance: /bf4_test_tb,  Process: output_verify.
# EXECUTION:: ERROR  : error in bf4_conc_CA when X = 0010
# EXECUTION:: Time: 25 ns,  Iteration: 0,  Instance: /bf4_test_tb,  Process: output_verify.
# EXECUTION:: ERROR  : error in bf4_conc_WS when X = 0010
# EXECUTION:: Time: 25 ns,  Iteration: 0,  Instance: /bf4_test_tb,  Process: output_verify.
# EXECUTION:: ERROR  : error in bf4_const when X = 0010
# EXECUTION:: Time: 25 ns,  Iteration: 0,  Instance: /bf4_test_tb,  Process: output_verify.
# EXECUTION:: ERROR  : error in bf4_proc_IF when X = 0010
# EXECUTION:: Time: 25 ns,  Iteration: 0,  Instance: /bf4_test_tb,  Process: output_verify.
# EXECUTION:: ERROR  : error in bf4_proc_CASE when X = 0010
# EXECUTION:: Time: 25 ns,  Iteration: 0,  Instance: /bf4_test_tb,  Process: output_verify.
# EXECUTION:: NOTE   : at 30000 ps checking vector X = 0011
# EXECUTION:: Time: 30 ns,  Iteration: 1,  Instance: /bf4_test_tb,  Process: output_verify.
# EXECUTION:: ERROR  : error in bf4_conc_CA when X = 0011
# EXECUTION:: Time: 35 ns,  Iteration: 0,  Instance: /bf4_test_tb,  Process: output_verify.
# EXECUTION:: ERROR  : error in bf4_conc_WS when X = 0011
# EXECUTION:: Time: 35 ns,  Iteration: 0,  Instance: /bf4_test_tb,  Process: output_verify.
# EXECUTION:: ERROR  : error in bf4_const when X = 0011
# EXECUTION:: Time: 35 ns,  Iteration: 0,  Instance: /bf4_test_tb,  Process: output_verify.
# EXECUTION:: ERROR  : error in bf4_proc_IF when X = 0011
# EXECUTION:: Time: 35 ns,  Iteration: 0,  Instance: /bf4_test_tb,  Process: output_verify.
# EXECUTION:: ERROR  : error in bf4_proc_CASE when X = 0011
# EXECUTION:: Time: 35 ns,  Iteration: 0,  Instance: /bf4_test_tb,  Process: output_verify.
# EXECUTION:: NOTE   : at 40000 ps checking vector X = 0100
# EXECUTION:: Time: 40 ns,  Iteration: 1,  Instance: /bf4_test_tb,  Process: output_verify.
# EXECUTION:: ERROR  : error in bf4_conc_CA when X = 0100
# EXECUTION:: Time: 45 ns,  Iteration: 0,  Instance: /bf4_test_tb,  Process: output_verify.
# EXECUTION:: ERROR  : error in bf4_conc_WS when X = 0100
# EXECUTION:: Time: 45 ns,  Iteration: 0,  Instance: /bf4_test_tb,  Process: output_verify.
# EXECUTION:: ERROR  : error in bf4_const when X = 0100
# EXECUTION:: Time: 45 ns,  Iteration: 0,  Instance: /bf4_test_tb,  Process: output_verify.
# EXECUTION:: ERROR  : error in bf4_proc_IF when X = 0100
# EXECUTION:: Time: 45 ns,  Iteration: 0,  Instance: /bf4_test_tb,  Process: output_verify.
# EXECUTION:: ERROR  : error in bf4_proc_CASE when X = 0100
# EXECUTION:: Time: 45 ns,  Iteration: 0,  Instance: /bf4_test_tb,  Process: output_verify.
# EXECUTION:: NOTE   : at 50000 ps checking vector X = 0101
# EXECUTION:: Time: 50 ns,  Iteration: 1,  Instance: /bf4_test_tb,  Process: output_verify.
# EXECUTION:: ERROR  : error in bf4_logic when X = 0101
# EXECUTION:: Time: 55 ns,  Iteration: 0,  Instance: /bf4_test_tb,  Process: output_verify.
# EXECUTION:: NOTE   : at 60000 ps checking vector X = 0110
# EXECUTION:: Time: 60 ns,  Iteration: 1,  Instance: /bf4_test_tb,  Process: output_verify.
# EXECUTION:: ERROR  : error in bf4_conc_CA when X = 0110
# EXECUTION:: Time: 65 ns,  Iteration: 0,  Instance: /bf4_test_tb,  Process: output_verify.
# EXECUTION:: ERROR  : error in bf4_conc_WS when X = 0110
# EXECUTION:: Time: 65 ns,  Iteration: 0,  Instance: /bf4_test_tb,  Process: output_verify.
# EXECUTION:: ERROR  : error in bf4_const when X = 0110
# EXECUTION:: Time: 65 ns,  Iteration: 0,  Instance: /bf4_test_tb,  Process: output_verify.
# EXECUTION:: ERROR  : error in bf4_proc_IF when X = 0110
# EXECUTION:: Time: 65 ns,  Iteration: 0,  Instance: /bf4_test_tb,  Process: output_verify.
# EXECUTION:: ERROR  : error in bf4_proc_CASE when X = 0110
# EXECUTION:: Time: 65 ns,  Iteration: 0,  Instance: /bf4_test_tb,  Process: output_verify.
# EXECUTION:: NOTE   : at 70000 ps checking vector X = 0111
# EXECUTION:: Time: 70 ns,  Iteration: 1,  Instance: /bf4_test_tb,  Process: output_verify.
# EXECUTION:: ERROR  : error in bf4_logic when X = 0111
# EXECUTION:: Time: 75 ns,  Iteration: 0,  Instance: /bf4_test_tb,  Process: output_verify.
# EXECUTION:: ERROR  : error in bf4_conc_CA when X = 0111
# EXECUTION:: Time: 75 ns,  Iteration: 0,  Instance: /bf4_test_tb,  Process: output_verify.
# EXECUTION:: ERROR  : error in bf4_conc_WS when X = 0111
# EXECUTION:: Time: 75 ns,  Iteration: 0,  Instance: /bf4_test_tb,  Process: output_verify.
# EXECUTION:: ERROR  : error in bf4_const when X = 0111
# EXECUTION:: Time: 75 ns,  Iteration: 0,  Instance: /bf4_test_tb,  Process: output_verify.
# EXECUTION:: ERROR  : error in bf4_proc_IF when X = 0111
# EXECUTION:: Time: 75 ns,  Iteration: 0,  Instance: /bf4_test_tb,  Process: output_verify.
# EXECUTION:: ERROR  : error in bf4_proc_CASE when X = 0111
# EXECUTION:: Time: 75 ns,  Iteration: 0,  Instance: /bf4_test_tb,  Process: output_verify.
# EXECUTION:: NOTE   : at 80000 ps checking vector X = 1000
# EXECUTION:: Time: 80 ns,  Iteration: 1,  Instance: /bf4_test_tb,  Process: output_verify.
# EXECUTION:: ERROR  : error in bf4_logic when X = 1000
# EXECUTION:: Time: 85 ns,  Iteration: 0,  Instance: /bf4_test_tb,  Process: output_verify.
# EXECUTION:: ERROR  : error in bf4_conc_CA when X = 1000
# EXECUTION:: Time: 85 ns,  Iteration: 0,  Instance: /bf4_test_tb,  Process: output_verify.
# EXECUTION:: ERROR  : error in bf4_conc_WS when X = 1000
# EXECUTION:: Time: 85 ns,  Iteration: 0,  Instance: /bf4_test_tb,  Process: output_verify.
# EXECUTION:: ERROR  : error in bf4_const when X = 1000
# EXECUTION:: Time: 85 ns,  Iteration: 0,  Instance: /bf4_test_tb,  Process: output_verify.
# EXECUTION:: ERROR  : error in bf4_proc_IF when X = 1000
# EXECUTION:: Time: 85 ns,  Iteration: 0,  Instance: /bf4_test_tb,  Process: output_verify.
# EXECUTION:: ERROR  : error in bf4_proc_CASE when X = 1000
# EXECUTION:: Time: 85 ns,  Iteration: 0,  Instance: /bf4_test_tb,  Process: output_verify.
# EXECUTION:: NOTE   : at 90000 ps checking vector X = 1001
# EXECUTION:: Time: 90 ns,  Iteration: 1,  Instance: /bf4_test_tb,  Process: output_verify.
# EXECUTION:: ERROR  : error in bf4_logic when X = 1001
# EXECUTION:: Time: 95 ns,  Iteration: 0,  Instance: /bf4_test_tb,  Process: output_verify.
# EXECUTION:: ERROR  : error in bf4_conc_CA when X = 1001
# EXECUTION:: Time: 95 ns,  Iteration: 0,  Instance: /bf4_test_tb,  Process: output_verify.
# EXECUTION:: ERROR  : error in bf4_conc_WS when X = 1001
# EXECUTION:: Time: 95 ns,  Iteration: 0,  Instance: /bf4_test_tb,  Process: output_verify.
# EXECUTION:: ERROR  : error in bf4_const when X = 1001
# EXECUTION:: Time: 95 ns,  Iteration: 0,  Instance: /bf4_test_tb,  Process: output_verify.
# EXECUTION:: ERROR  : error in bf4_proc_IF when X = 1001
# EXECUTION:: Time: 95 ns,  Iteration: 0,  Instance: /bf4_test_tb,  Process: output_verify.
# EXECUTION:: ERROR  : error in bf4_proc_CASE when X = 1001
# EXECUTION:: Time: 95 ns,  Iteration: 0,  Instance: /bf4_test_tb,  Process: output_verify.
# EXECUTION:: NOTE   : at 100000 ps checking vector X = 1010
# EXECUTION:: Time: 100 ns,  Iteration: 1,  Instance: /bf4_test_tb,  Process: output_verify.
# EXECUTION:: ERROR  : error in bf4_logic when X = 1010
# EXECUTION:: Time: 105 ns,  Iteration: 0,  Instance: /bf4_test_tb,  Process: output_verify.
# EXECUTION:: ERROR  : error in bf4_conc_CA when X = 1010
# EXECUTION:: Time: 105 ns,  Iteration: 0,  Instance: /bf4_test_tb,  Process: output_verify.
# EXECUTION:: ERROR  : error in bf4_conc_WS when X = 1010
# EXECUTION:: Time: 105 ns,  Iteration: 0,  Instance: /bf4_test_tb,  Process: output_verify.
# EXECUTION:: ERROR  : error in bf4_const when X = 1010
# EXECUTION:: Time: 105 ns,  Iteration: 0,  Instance: /bf4_test_tb,  Process: output_verify.
# EXECUTION:: ERROR  : error in bf4_proc_IF when X = 1010
# EXECUTION:: Time: 105 ns,  Iteration: 0,  Instance: /bf4_test_tb,  Process: output_verify.
# EXECUTION:: ERROR  : error in bf4_proc_CASE when X = 1010
# EXECUTION:: Time: 105 ns,  Iteration: 0,  Instance: /bf4_test_tb,  Process: output_verify.
# EXECUTION:: NOTE   : at 110000 ps checking vector X = 1011
# EXECUTION:: Time: 110 ns,  Iteration: 1,  Instance: /bf4_test_tb,  Process: output_verify.
# EXECUTION:: ERROR  : error in bf4_logic when X = 1011
# EXECUTION:: Time: 115 ns,  Iteration: 0,  Instance: /bf4_test_tb,  Process: output_verify.
# EXECUTION:: ERROR  : error in bf4_conc_CA when X = 1011
# EXECUTION:: Time: 115 ns,  Iteration: 0,  Instance: /bf4_test_tb,  Process: output_verify.
# EXECUTION:: ERROR  : error in bf4_conc_WS when X = 1011
# EXECUTION:: Time: 115 ns,  Iteration: 0,  Instance: /bf4_test_tb,  Process: output_verify.
# EXECUTION:: ERROR  : error in bf4_const when X = 1011
# EXECUTION:: Time: 115 ns,  Iteration: 0,  Instance: /bf4_test_tb,  Process: output_verify.
# EXECUTION:: ERROR  : error in bf4_proc_IF when X = 1011
# EXECUTION:: Time: 115 ns,  Iteration: 0,  Instance: /bf4_test_tb,  Process: output_verify.
# EXECUTION:: ERROR  : error in bf4_proc_CASE when X = 1011
# EXECUTION:: Time: 115 ns,  Iteration: 0,  Instance: /bf4_test_tb,  Process: output_verify.
# EXECUTION:: NOTE   : at 120000 ps checking vector X = 1100
# EXECUTION:: Time: 120 ns,  Iteration: 1,  Instance: /bf4_test_tb,  Process: output_verify.
# EXECUTION:: ERROR  : error in bf4_logic when X = 1100
# EXECUTION:: Time: 125 ns,  Iteration: 0,  Instance: /bf4_test_tb,  Process: output_verify.
# EXECUTION:: ERROR  : error in bf4_conc_CA when X = 1100
# EXECUTION:: Time: 125 ns,  Iteration: 0,  Instance: /bf4_test_tb,  Process: output_verify.
# EXECUTION:: ERROR  : error in bf4_conc_WS when X = 1100
# EXECUTION:: Time: 125 ns,  Iteration: 0,  Instance: /bf4_test_tb,  Process: output_verify.
# EXECUTION:: ERROR  : error in bf4_const when X = 1100
# EXECUTION:: Time: 125 ns,  Iteration: 0,  Instance: /bf4_test_tb,  Process: output_verify.
# EXECUTION:: ERROR  : error in bf4_proc_IF when X = 1100
# EXECUTION:: Time: 125 ns,  Iteration: 0,  Instance: /bf4_test_tb,  Process: output_verify.
# EXECUTION:: ERROR  : error in bf4_proc_CASE when X = 1100
# EXECUTION:: Time: 125 ns,  Iteration: 0,  Instance: /bf4_test_tb,  Process: output_verify.
# EXECUTION:: NOTE   : at 130000 ps checking vector X = 1101
# EXECUTION:: Time: 130 ns,  Iteration: 1,  Instance: /bf4_test_tb,  Process: output_verify.
# EXECUTION:: ERROR  : error in bf4_logic when X = 1101
# EXECUTION:: Time: 135 ns,  Iteration: 0,  Instance: /bf4_test_tb,  Process: output_verify.
# EXECUTION:: ERROR  : error in bf4_conc_CA when X = 1101
# EXECUTION:: Time: 135 ns,  Iteration: 0,  Instance: /bf4_test_tb,  Process: output_verify.
# EXECUTION:: ERROR  : error in bf4_conc_WS when X = 1101
# EXECUTION:: Time: 135 ns,  Iteration: 0,  Instance: /bf4_test_tb,  Process: output_verify.
# EXECUTION:: ERROR  : error in bf4_const when X = 1101
# EXECUTION:: Time: 135 ns,  Iteration: 0,  Instance: /bf4_test_tb,  Process: output_verify.
# EXECUTION:: ERROR  : error in bf4_proc_IF when X = 1101
# EXECUTION:: Time: 135 ns,  Iteration: 0,  Instance: /bf4_test_tb,  Process: output_verify.
# EXECUTION:: ERROR  : error in bf4_proc_CASE when X = 1101
# EXECUTION:: Time: 135 ns,  Iteration: 0,  Instance: /bf4_test_tb,  Process: output_verify.
# EXECUTION:: NOTE   : at 140000 ps checking vector X = 1110
# EXECUTION:: Time: 140 ns,  Iteration: 1,  Instance: /bf4_test_tb,  Process: output_verify.
# EXECUTION:: ERROR  : error in bf4_conc_CA when X = 1110
# EXECUTION:: Time: 145 ns,  Iteration: 0,  Instance: /bf4_test_tb,  Process: output_verify.
# EXECUTION:: ERROR  : error in bf4_conc_WS when X = 1110
# EXECUTION:: Time: 145 ns,  Iteration: 0,  Instance: /bf4_test_tb,  Process: output_verify.
# EXECUTION:: ERROR  : error in bf4_const when X = 1110
# EXECUTION:: Time: 145 ns,  Iteration: 0,  Instance: /bf4_test_tb,  Process: output_verify.
# EXECUTION:: ERROR  : error in bf4_proc_IF when X = 1110
# EXECUTION:: Time: 145 ns,  Iteration: 0,  Instance: /bf4_test_tb,  Process: output_verify.
# EXECUTION:: ERROR  : error in bf4_proc_CASE when X = 1110
# EXECUTION:: Time: 145 ns,  Iteration: 0,  Instance: /bf4_test_tb,  Process: output_verify.
# EXECUTION:: NOTE   : at 150000 ps checking vector X = 1111
# EXECUTION:: Time: 150 ns,  Iteration: 1,  Instance: /bf4_test_tb,  Process: output_verify.
# EXECUTION:: ERROR  : error in bf4_logic when X = 1111
# EXECUTION:: Time: 155 ns,  Iteration: 0,  Instance: /bf4_test_tb,  Process: output_verify.
# EXECUTION:: ERROR  : error in bf4_conc_CA when X = 1111
# EXECUTION:: Time: 155 ns,  Iteration: 0,  Instance: /bf4_test_tb,  Process: output_verify.
# EXECUTION:: ERROR  : error in bf4_conc_WS when X = 1111
# EXECUTION:: Time: 155 ns,  Iteration: 0,  Instance: /bf4_test_tb,  Process: output_verify.
# EXECUTION:: ERROR  : error in bf4_const when X = 1111
# EXECUTION:: Time: 155 ns,  Iteration: 0,  Instance: /bf4_test_tb,  Process: output_verify.
# EXECUTION:: ERROR  : error in bf4_proc_IF when X = 1111
# EXECUTION:: Time: 155 ns,  Iteration: 0,  Instance: /bf4_test_tb,  Process: output_verify.
# EXECUTION:: ERROR  : error in bf4_proc_CASE when X = 1111
# EXECUTION:: Time: 155 ns,  Iteration: 0,  Instance: /bf4_test_tb,  Process: output_verify.
# EXECUTION:: NOTE   : at 160000 ps checking vector X = X000
# EXECUTION:: Time: 160 ns,  Iteration: 1,  Instance: /bf4_test_tb,  Process: output_verify.
# KERNEL: WARNING: NUMERIC_STD.TO_INTEGER: metavalue detected, returning 0
# KERNEL: Time: 160 ns,  Iteration: 1,  Instance: /bf4_test_tb/UUT3,  Process: line__22.
# EXECUTION:: ERROR  : error UTV in bf4_logic
# EXECUTION:: Time: 165 ns,  Iteration: 0,  Instance: /bf4_test_tb,  Process: output_verify.
# EXECUTION:: ERROR  : error UTV in bf4_const
# EXECUTION:: Time: 165 ns,  Iteration: 0,  Instance: /bf4_test_tb,  Process: output_verify.
# EXECUTION:: NOTE   : at 170000 ps checking vector X = 0X00
# EXECUTION:: Time: 170 ns,  Iteration: 1,  Instance: /bf4_test_tb,  Process: output_verify.
# KERNEL: WARNING: NUMERIC_STD.TO_INTEGER: metavalue detected, returning 0
# KERNEL: Time: 170 ns,  Iteration: 1,  Instance: /bf4_test_tb/UUT3,  Process: line__22.
# EXECUTION:: ERROR  : error UTV in bf4_logic
# EXECUTION:: Time: 175 ns,  Iteration: 0,  Instance: /bf4_test_tb,  Process: output_verify.
# EXECUTION:: ERROR  : error UTV in bf4_const
# EXECUTION:: Time: 175 ns,  Iteration: 0,  Instance: /bf4_test_tb,  Process: output_verify.
# EXECUTION:: NOTE   : at 180000 ps checking vector X = 00X0
# EXECUTION:: Time: 180 ns,  Iteration: 1,  Instance: /bf4_test_tb,  Process: output_verify.
# KERNEL: WARNING: NUMERIC_STD.TO_INTEGER: metavalue detected, returning 0
# KERNEL: Time: 180 ns,  Iteration: 1,  Instance: /bf4_test_tb/UUT3,  Process: line__22.
# EXECUTION:: ERROR  : error UTV in bf4_logic
# EXECUTION:: Time: 185 ns,  Iteration: 0,  Instance: /bf4_test_tb,  Process: output_verify.
# EXECUTION:: ERROR  : error UTV in bf4_const
# EXECUTION:: Time: 185 ns,  Iteration: 0,  Instance: /bf4_test_tb,  Process: output_verify.
# EXECUTION:: NOTE   : at 190000 ps checking vector X = 000X
# EXECUTION:: Time: 190 ns,  Iteration: 1,  Instance: /bf4_test_tb,  Process: output_verify.
# KERNEL: WARNING: NUMERIC_STD.TO_INTEGER: metavalue detected, returning 0
# KERNEL: Time: 190 ns,  Iteration: 1,  Instance: /bf4_test_tb/UUT3,  Process: line__22.
# EXECUTION:: ERROR  : error UTV in bf4_logic
# EXECUTION:: Time: 195 ns,  Iteration: 0,  Instance: /bf4_test_tb,  Process: output_verify.
# EXECUTION:: ERROR  : error UTV in bf4_const
# EXECUTION:: Time: 195 ns,  Iteration: 0,  Instance: /bf4_test_tb,  Process: output_verify.
# EXECUTION:: NOTE   : at 200000 ps checking vector X = U000
# EXECUTION:: Time: 200 ns,  Iteration: 1,  Instance: /bf4_test_tb,  Process: output_verify.
# KERNEL: WARNING: NUMERIC_STD.TO_INTEGER: metavalue detected, returning 0
# KERNEL: Time: 200 ns,  Iteration: 1,  Instance: /bf4_test_tb/UUT3,  Process: line__22.
# EXECUTION:: ERROR  : error UTV in bf4_logic
# EXECUTION:: Time: 205 ns,  Iteration: 0,  Instance: /bf4_test_tb,  Process: output_verify.
# EXECUTION:: ERROR  : error UTV in bf4_const
# EXECUTION:: Time: 205 ns,  Iteration: 0,  Instance: /bf4_test_tb,  Process: output_verify.
# EXECUTION:: NOTE   : at 210000 ps checking vector X = 0U00
# EXECUTION:: Time: 210 ns,  Iteration: 1,  Instance: /bf4_test_tb,  Process: output_verify.
# KERNEL: WARNING: NUMERIC_STD.TO_INTEGER: metavalue detected, returning 0
# KERNEL: Time: 210 ns,  Iteration: 1,  Instance: /bf4_test_tb/UUT3,  Process: line__22.
# EXECUTION:: ERROR  : error UTV in bf4_logic
# EXECUTION:: Time: 215 ns,  Iteration: 0,  Instance: /bf4_test_tb,  Process: output_verify.
# EXECUTION:: ERROR  : error UTV in bf4_const
# EXECUTION:: Time: 215 ns,  Iteration: 0,  Instance: /bf4_test_tb,  Process: output_verify.
# EXECUTION:: NOTE   : at 220000 ps checking vector X = 00U0
# EXECUTION:: Time: 220 ns,  Iteration: 1,  Instance: /bf4_test_tb,  Process: output_verify.
# KERNEL: WARNING: NUMERIC_STD.TO_INTEGER: metavalue detected, returning 0
# KERNEL: Time: 220 ns,  Iteration: 1,  Instance: /bf4_test_tb/UUT3,  Process: line__22.
# EXECUTION:: ERROR  : error UTV in bf4_logic
# EXECUTION:: Time: 225 ns,  Iteration: 0,  Instance: /bf4_test_tb,  Process: output_verify.
# EXECUTION:: ERROR  : error UTV in bf4_const
# EXECUTION:: Time: 225 ns,  Iteration: 0,  Instance: /bf4_test_tb,  Process: output_verify.
# EXECUTION:: NOTE   : at 230000 ps checking vector X = 000U
# EXECUTION:: Time: 230 ns,  Iteration: 1,  Instance: /bf4_test_tb,  Process: output_verify.
# KERNEL: WARNING: NUMERIC_STD.TO_INTEGER: metavalue detected, returning 0
# KERNEL: Time: 230 ns,  Iteration: 1,  Instance: /bf4_test_tb/UUT3,  Process: line__22.
# EXECUTION:: ERROR  : error UTV in bf4_logic
# EXECUTION:: Time: 235 ns,  Iteration: 0,  Instance: /bf4_test_tb,  Process: output_verify.
# EXECUTION:: ERROR  : error UTV in bf4_const
# EXECUTION:: Time: 235 ns,  Iteration: 0,  Instance: /bf4_test_tb,  Process: output_verify.
# EXECUTION:: NOTE   : at 240000 ps checking vector X = H000
# EXECUTION:: Time: 240 ns,  Iteration: 1,  Instance: /bf4_test_tb,  Process: output_verify.
# EXECUTION:: ERROR  : error UTV in bf4_logic
# EXECUTION:: Time: 245 ns,  Iteration: 0,  Instance: /bf4_test_tb,  Process: output_verify.
# EXECUTION:: ERROR  : error UTV in bf4_const
# EXECUTION:: Time: 245 ns,  Iteration: 0,  Instance: /bf4_test_tb,  Process: output_verify.
# EXECUTION:: NOTE   : at 250000 ps checking vector X = 0H00
# EXECUTION:: Time: 250 ns,  Iteration: 1,  Instance: /bf4_test_tb,  Process: output_verify.
# EXECUTION:: ERROR  : error UTV in bf4_logic
# EXECUTION:: Time: 255 ns,  Iteration: 0,  Instance: /bf4_test_tb,  Process: output_verify.
# EXECUTION:: ERROR  : error UTV in bf4_const
# EXECUTION:: Time: 255 ns,  Iteration: 0,  Instance: /bf4_test_tb,  Process: output_verify.
# EXECUTION:: NOTE   : at 260000 ps checking vector X = 00H0
# EXECUTION:: Time: 260 ns,  Iteration: 1,  Instance: /bf4_test_tb,  Process: output_verify.
# EXECUTION:: ERROR  : error UTV in bf4_logic
# EXECUTION:: Time: 265 ns,  Iteration: 0,  Instance: /bf4_test_tb,  Process: output_verify.
# EXECUTION:: ERROR  : error UTV in bf4_const
# EXECUTION:: Time: 265 ns,  Iteration: 0,  Instance: /bf4_test_tb,  Process: output_verify.
# EXECUTION:: NOTE   : at 270000 ps checking vector X = 000H
# EXECUTION:: Time: 270 ns,  Iteration: 1,  Instance: /bf4_test_tb,  Process: output_verify.
# EXECUTION:: ERROR  : error UTV in bf4_logic
# EXECUTION:: Time: 275 ns,  Iteration: 0,  Instance: /bf4_test_tb,  Process: output_verify.
# EXECUTION:: ERROR  : error UTV in bf4_const
# EXECUTION:: Time: 275 ns,  Iteration: 0,  Instance: /bf4_test_tb,  Process: output_verify.
# EXECUTION:: NOTE   : at 280000 ps checking vector X = L000
# EXECUTION:: Time: 280 ns,  Iteration: 1,  Instance: /bf4_test_tb,  Process: output_verify.
# EXECUTION:: ERROR  : error UTV in bf4_logic
# EXECUTION:: Time: 285 ns,  Iteration: 0,  Instance: /bf4_test_tb,  Process: output_verify.
# EXECUTION:: ERROR  : error UTV in bf4_const
# EXECUTION:: Time: 285 ns,  Iteration: 0,  Instance: /bf4_test_tb,  Process: output_verify.
# EXECUTION:: NOTE   : at 290000 ps checking vector X = 0L00
# EXECUTION:: Time: 290 ns,  Iteration: 1,  Instance: /bf4_test_tb,  Process: output_verify.
# EXECUTION:: ERROR  : error UTV in bf4_logic
# EXECUTION:: Time: 295 ns,  Iteration: 0,  Instance: /bf4_test_tb,  Process: output_verify.
# EXECUTION:: ERROR  : error UTV in bf4_const
# EXECUTION:: Time: 295 ns,  Iteration: 0,  Instance: /bf4_test_tb,  Process: output_verify.
# EXECUTION:: NOTE   : at 300000 ps checking vector X = 00L0
# EXECUTION:: Time: 300 ns,  Iteration: 1,  Instance: /bf4_test_tb,  Process: output_verify.
# EXECUTION:: ERROR  : error UTV in bf4_logic
# EXECUTION:: Time: 305 ns,  Iteration: 0,  Instance: /bf4_test_tb,  Process: output_verify.
# EXECUTION:: ERROR  : error UTV in bf4_const
# EXECUTION:: Time: 305 ns,  Iteration: 0,  Instance: /bf4_test_tb,  Process: output_verify.
# EXECUTION:: NOTE   : at 310000 ps checking vector X = 000L
# EXECUTION:: Time: 310 ns,  Iteration: 1,  Instance: /bf4_test_tb,  Process: output_verify.
# EXECUTION:: ERROR  : error UTV in bf4_logic
# EXECUTION:: Time: 315 ns,  Iteration: 0,  Instance: /bf4_test_tb,  Process: output_verify.
# EXECUTION:: ERROR  : error UTV in bf4_const
# EXECUTION:: Time: 315 ns,  Iteration: 0,  Instance: /bf4_test_tb,  Process: output_verify.
# KERNEL: stopped at time: 350 ns
# KERNEL: Simulation has finished. There are no more test vectors to simulate.
endsim
# VSIM: Simulation has finished.
SetActiveLib -work
comp -include "$dsn\src\bf4_conc_CA.vhd" 
# Compile Entity "bf4_conc_CA"
# Compile Architecture "bf4_conc_CA" of Entity "bf4_conc_CA"
# Compile success 0 Errors 0 Warnings  Analysis time :  15.0 [ms]
comp -include "$dsn\src\bf4_conc_WS.vhd"
# Compile Entity "bf4_conc_WS"
# Compile Architecture "bf4_conc_WS" of Entity "bf4_conc_WS"
# Compile success 0 Errors 0 Warnings  Analysis time :  16.0 [ms]
comp -include "$dsn\src\bf4_const.vhd"
# Compile Entity "bf4_const"
# Compile Architecture "bf4_const" of Entity "bf4_const"
# Compile success 0 Errors 0 Warnings  Analysis time :  16.0 [ms]
comp -include "$dsn\src\bf4_logic.vhd"
# Compile Entity "bf4_logic"
# Compile Architecture "bf4_logic" of Entity "bf4_logic"
# Compile success 0 Errors 0 Warnings  Analysis time :  31.0 [ms]
comp -include "$dsn\src\bf4_proc_IF.vhd"
# Compile Entity "bf4_proc_IF"
# Compile Architecture "bf4_proc_IF" of Entity "bf4_proc_IF"
# Compile success 0 Errors 0 Warnings  Analysis time :  16.0 [ms]
comp -include "$dsn\src\bf4_proc_CASE.vhd"
# Compile Entity "bf4_proc_CASE"
# Compile Architecture "bf4_proc_CASE" of Entity "bf4_proc_CASE"
# Compile success 0 Errors 0 Warnings  Analysis time :  32.0 [ms]
comp -include "$dsn\src\bf4_K2_TB.vhd" 
# Compile Entity "bf4_test_tb"
# Compile Architecture "bf4_test_tb" of Entity "bf4_test_tb"
# Compile success 0 Errors 0 Warnings  Analysis time :  47.0 [ms]
asim +access +r bf4_test_tb 
# ELBREAD: Elaboration process.
# ELBREAD: Elaboration time 0.0 [s].
# VSIM: Stack memory: 32MB
# VSIM: Retval memory: 32MB
# 
# KERNEL: Main thread initiated.
# KERNEL: Kernel process initialization phase.
# ELAB2: Elaboration final pass...
# ELAB2: Create instances ...
# KERNEL: Time resolution set to 1ps.
# ELAB2: Create instances complete.
# SLP: Started
# SLP: Elaboration phase ...
# SLP: Elaboration phase ... skipped, nothing to simulate in SLP mode : 0.0 [s]
# SLP: Finished : 0.0 [s]
# ELAB2: Elaboration final pass complete - time: 0.0 [s].
# KERNEL: Warning: You are using the Active-HDL Student Edition. The performance of simulation is running at a reduced rate.
# KERNEL: Warning: Contact Aldec for available upgrade options - sales@aldec.com.
# KERNEL: Kernel process initialization done.
# Allocation: Simulator allocated 6491 kB (elbread=427 elab2=5924 kernel=139 sdf=0)
# KERNEL: ASDB file was created in location D:\students\IKM722a_Vorontsov\vhdl\LAB_2\LAB_2\src\wave.asdb
#  14:44, 23 травня 2026 р.
#  Simulation has been initialized
# Waveform file 'untitled.awc' connected to 'D:/students/IKM722a_Vorontsov/vhdl/LAB_2/LAB_2/src/wave.asdb'.
# Waveform file 'untitled.awc' connected to 'D:/students/IKM722a_Vorontsov/vhdl/LAB_2/LAB_2/src/wave.asdb'.
# KERNEL: Warning: KERNEL_0291 Object "/bf4_test_tb/X" has already been traced.
# KERNEL: Warning: KERNEL_0291 Object "/bf4_test_tb/Y_conc_CA" has already been traced.
# KERNEL: Warning: KERNEL_0291 Object "/bf4_test_tb/Y_conc_WS" has already been traced.
# KERNEL: Warning: KERNEL_0291 Object "/bf4_test_tb/Y_const" has already been traced.
# KERNEL: Warning: KERNEL_0291 Object "/bf4_test_tb/Y_logic" has already been traced.
# KERNEL: Warning: KERNEL_0291 Object "/bf4_test_tb/Y_proc_IF" has already been traced.
# KERNEL: Warning: KERNEL_0291 Object "/bf4_test_tb/Y_proc_CASE" has already been traced.
# KERNEL: Warning: KERNEL_0291 Object "/bf4_test_tb/TEST_PHASE" has already been traced.
# KERNEL: Warning: KERNEL_0291 Object "/bf4_test_tb/VERIF_STATE" has already been traced.
# Waveform file 'untitled.awc' connected to 'D:/students/IKM722a_Vorontsov/vhdl/LAB_2/LAB_2/src/wave.asdb'.
# KERNEL: Warning: KERNEL_0291 Object "/bf4_test_tb/X" has already been traced.
# KERNEL: Warning: KERNEL_0291 Object "/bf4_test_tb/Y_conc_CA" has already been traced.
# KERNEL: Warning: KERNEL_0291 Object "/bf4_test_tb/Y_conc_WS" has already been traced.
# KERNEL: Warning: KERNEL_0291 Object "/bf4_test_tb/Y_const" has already been traced.
# KERNEL: Warning: KERNEL_0291 Object "/bf4_test_tb/Y_logic" has already been traced.
# KERNEL: Warning: KERNEL_0291 Object "/bf4_test_tb/Y_proc_IF" has already been traced.
# KERNEL: Warning: KERNEL_0291 Object "/bf4_test_tb/Y_proc_CASE" has already been traced.
# KERNEL: Warning: KERNEL_0291 Object "/bf4_test_tb/TEST_PHASE" has already been traced.
# KERNEL: Warning: KERNEL_0291 Object "/bf4_test_tb/VERIF_STATE" has already been traced.
# Waveform file 'untitled.awc' connected to 'D:/students/IKM722a_Vorontsov/vhdl/LAB_2/LAB_2/src/wave.asdb'.
# KERNEL: Warning: KERNEL_0291 Object "/bf4_test_tb/X" has already been traced.
# KERNEL: Warning: KERNEL_0291 Object "/bf4_test_tb/Y_conc_CA" has already been traced.
# KERNEL: Warning: KERNEL_0291 Object "/bf4_test_tb/Y_conc_WS" has already been traced.
# KERNEL: Warning: KERNEL_0291 Object "/bf4_test_tb/Y_const" has already been traced.
# KERNEL: Warning: KERNEL_0291 Object "/bf4_test_tb/Y_logic" has already been traced.
# KERNEL: Warning: KERNEL_0291 Object "/bf4_test_tb/Y_proc_IF" has already been traced.
# KERNEL: Warning: KERNEL_0291 Object "/bf4_test_tb/Y_proc_CASE" has already been traced.
# KERNEL: Warning: KERNEL_0291 Object "/bf4_test_tb/TEST_PHASE" has already been traced.
# KERNEL: Warning: KERNEL_0291 Object "/bf4_test_tb/VERIF_STATE" has already been traced.
# Waveform file 'untitled.awc' connected to 'D:/students/IKM722a_Vorontsov/vhdl/LAB_2/LAB_2/src/wave.asdb'.
# KERNEL: Warning: KERNEL_0291 Object "/bf4_test_tb/X" has already been traced.
# KERNEL: Warning: KERNEL_0291 Object "/bf4_test_tb/Y_conc_CA" has already been traced.
# KERNEL: Warning: KERNEL_0291 Object "/bf4_test_tb/Y_conc_WS" has already been traced.
# KERNEL: Warning: KERNEL_0291 Object "/bf4_test_tb/Y_const" has already been traced.
# KERNEL: Warning: KERNEL_0291 Object "/bf4_test_tb/Y_logic" has already been traced.
# KERNEL: Warning: KERNEL_0291 Object "/bf4_test_tb/Y_proc_IF" has already been traced.
# KERNEL: Warning: KERNEL_0291 Object "/bf4_test_tb/Y_proc_CASE" has already been traced.
# KERNEL: Warning: KERNEL_0291 Object "/bf4_test_tb/TEST_PHASE" has already been traced.
# KERNEL: Warning: KERNEL_0291 Object "/bf4_test_tb/VERIF_STATE" has already been traced.
wave 
wave -noreg X
wave -noreg Y_conc_CA
wave -noreg Y_conc_WS
wave -noreg Y_const  
wave -noreg Y_logic
wave -noreg Y_proc_IF
wave -noreg Y_proc_CASE
wave -noreg TEST_PHASE
wave -noreg VERIF_STATE
run 350 ns
# KERNEL: Warning: KERNEL_0291 Object "/bf4_test_tb/X" has already been traced.
# KERNEL: Warning: KERNEL_0291 Object "/bf4_test_tb/Y_conc_CA" has already been traced.
# KERNEL: Warning: KERNEL_0291 Object "/bf4_test_tb/Y_conc_WS" has already been traced.
# KERNEL: Warning: KERNEL_0291 Object "/bf4_test_tb/Y_const" has already been traced.
# KERNEL: Warning: KERNEL_0291 Object "/bf4_test_tb/Y_logic" has already been traced.
# KERNEL: Warning: KERNEL_0291 Object "/bf4_test_tb/Y_proc_IF" has already been traced.
# KERNEL: Warning: KERNEL_0291 Object "/bf4_test_tb/Y_proc_CASE" has already been traced.
# KERNEL: Warning: KERNEL_0291 Object "/bf4_test_tb/TEST_PHASE" has already been traced.
# KERNEL: Warning: KERNEL_0291 Object "/bf4_test_tb/VERIF_STATE" has already been traced.
# VSIM: 0 object(s) traced.
# Waveform file 'untitled.awc' connected to 'D:/students/IKM722a_Vorontsov/vhdl/LAB_2/LAB_2/src/wave.asdb'.
# KERNEL: WARNING: NUMERIC_STD.TO_INTEGER: metavalue detected, returning 0
# KERNEL: Time: 0 ps,  Iteration: 0,  Instance: /bf4_test_tb/UUT3,  Process: line__22.
# EXECUTION:: NOTE   : at 0 ps all Ys changed
# EXECUTION:: Time: 0 ps,  Iteration: 3,  Instance: /bf4_test_tb,  Process: output_verify.
# EXECUTION:: ERROR  : error in block bf4_logic when X = 0000
# EXECUTION:: Time: 5 ns,  Iteration: 0,  Instance: /bf4_test_tb,  Process: output_verify.
# EXECUTION:: ERROR  : error in block bf4_conc_CA when X = 0000
# EXECUTION:: Time: 5 ns,  Iteration: 0,  Instance: /bf4_test_tb,  Process: output_verify.
# EXECUTION:: ERROR  : error in block bf4_conc_WS when X = 0000
# EXECUTION:: Time: 5 ns,  Iteration: 0,  Instance: /bf4_test_tb,  Process: output_verify.
# EXECUTION:: ERROR  : error in block bf4_const when X = 0000
# EXECUTION:: Time: 5 ns,  Iteration: 0,  Instance: /bf4_test_tb,  Process: output_verify.
# EXECUTION:: ERROR  : error in block bf4_proc_IF when X = 0000
# EXECUTION:: Time: 5 ns,  Iteration: 0,  Instance: /bf4_test_tb,  Process: output_verify.
# EXECUTION:: ERROR  : error in block bf4_proc_CASE when X = 0000
# EXECUTION:: Time: 5 ns,  Iteration: 0,  Instance: /bf4_test_tb,  Process: output_verify.
# EXECUTION:: NOTE   : at 10000 ps all Ys changed
# EXECUTION:: Time: 10 ns,  Iteration: 3,  Instance: /bf4_test_tb,  Process: output_verify.
# EXECUTION:: ERROR  : error in block bf4_logic when X = 0001
# EXECUTION:: Time: 15 ns,  Iteration: 0,  Instance: /bf4_test_tb,  Process: output_verify.
# EXECUTION:: NOTE   : at 30000 ps all Ys changed
# EXECUTION:: Time: 30 ns,  Iteration: 3,  Instance: /bf4_test_tb,  Process: output_verify.
# EXECUTION:: ERROR  : error in block bf4_logic when X = 0011
# EXECUTION:: Time: 35 ns,  Iteration: 0,  Instance: /bf4_test_tb,  Process: output_verify.
# EXECUTION:: NOTE   : at 50000 ps all Ys changed
# EXECUTION:: Time: 50 ns,  Iteration: 3,  Instance: /bf4_test_tb,  Process: output_verify.
# EXECUTION:: ERROR  : error in block bf4_logic when X = 0101
# EXECUTION:: Time: 55 ns,  Iteration: 0,  Instance: /bf4_test_tb,  Process: output_verify.
# EXECUTION:: ERROR  : error in block bf4_conc_CA when X = 0101
# EXECUTION:: Time: 55 ns,  Iteration: 0,  Instance: /bf4_test_tb,  Process: output_verify.
# EXECUTION:: ERROR  : error in block bf4_conc_WS when X = 0101
# EXECUTION:: Time: 55 ns,  Iteration: 0,  Instance: /bf4_test_tb,  Process: output_verify.
# EXECUTION:: ERROR  : error in block bf4_const when X = 0101
# EXECUTION:: Time: 55 ns,  Iteration: 0,  Instance: /bf4_test_tb,  Process: output_verify.
# EXECUTION:: ERROR  : error in block bf4_proc_IF when X = 0101
# EXECUTION:: Time: 55 ns,  Iteration: 0,  Instance: /bf4_test_tb,  Process: output_verify.
# EXECUTION:: ERROR  : error in block bf4_proc_CASE when X = 0101
# EXECUTION:: Time: 55 ns,  Iteration: 0,  Instance: /bf4_test_tb,  Process: output_verify.
# EXECUTION:: NOTE   : at 60000 ps all Ys changed
# EXECUTION:: Time: 60 ns,  Iteration: 3,  Instance: /bf4_test_tb,  Process: output_verify.
# EXECUTION:: ERROR  : error in block bf4_logic when X = 0110
# EXECUTION:: Time: 65 ns,  Iteration: 0,  Instance: /bf4_test_tb,  Process: output_verify.
# EXECUTION:: ERROR  : error in block bf4_conc_CA when X = 0110
# EXECUTION:: Time: 65 ns,  Iteration: 0,  Instance: /bf4_test_tb,  Process: output_verify.
# EXECUTION:: ERROR  : error in block bf4_conc_WS when X = 0110
# EXECUTION:: Time: 65 ns,  Iteration: 0,  Instance: /bf4_test_tb,  Process: output_verify.
# EXECUTION:: ERROR  : error in block bf4_const when X = 0110
# EXECUTION:: Time: 65 ns,  Iteration: 0,  Instance: /bf4_test_tb,  Process: output_verify.
# EXECUTION:: ERROR  : error in block bf4_proc_IF when X = 0110
# EXECUTION:: Time: 65 ns,  Iteration: 0,  Instance: /bf4_test_tb,  Process: output_verify.
# EXECUTION:: ERROR  : error in block bf4_proc_CASE when X = 0110
# EXECUTION:: Time: 65 ns,  Iteration: 0,  Instance: /bf4_test_tb,  Process: output_verify.
# EXECUTION:: NOTE   : at 70000 ps all Ys changed
# EXECUTION:: Time: 70 ns,  Iteration: 3,  Instance: /bf4_test_tb,  Process: output_verify.
# EXECUTION:: ERROR  : error in block bf4_conc_CA when X = 0111
# EXECUTION:: Time: 75 ns,  Iteration: 0,  Instance: /bf4_test_tb,  Process: output_verify.
# EXECUTION:: ERROR  : error in block bf4_conc_WS when X = 0111
# EXECUTION:: Time: 75 ns,  Iteration: 0,  Instance: /bf4_test_tb,  Process: output_verify.
# EXECUTION:: ERROR  : error in block bf4_const when X = 0111
# EXECUTION:: Time: 75 ns,  Iteration: 0,  Instance: /bf4_test_tb,  Process: output_verify.
# EXECUTION:: ERROR  : error in block bf4_proc_IF when X = 0111
# EXECUTION:: Time: 75 ns,  Iteration: 0,  Instance: /bf4_test_tb,  Process: output_verify.
# EXECUTION:: ERROR  : error in block bf4_proc_CASE when X = 0111
# EXECUTION:: Time: 75 ns,  Iteration: 0,  Instance: /bf4_test_tb,  Process: output_verify.
# EXECUTION:: NOTE   : at 80000 ps all Ys changed
# EXECUTION:: Time: 80 ns,  Iteration: 3,  Instance: /bf4_test_tb,  Process: output_verify.
# EXECUTION:: ERROR  : error in block bf4_logic when X = 1000
# EXECUTION:: Time: 85 ns,  Iteration: 0,  Instance: /bf4_test_tb,  Process: output_verify.
# EXECUTION:: ERROR  : error in block bf4_conc_CA when X = 1000
# EXECUTION:: Time: 85 ns,  Iteration: 0,  Instance: /bf4_test_tb,  Process: output_verify.
# EXECUTION:: ERROR  : error in block bf4_conc_WS when X = 1000
# EXECUTION:: Time: 85 ns,  Iteration: 0,  Instance: /bf4_test_tb,  Process: output_verify.
# EXECUTION:: ERROR  : error in block bf4_const when X = 1000
# EXECUTION:: Time: 85 ns,  Iteration: 0,  Instance: /bf4_test_tb,  Process: output_verify.
# EXECUTION:: ERROR  : error in block bf4_proc_IF when X = 1000
# EXECUTION:: Time: 85 ns,  Iteration: 0,  Instance: /bf4_test_tb,  Process: output_verify.
# EXECUTION:: ERROR  : error in block bf4_proc_CASE when X = 1000
# EXECUTION:: Time: 85 ns,  Iteration: 0,  Instance: /bf4_test_tb,  Process: output_verify.
# EXECUTION:: NOTE   : at 90000 ps all Ys changed
# EXECUTION:: Time: 90 ns,  Iteration: 3,  Instance: /bf4_test_tb,  Process: output_verify.
# EXECUTION:: ERROR  : error in block bf4_logic when X = 1001
# EXECUTION:: Time: 95 ns,  Iteration: 0,  Instance: /bf4_test_tb,  Process: output_verify.
# EXECUTION:: ERROR  : error in block bf4_conc_CA when X = 1001
# EXECUTION:: Time: 95 ns,  Iteration: 0,  Instance: /bf4_test_tb,  Process: output_verify.
# EXECUTION:: ERROR  : error in block bf4_conc_WS when X = 1001
# EXECUTION:: Time: 95 ns,  Iteration: 0,  Instance: /bf4_test_tb,  Process: output_verify.
# EXECUTION:: ERROR  : error in block bf4_const when X = 1001
# EXECUTION:: Time: 95 ns,  Iteration: 0,  Instance: /bf4_test_tb,  Process: output_verify.
# EXECUTION:: ERROR  : error in block bf4_proc_IF when X = 1001
# EXECUTION:: Time: 95 ns,  Iteration: 0,  Instance: /bf4_test_tb,  Process: output_verify.
# EXECUTION:: ERROR  : error in block bf4_proc_CASE when X = 1001
# EXECUTION:: Time: 95 ns,  Iteration: 0,  Instance: /bf4_test_tb,  Process: output_verify.
# EXECUTION:: NOTE   : at 110000 ps all Ys changed
# EXECUTION:: Time: 110 ns,  Iteration: 3,  Instance: /bf4_test_tb,  Process: output_verify.
# EXECUTION:: ERROR  : error in block bf4_logic when X = 1011
# EXECUTION:: Time: 115 ns,  Iteration: 0,  Instance: /bf4_test_tb,  Process: output_verify.
# EXECUTION:: ERROR  : error in block bf4_conc_CA when X = 1011
# EXECUTION:: Time: 115 ns,  Iteration: 0,  Instance: /bf4_test_tb,  Process: output_verify.
# EXECUTION:: ERROR  : error in block bf4_conc_WS when X = 1011
# EXECUTION:: Time: 115 ns,  Iteration: 0,  Instance: /bf4_test_tb,  Process: output_verify.
# EXECUTION:: ERROR  : error in block bf4_const when X = 1011
# EXECUTION:: Time: 115 ns,  Iteration: 0,  Instance: /bf4_test_tb,  Process: output_verify.
# EXECUTION:: ERROR  : error in block bf4_proc_IF when X = 1011
# EXECUTION:: Time: 115 ns,  Iteration: 0,  Instance: /bf4_test_tb,  Process: output_verify.
# EXECUTION:: ERROR  : error in block bf4_proc_CASE when X = 1011
# EXECUTION:: Time: 115 ns,  Iteration: 0,  Instance: /bf4_test_tb,  Process: output_verify.
# EXECUTION:: NOTE   : at 120000 ps all Ys changed
# EXECUTION:: Time: 120 ns,  Iteration: 3,  Instance: /bf4_test_tb,  Process: output_verify.
# EXECUTION:: ERROR  : error in block bf4_logic when X = 1100
# EXECUTION:: Time: 125 ns,  Iteration: 0,  Instance: /bf4_test_tb,  Process: output_verify.
# EXECUTION:: ERROR  : error in block bf4_conc_CA when X = 1100
# EXECUTION:: Time: 125 ns,  Iteration: 0,  Instance: /bf4_test_tb,  Process: output_verify.
# EXECUTION:: ERROR  : error in block bf4_conc_WS when X = 1100
# EXECUTION:: Time: 125 ns,  Iteration: 0,  Instance: /bf4_test_tb,  Process: output_verify.
# EXECUTION:: ERROR  : error in block bf4_const when X = 1100
# EXECUTION:: Time: 125 ns,  Iteration: 0,  Instance: /bf4_test_tb,  Process: output_verify.
# EXECUTION:: ERROR  : error in block bf4_proc_IF when X = 1100
# EXECUTION:: Time: 125 ns,  Iteration: 0,  Instance: /bf4_test_tb,  Process: output_verify.
# EXECUTION:: ERROR  : error in block bf4_proc_CASE when X = 1100
# EXECUTION:: Time: 125 ns,  Iteration: 0,  Instance: /bf4_test_tb,  Process: output_verify.
# EXECUTION:: NOTE   : at 130000 ps all Ys changed
# EXECUTION:: Time: 130 ns,  Iteration: 3,  Instance: /bf4_test_tb,  Process: output_verify.
# EXECUTION:: ERROR  : error in block bf4_logic when X = 1101
# EXECUTION:: Time: 135 ns,  Iteration: 0,  Instance: /bf4_test_tb,  Process: output_verify.
# EXECUTION:: ERROR  : error in block bf4_conc_CA when X = 1101
# EXECUTION:: Time: 135 ns,  Iteration: 0,  Instance: /bf4_test_tb,  Process: output_verify.
# EXECUTION:: ERROR  : error in block bf4_conc_WS when X = 1101
# EXECUTION:: Time: 135 ns,  Iteration: 0,  Instance: /bf4_test_tb,  Process: output_verify.
# EXECUTION:: ERROR  : error in block bf4_const when X = 1101
# EXECUTION:: Time: 135 ns,  Iteration: 0,  Instance: /bf4_test_tb,  Process: output_verify.
# EXECUTION:: ERROR  : error in block bf4_proc_IF when X = 1101
# EXECUTION:: Time: 135 ns,  Iteration: 0,  Instance: /bf4_test_tb,  Process: output_verify.
# EXECUTION:: ERROR  : error in block bf4_proc_CASE when X = 1101
# EXECUTION:: Time: 135 ns,  Iteration: 0,  Instance: /bf4_test_tb,  Process: output_verify.
# EXECUTION:: NOTE   : at 140000 ps all Ys changed
# EXECUTION:: Time: 140 ns,  Iteration: 3,  Instance: /bf4_test_tb,  Process: output_verify.
# EXECUTION:: ERROR  : error in block bf4_logic when X = 1110
# EXECUTION:: Time: 145 ns,  Iteration: 0,  Instance: /bf4_test_tb,  Process: output_verify.
# EXECUTION:: ERROR  : error in block bf4_conc_CA when X = 1110
# EXECUTION:: Time: 145 ns,  Iteration: 0,  Instance: /bf4_test_tb,  Process: output_verify.
# EXECUTION:: ERROR  : error in block bf4_conc_WS when X = 1110
# EXECUTION:: Time: 145 ns,  Iteration: 0,  Instance: /bf4_test_tb,  Process: output_verify.
# EXECUTION:: ERROR  : error in block bf4_const when X = 1110
# EXECUTION:: Time: 145 ns,  Iteration: 0,  Instance: /bf4_test_tb,  Process: output_verify.
# EXECUTION:: ERROR  : error in block bf4_proc_IF when X = 1110
# EXECUTION:: Time: 145 ns,  Iteration: 0,  Instance: /bf4_test_tb,  Process: output_verify.
# EXECUTION:: ERROR  : error in block bf4_proc_CASE when X = 1110
# EXECUTION:: Time: 145 ns,  Iteration: 0,  Instance: /bf4_test_tb,  Process: output_verify.
# EXECUTION:: NOTE   : at 150000 ps all Ys changed
# EXECUTION:: Time: 150 ns,  Iteration: 3,  Instance: /bf4_test_tb,  Process: output_verify.
# EXECUTION:: ERROR  : error in block bf4_logic when X = 1111
# EXECUTION:: Time: 155 ns,  Iteration: 0,  Instance: /bf4_test_tb,  Process: output_verify.
# EXECUTION:: ERROR  : error in block bf4_conc_CA when X = 1111
# EXECUTION:: Time: 155 ns,  Iteration: 0,  Instance: /bf4_test_tb,  Process: output_verify.
# EXECUTION:: ERROR  : error in block bf4_conc_WS when X = 1111
# EXECUTION:: Time: 155 ns,  Iteration: 0,  Instance: /bf4_test_tb,  Process: output_verify.
# EXECUTION:: ERROR  : error in block bf4_const when X = 1111
# EXECUTION:: Time: 155 ns,  Iteration: 0,  Instance: /bf4_test_tb,  Process: output_verify.
# EXECUTION:: ERROR  : error in block bf4_proc_IF when X = 1111
# EXECUTION:: Time: 155 ns,  Iteration: 0,  Instance: /bf4_test_tb,  Process: output_verify.
# EXECUTION:: ERROR  : error in block bf4_proc_CASE when X = 1111
# EXECUTION:: Time: 155 ns,  Iteration: 0,  Instance: /bf4_test_tb,  Process: output_verify.
# KERNEL: WARNING: NUMERIC_STD.TO_INTEGER: metavalue detected, returning 0
# KERNEL: Time: 160 ns,  Iteration: 1,  Instance: /bf4_test_tb/UUT3,  Process: line__22.
# EXECUTION:: NOTE   : at 160000 ps all Ys changed
# EXECUTION:: Time: 160 ns,  Iteration: 3,  Instance: /bf4_test_tb,  Process: output_verify.
# EXECUTION:: ERROR  : not safe response in block bf4_logic when X = X000
# EXECUTION:: Time: 165 ns,  Iteration: 0,  Instance: /bf4_test_tb,  Process: output_verify.
# EXECUTION:: ERROR  : not safe response in block bf4_const when X = X000
# EXECUTION:: Time: 165 ns,  Iteration: 0,  Instance: /bf4_test_tb,  Process: output_verify.
# KERNEL: WARNING: NUMERIC_STD.TO_INTEGER: metavalue detected, returning 0
# KERNEL: Time: 170 ns,  Iteration: 1,  Instance: /bf4_test_tb/UUT3,  Process: line__22.
# EXECUTION:: NOTE   : at 170000 ps all Ys changed
# EXECUTION:: Time: 170 ns,  Iteration: 3,  Instance: /bf4_test_tb,  Process: output_verify.
# EXECUTION:: ERROR  : not safe response in block bf4_logic when X = 0X00
# EXECUTION:: Time: 175 ns,  Iteration: 0,  Instance: /bf4_test_tb,  Process: output_verify.
# EXECUTION:: ERROR  : not safe response in block bf4_const when X = 0X00
# EXECUTION:: Time: 175 ns,  Iteration: 0,  Instance: /bf4_test_tb,  Process: output_verify.
# KERNEL: WARNING: NUMERIC_STD.TO_INTEGER: metavalue detected, returning 0
# KERNEL: Time: 180 ns,  Iteration: 1,  Instance: /bf4_test_tb/UUT3,  Process: line__22.
# EXECUTION:: NOTE   : at 180000 ps all Ys changed
# EXECUTION:: Time: 180 ns,  Iteration: 3,  Instance: /bf4_test_tb,  Process: output_verify.
# EXECUTION:: ERROR  : not safe response in block bf4_logic when X = 00X0
# EXECUTION:: Time: 185 ns,  Iteration: 0,  Instance: /bf4_test_tb,  Process: output_verify.
# EXECUTION:: ERROR  : not safe response in block bf4_const when X = 00X0
# EXECUTION:: Time: 185 ns,  Iteration: 0,  Instance: /bf4_test_tb,  Process: output_verify.
# KERNEL: WARNING: NUMERIC_STD.TO_INTEGER: metavalue detected, returning 0
# KERNEL: Time: 190 ns,  Iteration: 1,  Instance: /bf4_test_tb/UUT3,  Process: line__22.
# KERNEL: WARNING: NUMERIC_STD.TO_INTEGER: metavalue detected, returning 0
# KERNEL: Time: 200 ns,  Iteration: 1,  Instance: /bf4_test_tb/UUT3,  Process: line__22.
# EXECUTION:: NOTE   : at 200000 ps all Ys changed
# EXECUTION:: Time: 200 ns,  Iteration: 3,  Instance: /bf4_test_tb,  Process: output_verify.
# EXECUTION:: ERROR  : not safe response in block bf4_logic when X = U000
# EXECUTION:: Time: 205 ns,  Iteration: 0,  Instance: /bf4_test_tb,  Process: output_verify.
# EXECUTION:: ERROR  : not safe response in block bf4_const when X = U000
# EXECUTION:: Time: 205 ns,  Iteration: 0,  Instance: /bf4_test_tb,  Process: output_verify.
# KERNEL: WARNING: NUMERIC_STD.TO_INTEGER: metavalue detected, returning 0
# KERNEL: Time: 210 ns,  Iteration: 1,  Instance: /bf4_test_tb/UUT3,  Process: line__22.
# EXECUTION:: NOTE   : at 210000 ps all Ys changed
# EXECUTION:: Time: 210 ns,  Iteration: 3,  Instance: /bf4_test_tb,  Process: output_verify.
# EXECUTION:: ERROR  : not safe response in block bf4_logic when X = 0U00
# EXECUTION:: Time: 215 ns,  Iteration: 0,  Instance: /bf4_test_tb,  Process: output_verify.
# EXECUTION:: ERROR  : not safe response in block bf4_const when X = 0U00
# EXECUTION:: Time: 215 ns,  Iteration: 0,  Instance: /bf4_test_tb,  Process: output_verify.
# KERNEL: WARNING: NUMERIC_STD.TO_INTEGER: metavalue detected, returning 0
# KERNEL: Time: 220 ns,  Iteration: 1,  Instance: /bf4_test_tb/UUT3,  Process: line__22.
# EXECUTION:: NOTE   : at 220000 ps all Ys changed
# EXECUTION:: Time: 220 ns,  Iteration: 3,  Instance: /bf4_test_tb,  Process: output_verify.
# EXECUTION:: ERROR  : not safe response in block bf4_logic when X = 00U0
# EXECUTION:: Time: 225 ns,  Iteration: 0,  Instance: /bf4_test_tb,  Process: output_verify.
# EXECUTION:: ERROR  : not safe response in block bf4_const when X = 00U0
# EXECUTION:: Time: 225 ns,  Iteration: 0,  Instance: /bf4_test_tb,  Process: output_verify.
# KERNEL: WARNING: NUMERIC_STD.TO_INTEGER: metavalue detected, returning 0
# KERNEL: Time: 230 ns,  Iteration: 1,  Instance: /bf4_test_tb/UUT3,  Process: line__22.
# EXECUTION:: NOTE   : at 240000 ps all Ys changed
# EXECUTION:: Time: 240 ns,  Iteration: 3,  Instance: /bf4_test_tb,  Process: output_verify.
# EXECUTION:: ERROR  : not safe response in block bf4_logic when X = H000
# EXECUTION:: Time: 245 ns,  Iteration: 0,  Instance: /bf4_test_tb,  Process: output_verify.
# EXECUTION:: ERROR  : not safe response in block bf4_const when X = H000
# EXECUTION:: Time: 245 ns,  Iteration: 0,  Instance: /bf4_test_tb,  Process: output_verify.
# EXECUTION:: NOTE   : at 250000 ps all Ys changed
# EXECUTION:: Time: 250 ns,  Iteration: 3,  Instance: /bf4_test_tb,  Process: output_verify.
# EXECUTION:: ERROR  : not safe response in block bf4_logic when X = 0H00
# EXECUTION:: Time: 255 ns,  Iteration: 0,  Instance: /bf4_test_tb,  Process: output_verify.
# EXECUTION:: ERROR  : not safe response in block bf4_const when X = 0H00
# EXECUTION:: Time: 255 ns,  Iteration: 0,  Instance: /bf4_test_tb,  Process: output_verify.
# EXECUTION:: NOTE   : at 260000 ps all Ys changed
# EXECUTION:: Time: 260 ns,  Iteration: 3,  Instance: /bf4_test_tb,  Process: output_verify.
# EXECUTION:: ERROR  : not safe response in block bf4_logic when X = 00H0
# EXECUTION:: Time: 265 ns,  Iteration: 0,  Instance: /bf4_test_tb,  Process: output_verify.
# EXECUTION:: ERROR  : not safe response in block bf4_const when X = 00H0
# EXECUTION:: Time: 265 ns,  Iteration: 0,  Instance: /bf4_test_tb,  Process: output_verify.
# EXECUTION:: NOTE   : at 280000 ps all Ys changed
# EXECUTION:: Time: 280 ns,  Iteration: 3,  Instance: /bf4_test_tb,  Process: output_verify.
# EXECUTION:: ERROR  : not safe response in block bf4_logic when X = L000
# EXECUTION:: Time: 285 ns,  Iteration: 0,  Instance: /bf4_test_tb,  Process: output_verify.
# EXECUTION:: ERROR  : not safe response in block bf4_const when X = L000
# EXECUTION:: Time: 285 ns,  Iteration: 0,  Instance: /bf4_test_tb,  Process: output_verify.
# KERNEL: stopped at time: 350 ns
# KERNEL: Simulation has finished. There are no more test vectors to simulate.
endsim
# VSIM: Simulation has finished.
SetActiveLib -work
comp -include "$dsn\src\bf4_conc_CA.vhd" 
# Compile Entity "bf4_conc_CA"
# Compile Architecture "bf4_conc_CA" of Entity "bf4_conc_CA"
# Compile success 0 Errors 0 Warnings  Analysis time :  16.0 [ms]
comp -include "$dsn\src\bf4_conc_WS.vhd"
# Compile Entity "bf4_conc_WS"
# Compile Architecture "bf4_conc_WS" of Entity "bf4_conc_WS"
# Compile success 0 Errors 0 Warnings  Analysis time :  16.0 [ms]
comp -include "$dsn\src\bf4_const.vhd"
# Compile Entity "bf4_const"
# Compile Architecture "bf4_const" of Entity "bf4_const"
# Compile success 0 Errors 0 Warnings  Analysis time :  15.0 [ms]
comp -include "$dsn\src\bf4_logic.vhd"
# Compile Entity "bf4_logic"
# Compile Architecture "bf4_logic" of Entity "bf4_logic"
# Compile success 0 Errors 0 Warnings  Analysis time :  31.0 [ms]
comp -include "$dsn\src\bf4_proc_IF.vhd"
# Compile Entity "bf4_proc_IF"
# Compile Architecture "bf4_proc_IF" of Entity "bf4_proc_IF"
# Compile success 0 Errors 0 Warnings  Analysis time :  16.0 [ms]
comp -include "$dsn\src\bf4_proc_CASE.vhd"
# Compile Entity "bf4_proc_CASE"
# Compile Architecture "bf4_proc_CASE" of Entity "bf4_proc_CASE"
# Compile success 0 Errors 0 Warnings  Analysis time :  15.0 [ms]
comp -include "$dsn\src\bf4_K2_TB.vhd" 
# Compile Entity "bf4_test_tb"
# Compile Architecture "bf4_test_tb" of Entity "bf4_test_tb"
# Compile success 0 Errors 0 Warnings  Analysis time :  47.0 [ms]
asim +access +r bf4_test_tb 
# ELBREAD: Elaboration process.
# ELBREAD: Elaboration time 0.0 [s].
# VSIM: Stack memory: 32MB
# VSIM: Retval memory: 32MB
# 
# KERNEL: Main thread initiated.
# KERNEL: Kernel process initialization phase.
# ELAB2: Elaboration final pass...
# ELAB2: Create instances ...
# KERNEL: Time resolution set to 1ps.
# ELAB2: Create instances complete.
# SLP: Started
# SLP: Elaboration phase ...
# SLP: Elaboration phase ... skipped, nothing to simulate in SLP mode : 0.0 [s]
# SLP: Finished : 0.0 [s]
# ELAB2: Elaboration final pass complete - time: 0.0 [s].
# KERNEL: Warning: You are using the Active-HDL Student Edition. The performance of simulation is running at a reduced rate.
# KERNEL: Warning: Contact Aldec for available upgrade options - sales@aldec.com.
# KERNEL: Kernel process initialization done.
# Allocation: Simulator allocated 6491 kB (elbread=427 elab2=5924 kernel=139 sdf=0)
# KERNEL: ASDB file was created in location D:\students\IKM722a_Vorontsov\vhdl\LAB_2\LAB_2\src\wave.asdb
#  14:47, 23 травня 2026 р.
#  Simulation has been initialized
wave 
wave -noreg X
wave -noreg Y_conc_CA
wave -noreg Y_conc_WS
wave -noreg Y_const  
wave -noreg Y_logic
wave -noreg Y_proc_IF
wave -noreg Y_proc_CASE
wave -noreg TEST_PHASE
wave -noreg VERIF_STATE
run 350 ns
# VSIM: 9 object(s) traced.
# Waveform file 'untitled.awc' connected to 'D:/students/IKM722a_Vorontsov/vhdl/LAB_2/LAB_2/src/wave.asdb'.
# KERNEL: WARNING: NUMERIC_STD.TO_INTEGER: metavalue detected, returning 0
# KERNEL: Time: 0 ps,  Iteration: 0,  Instance: /bf4_test_tb/UUT3,  Process: line__22.
# EXECUTION:: NOTE   : at 0 ps all Ys changed
# EXECUTION:: Time: 0 ps,  Iteration: 3,  Instance: /bf4_test_tb,  Process: output_verify.
# EXECUTION:: ERROR  : error in block bf4_logic when X = 0000
# EXECUTION:: Time: 5 ns,  Iteration: 0,  Instance: /bf4_test_tb,  Process: output_verify.
# EXECUTION:: ERROR  : error in block bf4_conc_CA when X = 0000
# EXECUTION:: Time: 5 ns,  Iteration: 0,  Instance: /bf4_test_tb,  Process: output_verify.
# EXECUTION:: ERROR  : error in block bf4_conc_WS when X = 0000
# EXECUTION:: Time: 5 ns,  Iteration: 0,  Instance: /bf4_test_tb,  Process: output_verify.
# EXECUTION:: ERROR  : error in block bf4_const when X = 0000
# EXECUTION:: Time: 5 ns,  Iteration: 0,  Instance: /bf4_test_tb,  Process: output_verify.
# EXECUTION:: ERROR  : error in block bf4_proc_IF when X = 0000
# EXECUTION:: Time: 5 ns,  Iteration: 0,  Instance: /bf4_test_tb,  Process: output_verify.
# EXECUTION:: ERROR  : error in block bf4_proc_CASE when X = 0000
# EXECUTION:: Time: 5 ns,  Iteration: 0,  Instance: /bf4_test_tb,  Process: output_verify.
# EXECUTION:: NOTE   : at 10000 ps all Ys changed
# EXECUTION:: Time: 10 ns,  Iteration: 3,  Instance: /bf4_test_tb,  Process: output_verify.
# EXECUTION:: ERROR  : error in block bf4_logic when X = 0001
# EXECUTION:: Time: 15 ns,  Iteration: 0,  Instance: /bf4_test_tb,  Process: output_verify.
# EXECUTION:: NOTE   : at 30000 ps all Ys changed
# EXECUTION:: Time: 30 ns,  Iteration: 3,  Instance: /bf4_test_tb,  Process: output_verify.
# EXECUTION:: ERROR  : error in block bf4_logic when X = 0011
# EXECUTION:: Time: 35 ns,  Iteration: 0,  Instance: /bf4_test_tb,  Process: output_verify.
# EXECUTION:: NOTE   : at 50000 ps all Ys changed
# EXECUTION:: Time: 50 ns,  Iteration: 3,  Instance: /bf4_test_tb,  Process: output_verify.
# EXECUTION:: ERROR  : error in block bf4_logic when X = 0101
# EXECUTION:: Time: 55 ns,  Iteration: 0,  Instance: /bf4_test_tb,  Process: output_verify.
# EXECUTION:: ERROR  : error in block bf4_conc_CA when X = 0101
# EXECUTION:: Time: 55 ns,  Iteration: 0,  Instance: /bf4_test_tb,  Process: output_verify.
# EXECUTION:: ERROR  : error in block bf4_conc_WS when X = 0101
# EXECUTION:: Time: 55 ns,  Iteration: 0,  Instance: /bf4_test_tb,  Process: output_verify.
# EXECUTION:: ERROR  : error in block bf4_const when X = 0101
# EXECUTION:: Time: 55 ns,  Iteration: 0,  Instance: /bf4_test_tb,  Process: output_verify.
# EXECUTION:: ERROR  : error in block bf4_proc_IF when X = 0101
# EXECUTION:: Time: 55 ns,  Iteration: 0,  Instance: /bf4_test_tb,  Process: output_verify.
# EXECUTION:: ERROR  : error in block bf4_proc_CASE when X = 0101
# EXECUTION:: Time: 55 ns,  Iteration: 0,  Instance: /bf4_test_tb,  Process: output_verify.
# EXECUTION:: NOTE   : at 60000 ps all Ys changed
# EXECUTION:: Time: 60 ns,  Iteration: 3,  Instance: /bf4_test_tb,  Process: output_verify.
# EXECUTION:: ERROR  : error in block bf4_logic when X = 0110
# EXECUTION:: Time: 65 ns,  Iteration: 0,  Instance: /bf4_test_tb,  Process: output_verify.
# EXECUTION:: ERROR  : error in block bf4_conc_CA when X = 0110
# EXECUTION:: Time: 65 ns,  Iteration: 0,  Instance: /bf4_test_tb,  Process: output_verify.
# EXECUTION:: ERROR  : error in block bf4_conc_WS when X = 0110
# EXECUTION:: Time: 65 ns,  Iteration: 0,  Instance: /bf4_test_tb,  Process: output_verify.
# EXECUTION:: ERROR  : error in block bf4_const when X = 0110
# EXECUTION:: Time: 65 ns,  Iteration: 0,  Instance: /bf4_test_tb,  Process: output_verify.
# EXECUTION:: ERROR  : error in block bf4_proc_IF when X = 0110
# EXECUTION:: Time: 65 ns,  Iteration: 0,  Instance: /bf4_test_tb,  Process: output_verify.
# EXECUTION:: ERROR  : error in block bf4_proc_CASE when X = 0110
# EXECUTION:: Time: 65 ns,  Iteration: 0,  Instance: /bf4_test_tb,  Process: output_verify.
# EXECUTION:: NOTE   : at 70000 ps all Ys changed
# EXECUTION:: Time: 70 ns,  Iteration: 3,  Instance: /bf4_test_tb,  Process: output_verify.
# EXECUTION:: ERROR  : error in block bf4_conc_CA when X = 0111
# EXECUTION:: Time: 75 ns,  Iteration: 0,  Instance: /bf4_test_tb,  Process: output_verify.
# EXECUTION:: ERROR  : error in block bf4_conc_WS when X = 0111
# EXECUTION:: Time: 75 ns,  Iteration: 0,  Instance: /bf4_test_tb,  Process: output_verify.
# EXECUTION:: ERROR  : error in block bf4_const when X = 0111
# EXECUTION:: Time: 75 ns,  Iteration: 0,  Instance: /bf4_test_tb,  Process: output_verify.
# EXECUTION:: ERROR  : error in block bf4_proc_IF when X = 0111
# EXECUTION:: Time: 75 ns,  Iteration: 0,  Instance: /bf4_test_tb,  Process: output_verify.
# EXECUTION:: ERROR  : error in block bf4_proc_CASE when X = 0111
# EXECUTION:: Time: 75 ns,  Iteration: 0,  Instance: /bf4_test_tb,  Process: output_verify.
# EXECUTION:: NOTE   : at 80000 ps all Ys changed
# EXECUTION:: Time: 80 ns,  Iteration: 3,  Instance: /bf4_test_tb,  Process: output_verify.
# EXECUTION:: ERROR  : error in block bf4_logic when X = 1000
# EXECUTION:: Time: 85 ns,  Iteration: 0,  Instance: /bf4_test_tb,  Process: output_verify.
# EXECUTION:: ERROR  : error in block bf4_conc_CA when X = 1000
# EXECUTION:: Time: 85 ns,  Iteration: 0,  Instance: /bf4_test_tb,  Process: output_verify.
# EXECUTION:: ERROR  : error in block bf4_conc_WS when X = 1000
# EXECUTION:: Time: 85 ns,  Iteration: 0,  Instance: /bf4_test_tb,  Process: output_verify.
# EXECUTION:: ERROR  : error in block bf4_const when X = 1000
# EXECUTION:: Time: 85 ns,  Iteration: 0,  Instance: /bf4_test_tb,  Process: output_verify.
# EXECUTION:: ERROR  : error in block bf4_proc_IF when X = 1000
# EXECUTION:: Time: 85 ns,  Iteration: 0,  Instance: /bf4_test_tb,  Process: output_verify.
# EXECUTION:: ERROR  : error in block bf4_proc_CASE when X = 1000
# EXECUTION:: Time: 85 ns,  Iteration: 0,  Instance: /bf4_test_tb,  Process: output_verify.
# EXECUTION:: NOTE   : at 90000 ps all Ys changed
# EXECUTION:: Time: 90 ns,  Iteration: 3,  Instance: /bf4_test_tb,  Process: output_verify.
# EXECUTION:: ERROR  : error in block bf4_logic when X = 1001
# EXECUTION:: Time: 95 ns,  Iteration: 0,  Instance: /bf4_test_tb,  Process: output_verify.
# EXECUTION:: ERROR  : error in block bf4_conc_CA when X = 1001
# EXECUTION:: Time: 95 ns,  Iteration: 0,  Instance: /bf4_test_tb,  Process: output_verify.
# EXECUTION:: ERROR  : error in block bf4_conc_WS when X = 1001
# EXECUTION:: Time: 95 ns,  Iteration: 0,  Instance: /bf4_test_tb,  Process: output_verify.
# EXECUTION:: ERROR  : error in block bf4_const when X = 1001
# EXECUTION:: Time: 95 ns,  Iteration: 0,  Instance: /bf4_test_tb,  Process: output_verify.
# EXECUTION:: ERROR  : error in block bf4_proc_IF when X = 1001
# EXECUTION:: Time: 95 ns,  Iteration: 0,  Instance: /bf4_test_tb,  Process: output_verify.
# EXECUTION:: ERROR  : error in block bf4_proc_CASE when X = 1001
# EXECUTION:: Time: 95 ns,  Iteration: 0,  Instance: /bf4_test_tb,  Process: output_verify.
# EXECUTION:: NOTE   : at 110000 ps all Ys changed
# EXECUTION:: Time: 110 ns,  Iteration: 3,  Instance: /bf4_test_tb,  Process: output_verify.
# EXECUTION:: ERROR  : error in block bf4_logic when X = 1011
# EXECUTION:: Time: 115 ns,  Iteration: 0,  Instance: /bf4_test_tb,  Process: output_verify.
# EXECUTION:: ERROR  : error in block bf4_conc_CA when X = 1011
# EXECUTION:: Time: 115 ns,  Iteration: 0,  Instance: /bf4_test_tb,  Process: output_verify.
# EXECUTION:: ERROR  : error in block bf4_conc_WS when X = 1011
# EXECUTION:: Time: 115 ns,  Iteration: 0,  Instance: /bf4_test_tb,  Process: output_verify.
# EXECUTION:: ERROR  : error in block bf4_const when X = 1011
# EXECUTION:: Time: 115 ns,  Iteration: 0,  Instance: /bf4_test_tb,  Process: output_verify.
# EXECUTION:: ERROR  : error in block bf4_proc_IF when X = 1011
# EXECUTION:: Time: 115 ns,  Iteration: 0,  Instance: /bf4_test_tb,  Process: output_verify.
# EXECUTION:: ERROR  : error in block bf4_proc_CASE when X = 1011
# EXECUTION:: Time: 115 ns,  Iteration: 0,  Instance: /bf4_test_tb,  Process: output_verify.
# EXECUTION:: NOTE   : at 120000 ps all Ys changed
# EXECUTION:: Time: 120 ns,  Iteration: 3,  Instance: /bf4_test_tb,  Process: output_verify.
# EXECUTION:: ERROR  : error in block bf4_logic when X = 1100
# EXECUTION:: Time: 125 ns,  Iteration: 0,  Instance: /bf4_test_tb,  Process: output_verify.
# EXECUTION:: ERROR  : error in block bf4_conc_CA when X = 1100
# EXECUTION:: Time: 125 ns,  Iteration: 0,  Instance: /bf4_test_tb,  Process: output_verify.
# EXECUTION:: ERROR  : error in block bf4_conc_WS when X = 1100
# EXECUTION:: Time: 125 ns,  Iteration: 0,  Instance: /bf4_test_tb,  Process: output_verify.
# EXECUTION:: ERROR  : error in block bf4_const when X = 1100
# EXECUTION:: Time: 125 ns,  Iteration: 0,  Instance: /bf4_test_tb,  Process: output_verify.
# EXECUTION:: ERROR  : error in block bf4_proc_IF when X = 1100
# EXECUTION:: Time: 125 ns,  Iteration: 0,  Instance: /bf4_test_tb,  Process: output_verify.
# EXECUTION:: ERROR  : error in block bf4_proc_CASE when X = 1100
# EXECUTION:: Time: 125 ns,  Iteration: 0,  Instance: /bf4_test_tb,  Process: output_verify.
# EXECUTION:: NOTE   : at 130000 ps all Ys changed
# EXECUTION:: Time: 130 ns,  Iteration: 3,  Instance: /bf4_test_tb,  Process: output_verify.
# EXECUTION:: ERROR  : error in block bf4_logic when X = 1101
# EXECUTION:: Time: 135 ns,  Iteration: 0,  Instance: /bf4_test_tb,  Process: output_verify.
# EXECUTION:: ERROR  : error in block bf4_conc_CA when X = 1101
# EXECUTION:: Time: 135 ns,  Iteration: 0,  Instance: /bf4_test_tb,  Process: output_verify.
# EXECUTION:: ERROR  : error in block bf4_conc_WS when X = 1101
# EXECUTION:: Time: 135 ns,  Iteration: 0,  Instance: /bf4_test_tb,  Process: output_verify.
# EXECUTION:: ERROR  : error in block bf4_const when X = 1101
# EXECUTION:: Time: 135 ns,  Iteration: 0,  Instance: /bf4_test_tb,  Process: output_verify.
# EXECUTION:: ERROR  : error in block bf4_proc_IF when X = 1101
# EXECUTION:: Time: 135 ns,  Iteration: 0,  Instance: /bf4_test_tb,  Process: output_verify.
# EXECUTION:: ERROR  : error in block bf4_proc_CASE when X = 1101
# EXECUTION:: Time: 135 ns,  Iteration: 0,  Instance: /bf4_test_tb,  Process: output_verify.
# EXECUTION:: NOTE   : at 140000 ps all Ys changed
# EXECUTION:: Time: 140 ns,  Iteration: 3,  Instance: /bf4_test_tb,  Process: output_verify.
# EXECUTION:: ERROR  : error in block bf4_logic when X = 1110
# EXECUTION:: Time: 145 ns,  Iteration: 0,  Instance: /bf4_test_tb,  Process: output_verify.
# EXECUTION:: ERROR  : error in block bf4_conc_CA when X = 1110
# EXECUTION:: Time: 145 ns,  Iteration: 0,  Instance: /bf4_test_tb,  Process: output_verify.
# EXECUTION:: ERROR  : error in block bf4_conc_WS when X = 1110
# EXECUTION:: Time: 145 ns,  Iteration: 0,  Instance: /bf4_test_tb,  Process: output_verify.
# EXECUTION:: ERROR  : error in block bf4_const when X = 1110
# EXECUTION:: Time: 145 ns,  Iteration: 0,  Instance: /bf4_test_tb,  Process: output_verify.
# EXECUTION:: ERROR  : error in block bf4_proc_IF when X = 1110
# EXECUTION:: Time: 145 ns,  Iteration: 0,  Instance: /bf4_test_tb,  Process: output_verify.
# EXECUTION:: ERROR  : error in block bf4_proc_CASE when X = 1110
# EXECUTION:: Time: 145 ns,  Iteration: 0,  Instance: /bf4_test_tb,  Process: output_verify.
# EXECUTION:: NOTE   : at 150000 ps all Ys changed
# EXECUTION:: Time: 150 ns,  Iteration: 3,  Instance: /bf4_test_tb,  Process: output_verify.
# EXECUTION:: ERROR  : error in block bf4_logic when X = 1111
# EXECUTION:: Time: 155 ns,  Iteration: 0,  Instance: /bf4_test_tb,  Process: output_verify.
# EXECUTION:: ERROR  : error in block bf4_conc_CA when X = 1111
# EXECUTION:: Time: 155 ns,  Iteration: 0,  Instance: /bf4_test_tb,  Process: output_verify.
# EXECUTION:: ERROR  : error in block bf4_conc_WS when X = 1111
# EXECUTION:: Time: 155 ns,  Iteration: 0,  Instance: /bf4_test_tb,  Process: output_verify.
# EXECUTION:: ERROR  : error in block bf4_const when X = 1111
# EXECUTION:: Time: 155 ns,  Iteration: 0,  Instance: /bf4_test_tb,  Process: output_verify.
# EXECUTION:: ERROR  : error in block bf4_proc_IF when X = 1111
# EXECUTION:: Time: 155 ns,  Iteration: 0,  Instance: /bf4_test_tb,  Process: output_verify.
# EXECUTION:: ERROR  : error in block bf4_proc_CASE when X = 1111
# EXECUTION:: Time: 155 ns,  Iteration: 0,  Instance: /bf4_test_tb,  Process: output_verify.
# KERNEL: WARNING: NUMERIC_STD.TO_INTEGER: metavalue detected, returning 0
# KERNEL: Time: 160 ns,  Iteration: 1,  Instance: /bf4_test_tb/UUT3,  Process: line__22.
# EXECUTION:: NOTE   : at 160000 ps all Ys changed
# EXECUTION:: Time: 160 ns,  Iteration: 3,  Instance: /bf4_test_tb,  Process: output_verify.
# EXECUTION:: ERROR  : not safe response in block bf4_logic when X = X000
# EXECUTION:: Time: 165 ns,  Iteration: 0,  Instance: /bf4_test_tb,  Process: output_verify.
# EXECUTION:: ERROR  : not safe response in block bf4_const when X = X000
# EXECUTION:: Time: 165 ns,  Iteration: 0,  Instance: /bf4_test_tb,  Process: output_verify.
# KERNEL: WARNING: NUMERIC_STD.TO_INTEGER: metavalue detected, returning 0
# KERNEL: Time: 170 ns,  Iteration: 1,  Instance: /bf4_test_tb/UUT3,  Process: line__22.
# EXECUTION:: NOTE   : at 170000 ps all Ys changed
# EXECUTION:: Time: 170 ns,  Iteration: 3,  Instance: /bf4_test_tb,  Process: output_verify.
# EXECUTION:: ERROR  : not safe response in block bf4_logic when X = 0X00
# EXECUTION:: Time: 175 ns,  Iteration: 0,  Instance: /bf4_test_tb,  Process: output_verify.
# EXECUTION:: ERROR  : not safe response in block bf4_const when X = 0X00
# EXECUTION:: Time: 175 ns,  Iteration: 0,  Instance: /bf4_test_tb,  Process: output_verify.
# KERNEL: WARNING: NUMERIC_STD.TO_INTEGER: metavalue detected, returning 0
# KERNEL: Time: 180 ns,  Iteration: 1,  Instance: /bf4_test_tb/UUT3,  Process: line__22.
# EXECUTION:: NOTE   : at 180000 ps all Ys changed
# EXECUTION:: Time: 180 ns,  Iteration: 3,  Instance: /bf4_test_tb,  Process: output_verify.
# EXECUTION:: ERROR  : not safe response in block bf4_logic when X = 00X0
# EXECUTION:: Time: 185 ns,  Iteration: 0,  Instance: /bf4_test_tb,  Process: output_verify.
# EXECUTION:: ERROR  : not safe response in block bf4_const when X = 00X0
# EXECUTION:: Time: 185 ns,  Iteration: 0,  Instance: /bf4_test_tb,  Process: output_verify.
# KERNEL: WARNING: NUMERIC_STD.TO_INTEGER: metavalue detected, returning 0
# KERNEL: Time: 190 ns,  Iteration: 1,  Instance: /bf4_test_tb/UUT3,  Process: line__22.
# KERNEL: WARNING: NUMERIC_STD.TO_INTEGER: metavalue detected, returning 0
# KERNEL: Time: 200 ns,  Iteration: 1,  Instance: /bf4_test_tb/UUT3,  Process: line__22.
# EXECUTION:: NOTE   : at 200000 ps all Ys changed
# EXECUTION:: Time: 200 ns,  Iteration: 3,  Instance: /bf4_test_tb,  Process: output_verify.
# EXECUTION:: ERROR  : not safe response in block bf4_logic when X = U000
# EXECUTION:: Time: 205 ns,  Iteration: 0,  Instance: /bf4_test_tb,  Process: output_verify.
# EXECUTION:: ERROR  : not safe response in block bf4_const when X = U000
# EXECUTION:: Time: 205 ns,  Iteration: 0,  Instance: /bf4_test_tb,  Process: output_verify.
# KERNEL: WARNING: NUMERIC_STD.TO_INTEGER: metavalue detected, returning 0
# KERNEL: Time: 210 ns,  Iteration: 1,  Instance: /bf4_test_tb/UUT3,  Process: line__22.
# EXECUTION:: NOTE   : at 210000 ps all Ys changed
# EXECUTION:: Time: 210 ns,  Iteration: 3,  Instance: /bf4_test_tb,  Process: output_verify.
# EXECUTION:: ERROR  : not safe response in block bf4_logic when X = 0U00
# EXECUTION:: Time: 215 ns,  Iteration: 0,  Instance: /bf4_test_tb,  Process: output_verify.
# EXECUTION:: ERROR  : not safe response in block bf4_const when X = 0U00
# EXECUTION:: Time: 215 ns,  Iteration: 0,  Instance: /bf4_test_tb,  Process: output_verify.
# KERNEL: WARNING: NUMERIC_STD.TO_INTEGER: metavalue detected, returning 0
# KERNEL: Time: 220 ns,  Iteration: 1,  Instance: /bf4_test_tb/UUT3,  Process: line__22.
# EXECUTION:: NOTE   : at 220000 ps all Ys changed
# EXECUTION:: Time: 220 ns,  Iteration: 3,  Instance: /bf4_test_tb,  Process: output_verify.
# EXECUTION:: ERROR  : not safe response in block bf4_logic when X = 00U0
# EXECUTION:: Time: 225 ns,  Iteration: 0,  Instance: /bf4_test_tb,  Process: output_verify.
# EXECUTION:: ERROR  : not safe response in block bf4_const when X = 00U0
# EXECUTION:: Time: 225 ns,  Iteration: 0,  Instance: /bf4_test_tb,  Process: output_verify.
# KERNEL: WARNING: NUMERIC_STD.TO_INTEGER: metavalue detected, returning 0
# KERNEL: Time: 230 ns,  Iteration: 1,  Instance: /bf4_test_tb/UUT3,  Process: line__22.
# EXECUTION:: NOTE   : at 240000 ps all Ys changed
# EXECUTION:: Time: 240 ns,  Iteration: 3,  Instance: /bf4_test_tb,  Process: output_verify.
# EXECUTION:: ERROR  : not safe response in block bf4_logic when X = H000
# EXECUTION:: Time: 245 ns,  Iteration: 0,  Instance: /bf4_test_tb,  Process: output_verify.
# EXECUTION:: ERROR  : not safe response in block bf4_const when X = H000
# EXECUTION:: Time: 245 ns,  Iteration: 0,  Instance: /bf4_test_tb,  Process: output_verify.
# EXECUTION:: NOTE   : at 250000 ps all Ys changed
# EXECUTION:: Time: 250 ns,  Iteration: 3,  Instance: /bf4_test_tb,  Process: output_verify.
# EXECUTION:: ERROR  : not safe response in block bf4_logic when X = 0H00
# EXECUTION:: Time: 255 ns,  Iteration: 0,  Instance: /bf4_test_tb,  Process: output_verify.
# EXECUTION:: ERROR  : not safe response in block bf4_const when X = 0H00
# EXECUTION:: Time: 255 ns,  Iteration: 0,  Instance: /bf4_test_tb,  Process: output_verify.
# EXECUTION:: NOTE   : at 260000 ps all Ys changed
# EXECUTION:: Time: 260 ns,  Iteration: 3,  Instance: /bf4_test_tb,  Process: output_verify.
# EXECUTION:: ERROR  : not safe response in block bf4_logic when X = 00H0
# EXECUTION:: Time: 265 ns,  Iteration: 0,  Instance: /bf4_test_tb,  Process: output_verify.
# EXECUTION:: ERROR  : not safe response in block bf4_const when X = 00H0
# EXECUTION:: Time: 265 ns,  Iteration: 0,  Instance: /bf4_test_tb,  Process: output_verify.
# EXECUTION:: NOTE   : at 280000 ps all Ys changed
# EXECUTION:: Time: 280 ns,  Iteration: 3,  Instance: /bf4_test_tb,  Process: output_verify.
# EXECUTION:: ERROR  : not safe response in block bf4_logic when X = L000
# EXECUTION:: Time: 285 ns,  Iteration: 0,  Instance: /bf4_test_tb,  Process: output_verify.
# EXECUTION:: ERROR  : not safe response in block bf4_const when X = L000
# EXECUTION:: Time: 285 ns,  Iteration: 0,  Instance: /bf4_test_tb,  Process: output_verify.
# KERNEL: stopped at time: 350 ns
# KERNEL: Simulation has finished. There are no more test vectors to simulate.
SetActiveLib -work
comp -include "$dsn\src\bf4_conc_CA.vhd" 
# Compile Entity "bf4_conc_CA"
# Compile Architecture "bf4_conc_CA" of Entity "bf4_conc_CA"
# Compile success 0 Errors 0 Warnings  Analysis time :  31.0 [ms]
comp -include "$dsn\src\bf4_conc_WS.vhd"
# Compile Entity "bf4_conc_WS"
# Compile Architecture "bf4_conc_WS" of Entity "bf4_conc_WS"
# Compile success 0 Errors 0 Warnings  Analysis time :  16.0 [ms]
comp -include "$dsn\src\bf4_const.vhd"
# Compile Entity "bf4_const"
# Compile Architecture "bf4_const" of Entity "bf4_const"
# Compile success 0 Errors 0 Warnings  Analysis time :  16.0 [ms]
comp -include "$dsn\src\bf4_logic.vhd"
# Compile Entity "bf4_logic"
# Compile Architecture "bf4_logic" of Entity "bf4_logic"
# Compile success 0 Errors 0 Warnings  Analysis time :  32.0 [ms]
comp -include "$dsn\src\bf4_proc_IF.vhd"
# Compile Entity "bf4_proc_IF"
# Compile Architecture "bf4_proc_IF" of Entity "bf4_proc_IF"
# Compile success 0 Errors 0 Warnings  Analysis time :  15.0 [ms]
comp -include "$dsn\src\bf4_proc_CASE.vhd"
# Compile Entity "bf4_proc_CASE"
# Compile Architecture "bf4_proc_CASE" of Entity "bf4_proc_CASE"
# Compile success 0 Errors 0 Warnings  Analysis time :  15.0 [ms]
comp -include "$dsn\src\bf4_K2_TB.vhd" 
# Compile Entity "bf4_test_tb"
# Compile Architecture "bf4_test_tb" of Entity "bf4_test_tb"
# Compile success 0 Errors 0 Warnings  Analysis time :  31.0 [ms]
asim +access +r bf4_test_tb 
# VSIM: Simulation has finished.
# ELBREAD: Elaboration process.
# ELBREAD: Elaboration time 0.0 [s].
# VSIM: Stack memory: 32MB
# VSIM: Retval memory: 32MB
# 
# KERNEL: Main thread initiated.
# KERNEL: Kernel process initialization phase.
# ELAB2: Elaboration final pass...
# ELAB2: Create instances ...
# KERNEL: Time resolution set to 1ps.
# ELAB2: Create instances complete.
# SLP: Started
# SLP: Elaboration phase ...
# SLP: Elaboration phase ... skipped, nothing to simulate in SLP mode : 0.0 [s]
# SLP: Finished : 0.0 [s]
# ELAB2: Elaboration final pass complete - time: 0.0 [s].
# KERNEL: Warning: You are using the Active-HDL Student Edition. The performance of simulation is running at a reduced rate.
# KERNEL: Warning: Contact Aldec for available upgrade options - sales@aldec.com.
# KERNEL: Kernel process initialization done.
# Allocation: Simulator allocated 6491 kB (elbread=427 elab2=5924 kernel=139 sdf=0)
# KERNEL: ASDB file was created in location D:\students\IKM722a_Vorontsov\vhdl\LAB_2\LAB_2\src\wave.asdb
#  14:47, 23 травня 2026 р.
#  Simulation has been initialized
# Waveform file 'untitled.awc' connected to 'D:/students/IKM722a_Vorontsov/vhdl/LAB_2/LAB_2/src/wave.asdb'.
wave 
wave -noreg X
wave -noreg Y_conc_CA
wave -noreg Y_conc_WS
wave -noreg Y_const  
wave -noreg Y_logic
wave -noreg Y_proc_IF
wave -noreg Y_proc_CASE
wave -noreg TEST_PHASE
wave -noreg VERIF_STATE
run 350 ns
# KERNEL: Warning: KERNEL_0291 Object "/bf4_test_tb/X" has already been traced.
# KERNEL: Warning: KERNEL_0291 Object "/bf4_test_tb/Y_conc_CA" has already been traced.
# KERNEL: Warning: KERNEL_0291 Object "/bf4_test_tb/Y_conc_WS" has already been traced.
# KERNEL: Warning: KERNEL_0291 Object "/bf4_test_tb/Y_const" has already been traced.
# KERNEL: Warning: KERNEL_0291 Object "/bf4_test_tb/Y_logic" has already been traced.
# KERNEL: Warning: KERNEL_0291 Object "/bf4_test_tb/Y_proc_IF" has already been traced.
# KERNEL: Warning: KERNEL_0291 Object "/bf4_test_tb/Y_proc_CASE" has already been traced.
# KERNEL: Warning: KERNEL_0291 Object "/bf4_test_tb/TEST_PHASE" has already been traced.
# KERNEL: Warning: KERNEL_0291 Object "/bf4_test_tb/VERIF_STATE" has already been traced.
# VSIM: 0 object(s) traced.
# Waveform file 'untitled.awc' connected to 'D:/students/IKM722a_Vorontsov/vhdl/LAB_2/LAB_2/src/wave.asdb'.
# KERNEL: WARNING: NUMERIC_STD.TO_INTEGER: metavalue detected, returning 0
# KERNEL: Time: 0 ps,  Iteration: 0,  Instance: /bf4_test_tb/UUT3,  Process: line__22.
# EXECUTION:: NOTE   : at 0 ps all Ys changed
# EXECUTION:: Time: 0 ps,  Iteration: 3,  Instance: /bf4_test_tb,  Process: output_verify.
# EXECUTION:: ERROR  : error in block bf4_conc_CA when X = 0000
# EXECUTION:: Time: 5 ns,  Iteration: 0,  Instance: /bf4_test_tb,  Process: output_verify.
# EXECUTION:: ERROR  : error in block bf4_conc_WS when X = 0000
# EXECUTION:: Time: 5 ns,  Iteration: 0,  Instance: /bf4_test_tb,  Process: output_verify.
# EXECUTION:: ERROR  : error in block bf4_const when X = 0000
# EXECUTION:: Time: 5 ns,  Iteration: 0,  Instance: /bf4_test_tb,  Process: output_verify.
# EXECUTION:: ERROR  : error in block bf4_proc_IF when X = 0000
# EXECUTION:: Time: 5 ns,  Iteration: 0,  Instance: /bf4_test_tb,  Process: output_verify.
# EXECUTION:: ERROR  : error in block bf4_proc_CASE when X = 0000
# EXECUTION:: Time: 5 ns,  Iteration: 0,  Instance: /bf4_test_tb,  Process: output_verify.
# EXECUTION:: NOTE   : at 10000 ps all Ys changed
# EXECUTION:: Time: 10 ns,  Iteration: 3,  Instance: /bf4_test_tb,  Process: output_verify.
# EXECUTION:: NOTE   : at 20000 ps all Ys changed
# EXECUTION:: Time: 20 ns,  Iteration: 3,  Instance: /bf4_test_tb,  Process: output_verify.
# EXECUTION:: ERROR  : error in block bf4_conc_CA when X = 0010
# EXECUTION:: Time: 25 ns,  Iteration: 0,  Instance: /bf4_test_tb,  Process: output_verify.
# EXECUTION:: ERROR  : error in block bf4_conc_WS when X = 0010
# EXECUTION:: Time: 25 ns,  Iteration: 0,  Instance: /bf4_test_tb,  Process: output_verify.
# EXECUTION:: ERROR  : error in block bf4_const when X = 0010
# EXECUTION:: Time: 25 ns,  Iteration: 0,  Instance: /bf4_test_tb,  Process: output_verify.
# EXECUTION:: ERROR  : error in block bf4_proc_IF when X = 0010
# EXECUTION:: Time: 25 ns,  Iteration: 0,  Instance: /bf4_test_tb,  Process: output_verify.
# EXECUTION:: ERROR  : error in block bf4_proc_CASE when X = 0010
# EXECUTION:: Time: 25 ns,  Iteration: 0,  Instance: /bf4_test_tb,  Process: output_verify.
# EXECUTION:: NOTE   : at 30000 ps all Ys changed
# EXECUTION:: Time: 30 ns,  Iteration: 3,  Instance: /bf4_test_tb,  Process: output_verify.
# EXECUTION:: NOTE   : at 40000 ps all Ys changed
# EXECUTION:: Time: 40 ns,  Iteration: 3,  Instance: /bf4_test_tb,  Process: output_verify.
# EXECUTION:: ERROR  : error in block bf4_conc_CA when X = 0100
# EXECUTION:: Time: 45 ns,  Iteration: 0,  Instance: /bf4_test_tb,  Process: output_verify.
# EXECUTION:: ERROR  : error in block bf4_conc_WS when X = 0100
# EXECUTION:: Time: 45 ns,  Iteration: 0,  Instance: /bf4_test_tb,  Process: output_verify.
# EXECUTION:: ERROR  : error in block bf4_const when X = 0100
# EXECUTION:: Time: 45 ns,  Iteration: 0,  Instance: /bf4_test_tb,  Process: output_verify.
# EXECUTION:: ERROR  : error in block bf4_proc_IF when X = 0100
# EXECUTION:: Time: 45 ns,  Iteration: 0,  Instance: /bf4_test_tb,  Process: output_verify.
# EXECUTION:: ERROR  : error in block bf4_proc_CASE when X = 0100
# EXECUTION:: Time: 45 ns,  Iteration: 0,  Instance: /bf4_test_tb,  Process: output_verify.
# EXECUTION:: NOTE   : at 50000 ps all Ys changed
# EXECUTION:: Time: 50 ns,  Iteration: 3,  Instance: /bf4_test_tb,  Process: output_verify.
# EXECUTION:: ERROR  : error in block bf4_conc_CA when X = 0101
# EXECUTION:: Time: 55 ns,  Iteration: 0,  Instance: /bf4_test_tb,  Process: output_verify.
# EXECUTION:: ERROR  : error in block bf4_conc_WS when X = 0101
# EXECUTION:: Time: 55 ns,  Iteration: 0,  Instance: /bf4_test_tb,  Process: output_verify.
# EXECUTION:: ERROR  : error in block bf4_const when X = 0101
# EXECUTION:: Time: 55 ns,  Iteration: 0,  Instance: /bf4_test_tb,  Process: output_verify.
# EXECUTION:: ERROR  : error in block bf4_proc_IF when X = 0101
# EXECUTION:: Time: 55 ns,  Iteration: 0,  Instance: /bf4_test_tb,  Process: output_verify.
# EXECUTION:: ERROR  : error in block bf4_proc_CASE when X = 0101
# EXECUTION:: Time: 55 ns,  Iteration: 0,  Instance: /bf4_test_tb,  Process: output_verify.
# EXECUTION:: NOTE   : at 60000 ps all Ys changed
# EXECUTION:: Time: 60 ns,  Iteration: 3,  Instance: /bf4_test_tb,  Process: output_verify.
# EXECUTION:: ERROR  : error in block bf4_conc_CA when X = 0110
# EXECUTION:: Time: 65 ns,  Iteration: 0,  Instance: /bf4_test_tb,  Process: output_verify.
# EXECUTION:: ERROR  : error in block bf4_conc_WS when X = 0110
# EXECUTION:: Time: 65 ns,  Iteration: 0,  Instance: /bf4_test_tb,  Process: output_verify.
# EXECUTION:: ERROR  : error in block bf4_const when X = 0110
# EXECUTION:: Time: 65 ns,  Iteration: 0,  Instance: /bf4_test_tb,  Process: output_verify.
# EXECUTION:: ERROR  : error in block bf4_proc_IF when X = 0110
# EXECUTION:: Time: 65 ns,  Iteration: 0,  Instance: /bf4_test_tb,  Process: output_verify.
# EXECUTION:: ERROR  : error in block bf4_proc_CASE when X = 0110
# EXECUTION:: Time: 65 ns,  Iteration: 0,  Instance: /bf4_test_tb,  Process: output_verify.
# EXECUTION:: NOTE   : at 70000 ps all Ys changed
# EXECUTION:: Time: 70 ns,  Iteration: 3,  Instance: /bf4_test_tb,  Process: output_verify.
# EXECUTION:: ERROR  : error in block bf4_conc_CA when X = 0111
# EXECUTION:: Time: 75 ns,  Iteration: 0,  Instance: /bf4_test_tb,  Process: output_verify.
# EXECUTION:: ERROR  : error in block bf4_conc_WS when X = 0111
# EXECUTION:: Time: 75 ns,  Iteration: 0,  Instance: /bf4_test_tb,  Process: output_verify.
# EXECUTION:: ERROR  : error in block bf4_const when X = 0111
# EXECUTION:: Time: 75 ns,  Iteration: 0,  Instance: /bf4_test_tb,  Process: output_verify.
# EXECUTION:: ERROR  : error in block bf4_proc_IF when X = 0111
# EXECUTION:: Time: 75 ns,  Iteration: 0,  Instance: /bf4_test_tb,  Process: output_verify.
# EXECUTION:: ERROR  : error in block bf4_proc_CASE when X = 0111
# EXECUTION:: Time: 75 ns,  Iteration: 0,  Instance: /bf4_test_tb,  Process: output_verify.
# EXECUTION:: NOTE   : at 80000 ps all Ys changed
# EXECUTION:: Time: 80 ns,  Iteration: 3,  Instance: /bf4_test_tb,  Process: output_verify.
# EXECUTION:: ERROR  : error in block bf4_conc_CA when X = 1000
# EXECUTION:: Time: 85 ns,  Iteration: 0,  Instance: /bf4_test_tb,  Process: output_verify.
# EXECUTION:: ERROR  : error in block bf4_conc_WS when X = 1000
# EXECUTION:: Time: 85 ns,  Iteration: 0,  Instance: /bf4_test_tb,  Process: output_verify.
# EXECUTION:: ERROR  : error in block bf4_const when X = 1000
# EXECUTION:: Time: 85 ns,  Iteration: 0,  Instance: /bf4_test_tb,  Process: output_verify.
# EXECUTION:: ERROR  : error in block bf4_proc_IF when X = 1000
# EXECUTION:: Time: 85 ns,  Iteration: 0,  Instance: /bf4_test_tb,  Process: output_verify.
# EXECUTION:: ERROR  : error in block bf4_proc_CASE when X = 1000
# EXECUTION:: Time: 85 ns,  Iteration: 0,  Instance: /bf4_test_tb,  Process: output_verify.
# EXECUTION:: NOTE   : at 90000 ps all Ys changed
# EXECUTION:: Time: 90 ns,  Iteration: 3,  Instance: /bf4_test_tb,  Process: output_verify.
# EXECUTION:: ERROR  : error in block bf4_conc_CA when X = 1001
# EXECUTION:: Time: 95 ns,  Iteration: 0,  Instance: /bf4_test_tb,  Process: output_verify.
# EXECUTION:: ERROR  : error in block bf4_conc_WS when X = 1001
# EXECUTION:: Time: 95 ns,  Iteration: 0,  Instance: /bf4_test_tb,  Process: output_verify.
# EXECUTION:: ERROR  : error in block bf4_const when X = 1001
# EXECUTION:: Time: 95 ns,  Iteration: 0,  Instance: /bf4_test_tb,  Process: output_verify.
# EXECUTION:: ERROR  : error in block bf4_proc_IF when X = 1001
# EXECUTION:: Time: 95 ns,  Iteration: 0,  Instance: /bf4_test_tb,  Process: output_verify.
# EXECUTION:: ERROR  : error in block bf4_proc_CASE when X = 1001
# EXECUTION:: Time: 95 ns,  Iteration: 0,  Instance: /bf4_test_tb,  Process: output_verify.
# EXECUTION:: NOTE   : at 100000 ps all Ys changed
# EXECUTION:: Time: 100 ns,  Iteration: 3,  Instance: /bf4_test_tb,  Process: output_verify.
# EXECUTION:: ERROR  : error in block bf4_logic when X = 1010
# EXECUTION:: Time: 105 ns,  Iteration: 0,  Instance: /bf4_test_tb,  Process: output_verify.
# EXECUTION:: ERROR  : error in block bf4_conc_CA when X = 1010
# EXECUTION:: Time: 105 ns,  Iteration: 0,  Instance: /bf4_test_tb,  Process: output_verify.
# EXECUTION:: ERROR  : error in block bf4_conc_WS when X = 1010
# EXECUTION:: Time: 105 ns,  Iteration: 0,  Instance: /bf4_test_tb,  Process: output_verify.
# EXECUTION:: ERROR  : error in block bf4_const when X = 1010
# EXECUTION:: Time: 105 ns,  Iteration: 0,  Instance: /bf4_test_tb,  Process: output_verify.
# EXECUTION:: ERROR  : error in block bf4_proc_IF when X = 1010
# EXECUTION:: Time: 105 ns,  Iteration: 0,  Instance: /bf4_test_tb,  Process: output_verify.
# EXECUTION:: ERROR  : error in block bf4_proc_CASE when X = 1010
# EXECUTION:: Time: 105 ns,  Iteration: 0,  Instance: /bf4_test_tb,  Process: output_verify.
# EXECUTION:: NOTE   : at 110000 ps all Ys changed
# EXECUTION:: Time: 110 ns,  Iteration: 3,  Instance: /bf4_test_tb,  Process: output_verify.
# EXECUTION:: ERROR  : error in block bf4_conc_CA when X = 1011
# EXECUTION:: Time: 115 ns,  Iteration: 0,  Instance: /bf4_test_tb,  Process: output_verify.
# EXECUTION:: ERROR  : error in block bf4_conc_WS when X = 1011
# EXECUTION:: Time: 115 ns,  Iteration: 0,  Instance: /bf4_test_tb,  Process: output_verify.
# EXECUTION:: ERROR  : error in block bf4_const when X = 1011
# EXECUTION:: Time: 115 ns,  Iteration: 0,  Instance: /bf4_test_tb,  Process: output_verify.
# EXECUTION:: ERROR  : error in block bf4_proc_IF when X = 1011
# EXECUTION:: Time: 115 ns,  Iteration: 0,  Instance: /bf4_test_tb,  Process: output_verify.
# EXECUTION:: ERROR  : error in block bf4_proc_CASE when X = 1011
# EXECUTION:: Time: 115 ns,  Iteration: 0,  Instance: /bf4_test_tb,  Process: output_verify.
# EXECUTION:: NOTE   : at 120000 ps all Ys changed
# EXECUTION:: Time: 120 ns,  Iteration: 3,  Instance: /bf4_test_tb,  Process: output_verify.
# EXECUTION:: ERROR  : error in block bf4_conc_CA when X = 1100
# EXECUTION:: Time: 125 ns,  Iteration: 0,  Instance: /bf4_test_tb,  Process: output_verify.
# EXECUTION:: ERROR  : error in block bf4_conc_WS when X = 1100
# EXECUTION:: Time: 125 ns,  Iteration: 0,  Instance: /bf4_test_tb,  Process: output_verify.
# EXECUTION:: ERROR  : error in block bf4_const when X = 1100
# EXECUTION:: Time: 125 ns,  Iteration: 0,  Instance: /bf4_test_tb,  Process: output_verify.
# EXECUTION:: ERROR  : error in block bf4_proc_IF when X = 1100
# EXECUTION:: Time: 125 ns,  Iteration: 0,  Instance: /bf4_test_tb,  Process: output_verify.
# EXECUTION:: ERROR  : error in block bf4_proc_CASE when X = 1100
# EXECUTION:: Time: 125 ns,  Iteration: 0,  Instance: /bf4_test_tb,  Process: output_verify.
# EXECUTION:: NOTE   : at 130000 ps all Ys changed
# EXECUTION:: Time: 130 ns,  Iteration: 3,  Instance: /bf4_test_tb,  Process: output_verify.
# EXECUTION:: ERROR  : error in block bf4_conc_CA when X = 1101
# EXECUTION:: Time: 135 ns,  Iteration: 0,  Instance: /bf4_test_tb,  Process: output_verify.
# EXECUTION:: ERROR  : error in block bf4_conc_WS when X = 1101
# EXECUTION:: Time: 135 ns,  Iteration: 0,  Instance: /bf4_test_tb,  Process: output_verify.
# EXECUTION:: ERROR  : error in block bf4_const when X = 1101
# EXECUTION:: Time: 135 ns,  Iteration: 0,  Instance: /bf4_test_tb,  Process: output_verify.
# EXECUTION:: ERROR  : error in block bf4_proc_IF when X = 1101
# EXECUTION:: Time: 135 ns,  Iteration: 0,  Instance: /bf4_test_tb,  Process: output_verify.
# EXECUTION:: ERROR  : error in block bf4_proc_CASE when X = 1101
# EXECUTION:: Time: 135 ns,  Iteration: 0,  Instance: /bf4_test_tb,  Process: output_verify.
# EXECUTION:: NOTE   : at 140000 ps all Ys changed
# EXECUTION:: Time: 140 ns,  Iteration: 3,  Instance: /bf4_test_tb,  Process: output_verify.
# EXECUTION:: ERROR  : error in block bf4_conc_CA when X = 1110
# EXECUTION:: Time: 145 ns,  Iteration: 0,  Instance: /bf4_test_tb,  Process: output_verify.
# EXECUTION:: ERROR  : error in block bf4_conc_WS when X = 1110
# EXECUTION:: Time: 145 ns,  Iteration: 0,  Instance: /bf4_test_tb,  Process: output_verify.
# EXECUTION:: ERROR  : error in block bf4_const when X = 1110
# EXECUTION:: Time: 145 ns,  Iteration: 0,  Instance: /bf4_test_tb,  Process: output_verify.
# EXECUTION:: ERROR  : error in block bf4_proc_IF when X = 1110
# EXECUTION:: Time: 145 ns,  Iteration: 0,  Instance: /bf4_test_tb,  Process: output_verify.
# EXECUTION:: ERROR  : error in block bf4_proc_CASE when X = 1110
# EXECUTION:: Time: 145 ns,  Iteration: 0,  Instance: /bf4_test_tb,  Process: output_verify.
# EXECUTION:: NOTE   : at 150000 ps all Ys changed
# EXECUTION:: Time: 150 ns,  Iteration: 3,  Instance: /bf4_test_tb,  Process: output_verify.
# EXECUTION:: ERROR  : error in block bf4_conc_CA when X = 1111
# EXECUTION:: Time: 155 ns,  Iteration: 0,  Instance: /bf4_test_tb,  Process: output_verify.
# EXECUTION:: ERROR  : error in block bf4_conc_WS when X = 1111
# EXECUTION:: Time: 155 ns,  Iteration: 0,  Instance: /bf4_test_tb,  Process: output_verify.
# EXECUTION:: ERROR  : error in block bf4_const when X = 1111
# EXECUTION:: Time: 155 ns,  Iteration: 0,  Instance: /bf4_test_tb,  Process: output_verify.
# EXECUTION:: ERROR  : error in block bf4_proc_IF when X = 1111
# EXECUTION:: Time: 155 ns,  Iteration: 0,  Instance: /bf4_test_tb,  Process: output_verify.
# EXECUTION:: ERROR  : error in block bf4_proc_CASE when X = 1111
# EXECUTION:: Time: 155 ns,  Iteration: 0,  Instance: /bf4_test_tb,  Process: output_verify.
# KERNEL: WARNING: NUMERIC_STD.TO_INTEGER: metavalue detected, returning 0
# KERNEL: Time: 160 ns,  Iteration: 1,  Instance: /bf4_test_tb/UUT3,  Process: line__22.
# EXECUTION:: NOTE   : at 160000 ps all Ys changed
# EXECUTION:: Time: 160 ns,  Iteration: 3,  Instance: /bf4_test_tb,  Process: output_verify.
# EXECUTION:: ERROR  : not safe response in block bf4_logic when X = X000
# EXECUTION:: Time: 165 ns,  Iteration: 0,  Instance: /bf4_test_tb,  Process: output_verify.
# EXECUTION:: ERROR  : not safe response in block bf4_const when X = X000
# EXECUTION:: Time: 165 ns,  Iteration: 0,  Instance: /bf4_test_tb,  Process: output_verify.
# KERNEL: WARNING: NUMERIC_STD.TO_INTEGER: metavalue detected, returning 0
# KERNEL: Time: 170 ns,  Iteration: 1,  Instance: /bf4_test_tb/UUT3,  Process: line__22.
# EXECUTION:: NOTE   : at 170000 ps all Ys changed
# EXECUTION:: Time: 170 ns,  Iteration: 3,  Instance: /bf4_test_tb,  Process: output_verify.
# EXECUTION:: ERROR  : not safe response in block bf4_logic when X = 0X00
# EXECUTION:: Time: 175 ns,  Iteration: 0,  Instance: /bf4_test_tb,  Process: output_verify.
# EXECUTION:: ERROR  : not safe response in block bf4_const when X = 0X00
# EXECUTION:: Time: 175 ns,  Iteration: 0,  Instance: /bf4_test_tb,  Process: output_verify.
# KERNEL: WARNING: NUMERIC_STD.TO_INTEGER: metavalue detected, returning 0
# KERNEL: Time: 180 ns,  Iteration: 1,  Instance: /bf4_test_tb/UUT3,  Process: line__22.
# EXECUTION:: NOTE   : at 180000 ps all Ys changed
# EXECUTION:: Time: 180 ns,  Iteration: 3,  Instance: /bf4_test_tb,  Process: output_verify.
# EXECUTION:: ERROR  : not safe response in block bf4_logic when X = 00X0
# EXECUTION:: Time: 185 ns,  Iteration: 0,  Instance: /bf4_test_tb,  Process: output_verify.
# EXECUTION:: ERROR  : not safe response in block bf4_const when X = 00X0
# EXECUTION:: Time: 185 ns,  Iteration: 0,  Instance: /bf4_test_tb,  Process: output_verify.
# KERNEL: WARNING: NUMERIC_STD.TO_INTEGER: metavalue detected, returning 0
# KERNEL: Time: 190 ns,  Iteration: 1,  Instance: /bf4_test_tb/UUT3,  Process: line__22.
# EXECUTION:: NOTE   : at 190000 ps all Ys changed
# EXECUTION:: Time: 190 ns,  Iteration: 3,  Instance: /bf4_test_tb,  Process: output_verify.
# EXECUTION:: ERROR  : not safe response in block bf4_logic when X = 000X
# EXECUTION:: Time: 195 ns,  Iteration: 0,  Instance: /bf4_test_tb,  Process: output_verify.
# EXECUTION:: ERROR  : not safe response in block bf4_const when X = 000X
# EXECUTION:: Time: 195 ns,  Iteration: 0,  Instance: /bf4_test_tb,  Process: output_verify.
# KERNEL: WARNING: NUMERIC_STD.TO_INTEGER: metavalue detected, returning 0
# KERNEL: Time: 200 ns,  Iteration: 1,  Instance: /bf4_test_tb/UUT3,  Process: line__22.
# EXECUTION:: NOTE   : at 200000 ps all Ys changed
# EXECUTION:: Time: 200 ns,  Iteration: 3,  Instance: /bf4_test_tb,  Process: output_verify.
# EXECUTION:: ERROR  : not safe response in block bf4_logic when X = U000
# EXECUTION:: Time: 205 ns,  Iteration: 0,  Instance: /bf4_test_tb,  Process: output_verify.
# EXECUTION:: ERROR  : not safe response in block bf4_const when X = U000
# EXECUTION:: Time: 205 ns,  Iteration: 0,  Instance: /bf4_test_tb,  Process: output_verify.
# KERNEL: WARNING: NUMERIC_STD.TO_INTEGER: metavalue detected, returning 0
# KERNEL: Time: 210 ns,  Iteration: 1,  Instance: /bf4_test_tb/UUT3,  Process: line__22.
# EXECUTION:: NOTE   : at 210000 ps all Ys changed
# EXECUTION:: Time: 210 ns,  Iteration: 3,  Instance: /bf4_test_tb,  Process: output_verify.
# EXECUTION:: ERROR  : not safe response in block bf4_logic when X = 0U00
# EXECUTION:: Time: 215 ns,  Iteration: 0,  Instance: /bf4_test_tb,  Process: output_verify.
# EXECUTION:: ERROR  : not safe response in block bf4_const when X = 0U00
# EXECUTION:: Time: 215 ns,  Iteration: 0,  Instance: /bf4_test_tb,  Process: output_verify.
# KERNEL: WARNING: NUMERIC_STD.TO_INTEGER: metavalue detected, returning 0
# KERNEL: Time: 220 ns,  Iteration: 1,  Instance: /bf4_test_tb/UUT3,  Process: line__22.
# EXECUTION:: NOTE   : at 220000 ps all Ys changed
# EXECUTION:: Time: 220 ns,  Iteration: 3,  Instance: /bf4_test_tb,  Process: output_verify.
# EXECUTION:: ERROR  : not safe response in block bf4_logic when X = 00U0
# EXECUTION:: Time: 225 ns,  Iteration: 0,  Instance: /bf4_test_tb,  Process: output_verify.
# EXECUTION:: ERROR  : not safe response in block bf4_const when X = 00U0
# EXECUTION:: Time: 225 ns,  Iteration: 0,  Instance: /bf4_test_tb,  Process: output_verify.
# KERNEL: WARNING: NUMERIC_STD.TO_INTEGER: metavalue detected, returning 0
# KERNEL: Time: 230 ns,  Iteration: 1,  Instance: /bf4_test_tb/UUT3,  Process: line__22.
# EXECUTION:: NOTE   : at 230000 ps all Ys changed
# EXECUTION:: Time: 230 ns,  Iteration: 3,  Instance: /bf4_test_tb,  Process: output_verify.
# EXECUTION:: ERROR  : not safe response in block bf4_logic when X = 000U
# EXECUTION:: Time: 235 ns,  Iteration: 0,  Instance: /bf4_test_tb,  Process: output_verify.
# EXECUTION:: ERROR  : not safe response in block bf4_const when X = 000U
# EXECUTION:: Time: 235 ns,  Iteration: 0,  Instance: /bf4_test_tb,  Process: output_verify.
# EXECUTION:: NOTE   : at 240000 ps all Ys changed
# EXECUTION:: Time: 240 ns,  Iteration: 3,  Instance: /bf4_test_tb,  Process: output_verify.
# EXECUTION:: ERROR  : not safe response in block bf4_logic when X = H000
# EXECUTION:: Time: 245 ns,  Iteration: 0,  Instance: /bf4_test_tb,  Process: output_verify.
# EXECUTION:: ERROR  : not safe response in block bf4_const when X = H000
# EXECUTION:: Time: 245 ns,  Iteration: 0,  Instance: /bf4_test_tb,  Process: output_verify.
# EXECUTION:: NOTE   : at 250000 ps all Ys changed
# EXECUTION:: Time: 250 ns,  Iteration: 3,  Instance: /bf4_test_tb,  Process: output_verify.
# EXECUTION:: ERROR  : not safe response in block bf4_logic when X = 0H00
# EXECUTION:: Time: 255 ns,  Iteration: 0,  Instance: /bf4_test_tb,  Process: output_verify.
# EXECUTION:: ERROR  : not safe response in block bf4_const when X = 0H00
# EXECUTION:: Time: 255 ns,  Iteration: 0,  Instance: /bf4_test_tb,  Process: output_verify.
# EXECUTION:: NOTE   : at 260000 ps all Ys changed
# EXECUTION:: Time: 260 ns,  Iteration: 3,  Instance: /bf4_test_tb,  Process: output_verify.
# EXECUTION:: ERROR  : not safe response in block bf4_logic when X = 00H0
# EXECUTION:: Time: 265 ns,  Iteration: 0,  Instance: /bf4_test_tb,  Process: output_verify.
# EXECUTION:: ERROR  : not safe response in block bf4_const when X = 00H0
# EXECUTION:: Time: 265 ns,  Iteration: 0,  Instance: /bf4_test_tb,  Process: output_verify.
# EXECUTION:: NOTE   : at 270000 ps all Ys changed
# EXECUTION:: Time: 270 ns,  Iteration: 3,  Instance: /bf4_test_tb,  Process: output_verify.
# EXECUTION:: ERROR  : not safe response in block bf4_logic when X = 000H
# EXECUTION:: Time: 275 ns,  Iteration: 0,  Instance: /bf4_test_tb,  Process: output_verify.
# EXECUTION:: ERROR  : not safe response in block bf4_const when X = 000H
# EXECUTION:: Time: 275 ns,  Iteration: 0,  Instance: /bf4_test_tb,  Process: output_verify.
# EXECUTION:: NOTE   : at 280000 ps all Ys changed
# EXECUTION:: Time: 280 ns,  Iteration: 3,  Instance: /bf4_test_tb,  Process: output_verify.
# EXECUTION:: ERROR  : not safe response in block bf4_logic when X = L000
# EXECUTION:: Time: 285 ns,  Iteration: 0,  Instance: /bf4_test_tb,  Process: output_verify.
# EXECUTION:: ERROR  : not safe response in block bf4_const when X = L000
# EXECUTION:: Time: 285 ns,  Iteration: 0,  Instance: /bf4_test_tb,  Process: output_verify.
# KERNEL: stopped at time: 350 ns
# KERNEL: Simulation has finished. There are no more test vectors to simulate.
endsim
# VSIM: Simulation has finished.
SetActiveLib -work
comp -include "$dsn\src\bf4_conc_CA.vhd" 
# Compile Entity "bf4_conc_CA"
# Compile Architecture "bf4_conc_CA" of Entity "bf4_conc_CA"
# Compile success 0 Errors 0 Warnings  Analysis time :  15.0 [ms]
comp -include "$dsn\src\bf4_conc_WS.vhd"
# Compile Entity "bf4_conc_WS"
# Compile Architecture "bf4_conc_WS" of Entity "bf4_conc_WS"
# Compile success 0 Errors 0 Warnings  Analysis time :  15.0 [ms]
comp -include "$dsn\src\bf4_const.vhd"
# Compile Entity "bf4_const"
# Compile Architecture "bf4_const" of Entity "bf4_const"
# Compile success 0 Errors 0 Warnings  Analysis time :  32.0 [ms]
comp -include "$dsn\src\bf4_logic.vhd"
# Compile Entity "bf4_logic"
# Compile Architecture "bf4_logic" of Entity "bf4_logic"
# Compile success 0 Errors 0 Warnings  Analysis time :  46.0 [ms]
comp -include "$dsn\src\bf4_proc_IF.vhd"
# Compile Entity "bf4_proc_IF"
# Compile Architecture "bf4_proc_IF" of Entity "bf4_proc_IF"
# Compile success 0 Errors 0 Warnings  Analysis time :  16.0 [ms]
comp -include "$dsn\src\bf4_proc_CASE.vhd"
# Compile Entity "bf4_proc_CASE"
# Compile Architecture "bf4_proc_CASE" of Entity "bf4_proc_CASE"
# Compile success 0 Errors 0 Warnings  Analysis time :  16.0 [ms]
comp -include "$dsn\src\bf4_K2_TB.vhd" 
# Compile Entity "bf4_test_tb"
# Compile Architecture "bf4_test_tb" of Entity "bf4_test_tb"
# Compile success 0 Errors 0 Warnings  Analysis time :  47.0 [ms]
asim +access +r bf4_test_tb 
# ELBREAD: Elaboration process.
# ELBREAD: Elaboration time 0.0 [s].
# VSIM: Stack memory: 32MB
# VSIM: Retval memory: 32MB
# 
# KERNEL: Main thread initiated.
# KERNEL: Kernel process initialization phase.
# ELAB2: Elaboration final pass...
# ELAB2: Create instances ...
# KERNEL: Time resolution set to 1ps.
# ELAB2: Create instances complete.
# SLP: Started
# SLP: Elaboration phase ...
# SLP: Elaboration phase ... skipped, nothing to simulate in SLP mode : 0.0 [s]
# SLP: Finished : 0.0 [s]
# ELAB2: Elaboration final pass complete - time: 0.0 [s].
# KERNEL: Warning: You are using the Active-HDL Student Edition. The performance of simulation is running at a reduced rate.
# KERNEL: Warning: Contact Aldec for available upgrade options - sales@aldec.com.
# KERNEL: Kernel process initialization done.
# Allocation: Simulator allocated 6492 kB (elbread=427 elab2=5925 kernel=139 sdf=0)
# KERNEL: ASDB file was created in location D:\students\IKM722a_Vorontsov\vhdl\LAB_2\LAB_2\src\wave.asdb
#  14:49, 23 травня 2026 р.
#  Simulation has been initialized
# Waveform file 'untitled.awc' connected to 'D:/students/IKM722a_Vorontsov/vhdl/LAB_2/LAB_2/src/wave.asdb'.
# Waveform file 'untitled.awc' connected to 'D:/students/IKM722a_Vorontsov/vhdl/LAB_2/LAB_2/src/wave.asdb'.
# KERNEL: Warning: KERNEL_0291 Object "/bf4_test_tb/X" has already been traced.
# KERNEL: Warning: KERNEL_0291 Object "/bf4_test_tb/Y_conc_CA" has already been traced.
# KERNEL: Warning: KERNEL_0291 Object "/bf4_test_tb/Y_conc_WS" has already been traced.
# KERNEL: Warning: KERNEL_0291 Object "/bf4_test_tb/Y_const" has already been traced.
# KERNEL: Warning: KERNEL_0291 Object "/bf4_test_tb/Y_logic" has already been traced.
# KERNEL: Warning: KERNEL_0291 Object "/bf4_test_tb/Y_proc_IF" has already been traced.
# KERNEL: Warning: KERNEL_0291 Object "/bf4_test_tb/Y_proc_CASE" has already been traced.
# KERNEL: Warning: KERNEL_0291 Object "/bf4_test_tb/TEST_PHASE" has already been traced.
# KERNEL: Warning: KERNEL_0291 Object "/bf4_test_tb/VERIF_STATE" has already been traced.
wave 
wave -noreg X
wave -noreg Y_conc_CA
wave -noreg Y_conc_WS
wave -noreg Y_const  
wave -noreg Y_logic
wave -noreg Y_proc_IF
wave -noreg Y_proc_CASE
wave -noreg TEST_PHASE
wave -noreg VERIF_STATE
run 350 ns
# KERNEL: Warning: KERNEL_0291 Object "/bf4_test_tb/X" has already been traced.
# KERNEL: Warning: KERNEL_0291 Object "/bf4_test_tb/Y_conc_CA" has already been traced.
# KERNEL: Warning: KERNEL_0291 Object "/bf4_test_tb/Y_conc_WS" has already been traced.
# KERNEL: Warning: KERNEL_0291 Object "/bf4_test_tb/Y_const" has already been traced.
# KERNEL: Warning: KERNEL_0291 Object "/bf4_test_tb/Y_logic" has already been traced.
# KERNEL: Warning: KERNEL_0291 Object "/bf4_test_tb/Y_proc_IF" has already been traced.
# KERNEL: Warning: KERNEL_0291 Object "/bf4_test_tb/Y_proc_CASE" has already been traced.
# KERNEL: Warning: KERNEL_0291 Object "/bf4_test_tb/TEST_PHASE" has already been traced.
# KERNEL: Warning: KERNEL_0291 Object "/bf4_test_tb/VERIF_STATE" has already been traced.
# VSIM: 0 object(s) traced.
# Waveform file 'untitled.awc' connected to 'D:/students/IKM722a_Vorontsov/vhdl/LAB_2/LAB_2/src/wave.asdb'.
# KERNEL: WARNING: NUMERIC_STD.TO_INTEGER: metavalue detected, returning 0
# KERNEL: Time: 0 ps,  Iteration: 0,  Instance: /bf4_test_tb/UUT3,  Process: line__22.
# EXECUTION:: NOTE   : at 0 ps all Ys changed
# EXECUTION:: Time: 0 ps,  Iteration: 1,  Instance: /bf4_test_tb,  Process: output_verify.
# EXECUTION:: ERROR  : error in block bf4_conc_CA when X = 0000
# EXECUTION:: Time: 5 ns,  Iteration: 0,  Instance: /bf4_test_tb,  Process: output_verify.
# EXECUTION:: ERROR  : error in block bf4_conc_WS when X = 0000
# EXECUTION:: Time: 5 ns,  Iteration: 0,  Instance: /bf4_test_tb,  Process: output_verify.
# EXECUTION:: ERROR  : error in block bf4_const when X = 0000
# EXECUTION:: Time: 5 ns,  Iteration: 0,  Instance: /bf4_test_tb,  Process: output_verify.
# EXECUTION:: ERROR  : error in block bf4_proc_IF when X = 0000
# EXECUTION:: Time: 5 ns,  Iteration: 0,  Instance: /bf4_test_tb,  Process: output_verify.
# EXECUTION:: ERROR  : error in block bf4_proc_CASE when X = 0000
# EXECUTION:: Time: 5 ns,  Iteration: 0,  Instance: /bf4_test_tb,  Process: output_verify.
# EXECUTION:: NOTE   : at 10000 ps all Ys changed
# EXECUTION:: Time: 10 ns,  Iteration: 4,  Instance: /bf4_test_tb,  Process: output_verify.
# EXECUTION:: NOTE   : at 20000 ps all Ys changed
# EXECUTION:: Time: 20 ns,  Iteration: 4,  Instance: /bf4_test_tb,  Process: output_verify.
# EXECUTION:: ERROR  : error in block bf4_conc_CA when X = 0010
# EXECUTION:: Time: 25 ns,  Iteration: 0,  Instance: /bf4_test_tb,  Process: output_verify.
# EXECUTION:: ERROR  : error in block bf4_conc_WS when X = 0010
# EXECUTION:: Time: 25 ns,  Iteration: 0,  Instance: /bf4_test_tb,  Process: output_verify.
# EXECUTION:: ERROR  : error in block bf4_const when X = 0010
# EXECUTION:: Time: 25 ns,  Iteration: 0,  Instance: /bf4_test_tb,  Process: output_verify.
# EXECUTION:: ERROR  : error in block bf4_proc_IF when X = 0010
# EXECUTION:: Time: 25 ns,  Iteration: 0,  Instance: /bf4_test_tb,  Process: output_verify.
# EXECUTION:: ERROR  : error in block bf4_proc_CASE when X = 0010
# EXECUTION:: Time: 25 ns,  Iteration: 0,  Instance: /bf4_test_tb,  Process: output_verify.
# EXECUTION:: NOTE   : at 30000 ps all Ys changed
# EXECUTION:: Time: 30 ns,  Iteration: 4,  Instance: /bf4_test_tb,  Process: output_verify.
# EXECUTION:: NOTE   : at 40000 ps all Ys changed
# EXECUTION:: Time: 40 ns,  Iteration: 4,  Instance: /bf4_test_tb,  Process: output_verify.
# EXECUTION:: ERROR  : error in block bf4_conc_CA when X = 0100
# EXECUTION:: Time: 45 ns,  Iteration: 0,  Instance: /bf4_test_tb,  Process: output_verify.
# EXECUTION:: ERROR  : error in block bf4_conc_WS when X = 0100
# EXECUTION:: Time: 45 ns,  Iteration: 0,  Instance: /bf4_test_tb,  Process: output_verify.
# EXECUTION:: ERROR  : error in block bf4_const when X = 0100
# EXECUTION:: Time: 45 ns,  Iteration: 0,  Instance: /bf4_test_tb,  Process: output_verify.
# EXECUTION:: ERROR  : error in block bf4_proc_IF when X = 0100
# EXECUTION:: Time: 45 ns,  Iteration: 0,  Instance: /bf4_test_tb,  Process: output_verify.
# EXECUTION:: ERROR  : error in block bf4_proc_CASE when X = 0100
# EXECUTION:: Time: 45 ns,  Iteration: 0,  Instance: /bf4_test_tb,  Process: output_verify.
# EXECUTION:: NOTE   : at 50000 ps all Ys changed
# EXECUTION:: Time: 50 ns,  Iteration: 4,  Instance: /bf4_test_tb,  Process: output_verify.
# EXECUTION:: ERROR  : error in block bf4_conc_CA when X = 0101
# EXECUTION:: Time: 55 ns,  Iteration: 0,  Instance: /bf4_test_tb,  Process: output_verify.
# EXECUTION:: ERROR  : error in block bf4_conc_WS when X = 0101
# EXECUTION:: Time: 55 ns,  Iteration: 0,  Instance: /bf4_test_tb,  Process: output_verify.
# EXECUTION:: ERROR  : error in block bf4_const when X = 0101
# EXECUTION:: Time: 55 ns,  Iteration: 0,  Instance: /bf4_test_tb,  Process: output_verify.
# EXECUTION:: ERROR  : error in block bf4_proc_IF when X = 0101
# EXECUTION:: Time: 55 ns,  Iteration: 0,  Instance: /bf4_test_tb,  Process: output_verify.
# EXECUTION:: ERROR  : error in block bf4_proc_CASE when X = 0101
# EXECUTION:: Time: 55 ns,  Iteration: 0,  Instance: /bf4_test_tb,  Process: output_verify.
# EXECUTION:: NOTE   : at 60000 ps all Ys changed
# EXECUTION:: Time: 60 ns,  Iteration: 4,  Instance: /bf4_test_tb,  Process: output_verify.
# EXECUTION:: ERROR  : error in block bf4_conc_CA when X = 0110
# EXECUTION:: Time: 65 ns,  Iteration: 0,  Instance: /bf4_test_tb,  Process: output_verify.
# EXECUTION:: ERROR  : error in block bf4_conc_WS when X = 0110
# EXECUTION:: Time: 65 ns,  Iteration: 0,  Instance: /bf4_test_tb,  Process: output_verify.
# EXECUTION:: ERROR  : error in block bf4_const when X = 0110
# EXECUTION:: Time: 65 ns,  Iteration: 0,  Instance: /bf4_test_tb,  Process: output_verify.
# EXECUTION:: ERROR  : error in block bf4_proc_IF when X = 0110
# EXECUTION:: Time: 65 ns,  Iteration: 0,  Instance: /bf4_test_tb,  Process: output_verify.
# EXECUTION:: ERROR  : error in block bf4_proc_CASE when X = 0110
# EXECUTION:: Time: 65 ns,  Iteration: 0,  Instance: /bf4_test_tb,  Process: output_verify.
# EXECUTION:: NOTE   : at 70000 ps all Ys changed
# EXECUTION:: Time: 70 ns,  Iteration: 4,  Instance: /bf4_test_tb,  Process: output_verify.
# EXECUTION:: ERROR  : error in block bf4_conc_CA when X = 0111
# EXECUTION:: Time: 75 ns,  Iteration: 0,  Instance: /bf4_test_tb,  Process: output_verify.
# EXECUTION:: ERROR  : error in block bf4_conc_WS when X = 0111
# EXECUTION:: Time: 75 ns,  Iteration: 0,  Instance: /bf4_test_tb,  Process: output_verify.
# EXECUTION:: ERROR  : error in block bf4_const when X = 0111
# EXECUTION:: Time: 75 ns,  Iteration: 0,  Instance: /bf4_test_tb,  Process: output_verify.
# EXECUTION:: ERROR  : error in block bf4_proc_IF when X = 0111
# EXECUTION:: Time: 75 ns,  Iteration: 0,  Instance: /bf4_test_tb,  Process: output_verify.
# EXECUTION:: ERROR  : error in block bf4_proc_CASE when X = 0111
# EXECUTION:: Time: 75 ns,  Iteration: 0,  Instance: /bf4_test_tb,  Process: output_verify.
# EXECUTION:: NOTE   : at 80000 ps all Ys changed
# EXECUTION:: Time: 80 ns,  Iteration: 4,  Instance: /bf4_test_tb,  Process: output_verify.
# EXECUTION:: ERROR  : error in block bf4_conc_CA when X = 1000
# EXECUTION:: Time: 85 ns,  Iteration: 0,  Instance: /bf4_test_tb,  Process: output_verify.
# EXECUTION:: ERROR  : error in block bf4_conc_WS when X = 1000
# EXECUTION:: Time: 85 ns,  Iteration: 0,  Instance: /bf4_test_tb,  Process: output_verify.
# EXECUTION:: ERROR  : error in block bf4_const when X = 1000
# EXECUTION:: Time: 85 ns,  Iteration: 0,  Instance: /bf4_test_tb,  Process: output_verify.
# EXECUTION:: ERROR  : error in block bf4_proc_IF when X = 1000
# EXECUTION:: Time: 85 ns,  Iteration: 0,  Instance: /bf4_test_tb,  Process: output_verify.
# EXECUTION:: ERROR  : error in block bf4_proc_CASE when X = 1000
# EXECUTION:: Time: 85 ns,  Iteration: 0,  Instance: /bf4_test_tb,  Process: output_verify.
# EXECUTION:: NOTE   : at 90000 ps all Ys changed
# EXECUTION:: Time: 90 ns,  Iteration: 4,  Instance: /bf4_test_tb,  Process: output_verify.
# EXECUTION:: ERROR  : error in block bf4_conc_CA when X = 1001
# EXECUTION:: Time: 95 ns,  Iteration: 0,  Instance: /bf4_test_tb,  Process: output_verify.
# EXECUTION:: ERROR  : error in block bf4_conc_WS when X = 1001
# EXECUTION:: Time: 95 ns,  Iteration: 0,  Instance: /bf4_test_tb,  Process: output_verify.
# EXECUTION:: ERROR  : error in block bf4_const when X = 1001
# EXECUTION:: Time: 95 ns,  Iteration: 0,  Instance: /bf4_test_tb,  Process: output_verify.
# EXECUTION:: ERROR  : error in block bf4_proc_IF when X = 1001
# EXECUTION:: Time: 95 ns,  Iteration: 0,  Instance: /bf4_test_tb,  Process: output_verify.
# EXECUTION:: ERROR  : error in block bf4_proc_CASE when X = 1001
# EXECUTION:: Time: 95 ns,  Iteration: 0,  Instance: /bf4_test_tb,  Process: output_verify.
# EXECUTION:: NOTE   : at 100000 ps all Ys changed
# EXECUTION:: Time: 100 ns,  Iteration: 4,  Instance: /bf4_test_tb,  Process: output_verify.
# EXECUTION:: ERROR  : error in block bf4_logic when X = 1010
# EXECUTION:: Time: 105 ns,  Iteration: 0,  Instance: /bf4_test_tb,  Process: output_verify.
# EXECUTION:: ERROR  : error in block bf4_conc_CA when X = 1010
# EXECUTION:: Time: 105 ns,  Iteration: 0,  Instance: /bf4_test_tb,  Process: output_verify.
# EXECUTION:: ERROR  : error in block bf4_conc_WS when X = 1010
# EXECUTION:: Time: 105 ns,  Iteration: 0,  Instance: /bf4_test_tb,  Process: output_verify.
# EXECUTION:: ERROR  : error in block bf4_const when X = 1010
# EXECUTION:: Time: 105 ns,  Iteration: 0,  Instance: /bf4_test_tb,  Process: output_verify.
# EXECUTION:: ERROR  : error in block bf4_proc_IF when X = 1010
# EXECUTION:: Time: 105 ns,  Iteration: 0,  Instance: /bf4_test_tb,  Process: output_verify.
# EXECUTION:: ERROR  : error in block bf4_proc_CASE when X = 1010
# EXECUTION:: Time: 105 ns,  Iteration: 0,  Instance: /bf4_test_tb,  Process: output_verify.
# EXECUTION:: NOTE   : at 110000 ps all Ys changed
# EXECUTION:: Time: 110 ns,  Iteration: 4,  Instance: /bf4_test_tb,  Process: output_verify.
# EXECUTION:: ERROR  : error in block bf4_conc_CA when X = 1011
# EXECUTION:: Time: 115 ns,  Iteration: 0,  Instance: /bf4_test_tb,  Process: output_verify.
# EXECUTION:: ERROR  : error in block bf4_conc_WS when X = 1011
# EXECUTION:: Time: 115 ns,  Iteration: 0,  Instance: /bf4_test_tb,  Process: output_verify.
# EXECUTION:: ERROR  : error in block bf4_const when X = 1011
# EXECUTION:: Time: 115 ns,  Iteration: 0,  Instance: /bf4_test_tb,  Process: output_verify.
# EXECUTION:: ERROR  : error in block bf4_proc_IF when X = 1011
# EXECUTION:: Time: 115 ns,  Iteration: 0,  Instance: /bf4_test_tb,  Process: output_verify.
# EXECUTION:: ERROR  : error in block bf4_proc_CASE when X = 1011
# EXECUTION:: Time: 115 ns,  Iteration: 0,  Instance: /bf4_test_tb,  Process: output_verify.
# EXECUTION:: NOTE   : at 120000 ps all Ys changed
# EXECUTION:: Time: 120 ns,  Iteration: 4,  Instance: /bf4_test_tb,  Process: output_verify.
# EXECUTION:: ERROR  : error in block bf4_conc_CA when X = 1100
# EXECUTION:: Time: 125 ns,  Iteration: 0,  Instance: /bf4_test_tb,  Process: output_verify.
# EXECUTION:: ERROR  : error in block bf4_conc_WS when X = 1100
# EXECUTION:: Time: 125 ns,  Iteration: 0,  Instance: /bf4_test_tb,  Process: output_verify.
# EXECUTION:: ERROR  : error in block bf4_const when X = 1100
# EXECUTION:: Time: 125 ns,  Iteration: 0,  Instance: /bf4_test_tb,  Process: output_verify.
# EXECUTION:: ERROR  : error in block bf4_proc_IF when X = 1100
# EXECUTION:: Time: 125 ns,  Iteration: 0,  Instance: /bf4_test_tb,  Process: output_verify.
# EXECUTION:: ERROR  : error in block bf4_proc_CASE when X = 1100
# EXECUTION:: Time: 125 ns,  Iteration: 0,  Instance: /bf4_test_tb,  Process: output_verify.
# EXECUTION:: NOTE   : at 130000 ps all Ys changed
# EXECUTION:: Time: 130 ns,  Iteration: 4,  Instance: /bf4_test_tb,  Process: output_verify.
# EXECUTION:: ERROR  : error in block bf4_conc_CA when X = 1101
# EXECUTION:: Time: 135 ns,  Iteration: 0,  Instance: /bf4_test_tb,  Process: output_verify.
# EXECUTION:: ERROR  : error in block bf4_conc_WS when X = 1101
# EXECUTION:: Time: 135 ns,  Iteration: 0,  Instance: /bf4_test_tb,  Process: output_verify.
# EXECUTION:: ERROR  : error in block bf4_const when X = 1101
# EXECUTION:: Time: 135 ns,  Iteration: 0,  Instance: /bf4_test_tb,  Process: output_verify.
# EXECUTION:: ERROR  : error in block bf4_proc_IF when X = 1101
# EXECUTION:: Time: 135 ns,  Iteration: 0,  Instance: /bf4_test_tb,  Process: output_verify.
# EXECUTION:: ERROR  : error in block bf4_proc_CASE when X = 1101
# EXECUTION:: Time: 135 ns,  Iteration: 0,  Instance: /bf4_test_tb,  Process: output_verify.
# EXECUTION:: NOTE   : at 140000 ps all Ys changed
# EXECUTION:: Time: 140 ns,  Iteration: 4,  Instance: /bf4_test_tb,  Process: output_verify.
# EXECUTION:: ERROR  : error in block bf4_conc_CA when X = 1110
# EXECUTION:: Time: 145 ns,  Iteration: 0,  Instance: /bf4_test_tb,  Process: output_verify.
# EXECUTION:: ERROR  : error in block bf4_conc_WS when X = 1110
# EXECUTION:: Time: 145 ns,  Iteration: 0,  Instance: /bf4_test_tb,  Process: output_verify.
# EXECUTION:: ERROR  : error in block bf4_const when X = 1110
# EXECUTION:: Time: 145 ns,  Iteration: 0,  Instance: /bf4_test_tb,  Process: output_verify.
# EXECUTION:: ERROR  : error in block bf4_proc_IF when X = 1110
# EXECUTION:: Time: 145 ns,  Iteration: 0,  Instance: /bf4_test_tb,  Process: output_verify.
# EXECUTION:: ERROR  : error in block bf4_proc_CASE when X = 1110
# EXECUTION:: Time: 145 ns,  Iteration: 0,  Instance: /bf4_test_tb,  Process: output_verify.
# EXECUTION:: NOTE   : at 150000 ps all Ys changed
# EXECUTION:: Time: 150 ns,  Iteration: 4,  Instance: /bf4_test_tb,  Process: output_verify.
# EXECUTION:: ERROR  : error in block bf4_conc_CA when X = 1111
# EXECUTION:: Time: 155 ns,  Iteration: 0,  Instance: /bf4_test_tb,  Process: output_verify.
# EXECUTION:: ERROR  : error in block bf4_conc_WS when X = 1111
# EXECUTION:: Time: 155 ns,  Iteration: 0,  Instance: /bf4_test_tb,  Process: output_verify.
# EXECUTION:: ERROR  : error in block bf4_const when X = 1111
# EXECUTION:: Time: 155 ns,  Iteration: 0,  Instance: /bf4_test_tb,  Process: output_verify.
# EXECUTION:: ERROR  : error in block bf4_proc_IF when X = 1111
# EXECUTION:: Time: 155 ns,  Iteration: 0,  Instance: /bf4_test_tb,  Process: output_verify.
# EXECUTION:: ERROR  : error in block bf4_proc_CASE when X = 1111
# EXECUTION:: Time: 155 ns,  Iteration: 0,  Instance: /bf4_test_tb,  Process: output_verify.
# KERNEL: WARNING: NUMERIC_STD.TO_INTEGER: metavalue detected, returning 0
# KERNEL: Time: 160 ns,  Iteration: 1,  Instance: /bf4_test_tb/UUT3,  Process: line__22.
# EXECUTION:: NOTE   : at 160000 ps all Ys changed
# EXECUTION:: Time: 160 ns,  Iteration: 2,  Instance: /bf4_test_tb,  Process: output_verify.
# EXECUTION:: ERROR  : not safe response in block bf4_const when X = X000
# EXECUTION:: Time: 165 ns,  Iteration: 0,  Instance: /bf4_test_tb,  Process: output_verify.
# KERNEL: WARNING: NUMERIC_STD.TO_INTEGER: metavalue detected, returning 0
# KERNEL: Time: 170 ns,  Iteration: 1,  Instance: /bf4_test_tb/UUT3,  Process: line__22.
# KERNEL: WARNING: NUMERIC_STD.TO_INTEGER: metavalue detected, returning 0
# KERNEL: Time: 180 ns,  Iteration: 1,  Instance: /bf4_test_tb/UUT3,  Process: line__22.
# KERNEL: WARNING: NUMERIC_STD.TO_INTEGER: metavalue detected, returning 0
# KERNEL: Time: 190 ns,  Iteration: 1,  Instance: /bf4_test_tb/UUT3,  Process: line__22.
# KERNEL: WARNING: NUMERIC_STD.TO_INTEGER: metavalue detected, returning 0
# KERNEL: Time: 200 ns,  Iteration: 1,  Instance: /bf4_test_tb/UUT3,  Process: line__22.
# KERNEL: WARNING: NUMERIC_STD.TO_INTEGER: metavalue detected, returning 0
# KERNEL: Time: 210 ns,  Iteration: 1,  Instance: /bf4_test_tb/UUT3,  Process: line__22.
# KERNEL: WARNING: NUMERIC_STD.TO_INTEGER: metavalue detected, returning 0
# KERNEL: Time: 220 ns,  Iteration: 1,  Instance: /bf4_test_tb/UUT3,  Process: line__22.
# KERNEL: WARNING: NUMERIC_STD.TO_INTEGER: metavalue detected, returning 0
# KERNEL: Time: 230 ns,  Iteration: 1,  Instance: /bf4_test_tb/UUT3,  Process: line__22.
# KERNEL: stopped at time: 350 ns
# KERNEL: Simulation has finished. There are no more test vectors to simulate.
SetActiveLib -work
comp -include "$dsn\src\bf4_conc_CA.vhd" 
# Compile Entity "bf4_conc_CA"
# Compile Architecture "bf4_conc_CA" of Entity "bf4_conc_CA"
# Compile success 0 Errors 0 Warnings  Analysis time :  31.0 [ms]
comp -include "$dsn\src\bf4_conc_WS.vhd"
# Compile Entity "bf4_conc_WS"
# Compile Architecture "bf4_conc_WS" of Entity "bf4_conc_WS"
# Compile success 0 Errors 0 Warnings  Analysis time :  32.0 [ms]
comp -include "$dsn\src\bf4_const.vhd"
# Compile Entity "bf4_const"
# Compile Architecture "bf4_const" of Entity "bf4_const"
# Compile success 0 Errors 0 Warnings  Analysis time :  16.0 [ms]
comp -include "$dsn\src\bf4_logic.vhd"
# Compile Entity "bf4_logic"
# Compile Architecture "bf4_logic" of Entity "bf4_logic"
# Compile success 0 Errors 0 Warnings  Analysis time :  31.0 [ms]
comp -include "$dsn\src\bf4_proc_IF.vhd"
# Compile Entity "bf4_proc_IF"
# Compile Architecture "bf4_proc_IF" of Entity "bf4_proc_IF"
# Compile success 0 Errors 0 Warnings  Analysis time :  32.0 [ms]
comp -include "$dsn\src\bf4_proc_CASE.vhd"
# Compile Entity "bf4_proc_CASE"
# Compile Architecture "bf4_proc_CASE" of Entity "bf4_proc_CASE"
# Compile success 0 Errors 0 Warnings  Analysis time :  15.0 [ms]
comp -include "$dsn\src\bf4_K2_TB.vhd" 
# Compile Entity "bf4_test_tb"
# Compile Architecture "bf4_test_tb" of Entity "bf4_test_tb"
# Compile success 0 Errors 0 Warnings  Analysis time :  47.0 [ms]
asim +access +r bf4_test_tb 
# VSIM: Simulation has finished.
# ELBREAD: Elaboration process.
# ELBREAD: Elaboration time 0.0 [s].
# VSIM: Stack memory: 32MB
# VSIM: Retval memory: 32MB
# 
# KERNEL: Main thread initiated.
# KERNEL: Kernel process initialization phase.
# ELAB2: Elaboration final pass...
# ELAB2: Create instances ...
# KERNEL: Time resolution set to 1ps.
# ELAB2: Create instances complete.
# SLP: Started
# SLP: Elaboration phase ...
# SLP: Elaboration phase ... skipped, nothing to simulate in SLP mode : 0.0 [s]
# SLP: Finished : 0.0 [s]
# ELAB2: Elaboration final pass complete - time: 0.0 [s].
# KERNEL: Warning: You are using the Active-HDL Student Edition. The performance of simulation is running at a reduced rate.
# KERNEL: Warning: Contact Aldec for available upgrade options - sales@aldec.com.
# KERNEL: Kernel process initialization done.
# Allocation: Simulator allocated 6492 kB (elbread=427 elab2=5925 kernel=139 sdf=0)
# KERNEL: ASDB file was created in location D:\students\IKM722a_Vorontsov\vhdl\LAB_2\LAB_2\src\wave.asdb
#  14:51, 23 травня 2026 р.
#  Simulation has been initialized
# Waveform file 'untitled.awc' connected to 'D:/students/IKM722a_Vorontsov/vhdl/LAB_2/LAB_2/src/wave.asdb'.
# Waveform file 'untitled.awc' connected to 'D:/students/IKM722a_Vorontsov/vhdl/LAB_2/LAB_2/src/wave.asdb'.
# KERNEL: Warning: KERNEL_0291 Object "/bf4_test_tb/X" has already been traced.
# KERNEL: Warning: KERNEL_0291 Object "/bf4_test_tb/Y_conc_CA" has already been traced.
# KERNEL: Warning: KERNEL_0291 Object "/bf4_test_tb/Y_conc_WS" has already been traced.
# KERNEL: Warning: KERNEL_0291 Object "/bf4_test_tb/Y_const" has already been traced.
# KERNEL: Warning: KERNEL_0291 Object "/bf4_test_tb/Y_logic" has already been traced.
# KERNEL: Warning: KERNEL_0291 Object "/bf4_test_tb/Y_proc_IF" has already been traced.
# KERNEL: Warning: KERNEL_0291 Object "/bf4_test_tb/Y_proc_CASE" has already been traced.
# KERNEL: Warning: KERNEL_0291 Object "/bf4_test_tb/TEST_PHASE" has already been traced.
# KERNEL: Warning: KERNEL_0291 Object "/bf4_test_tb/VERIF_STATE" has already been traced.
# Waveform file 'untitled.awc' connected to 'D:/students/IKM722a_Vorontsov/vhdl/LAB_2/LAB_2/src/wave.asdb'.
# KERNEL: Warning: KERNEL_0291 Object "/bf4_test_tb/X" has already been traced.
# KERNEL: Warning: KERNEL_0291 Object "/bf4_test_tb/Y_conc_CA" has already been traced.
# KERNEL: Warning: KERNEL_0291 Object "/bf4_test_tb/Y_conc_WS" has already been traced.
# KERNEL: Warning: KERNEL_0291 Object "/bf4_test_tb/Y_const" has already been traced.
# KERNEL: Warning: KERNEL_0291 Object "/bf4_test_tb/Y_logic" has already been traced.
# KERNEL: Warning: KERNEL_0291 Object "/bf4_test_tb/Y_proc_IF" has already been traced.
# KERNEL: Warning: KERNEL_0291 Object "/bf4_test_tb/Y_proc_CASE" has already been traced.
# KERNEL: Warning: KERNEL_0291 Object "/bf4_test_tb/TEST_PHASE" has already been traced.
# KERNEL: Warning: KERNEL_0291 Object "/bf4_test_tb/VERIF_STATE" has already been traced.
wave 
wave -noreg X
wave -noreg Y_conc_CA
wave -noreg Y_conc_WS
wave -noreg Y_const  
wave -noreg Y_logic
wave -noreg Y_proc_IF
wave -noreg Y_proc_CASE
wave -noreg TEST_PHASE
wave -noreg VERIF_STATE
run 350 ns
# KERNEL: Warning: KERNEL_0291 Object "/bf4_test_tb/X" has already been traced.
# KERNEL: Warning: KERNEL_0291 Object "/bf4_test_tb/Y_conc_CA" has already been traced.
# KERNEL: Warning: KERNEL_0291 Object "/bf4_test_tb/Y_conc_WS" has already been traced.
# KERNEL: Warning: KERNEL_0291 Object "/bf4_test_tb/Y_const" has already been traced.
# KERNEL: Warning: KERNEL_0291 Object "/bf4_test_tb/Y_logic" has already been traced.
# KERNEL: Warning: KERNEL_0291 Object "/bf4_test_tb/Y_proc_IF" has already been traced.
# KERNEL: Warning: KERNEL_0291 Object "/bf4_test_tb/Y_proc_CASE" has already been traced.
# KERNEL: Warning: KERNEL_0291 Object "/bf4_test_tb/TEST_PHASE" has already been traced.
# KERNEL: Warning: KERNEL_0291 Object "/bf4_test_tb/VERIF_STATE" has already been traced.
# VSIM: 0 object(s) traced.
# Waveform file 'untitled.awc' connected to 'D:/students/IKM722a_Vorontsov/vhdl/LAB_2/LAB_2/src/wave.asdb'.
# KERNEL: WARNING: NUMERIC_STD.TO_INTEGER: metavalue detected, returning 0
# KERNEL: Time: 0 ps,  Iteration: 0,  Instance: /bf4_test_tb/UUT3,  Process: line__22.
# EXECUTION:: NOTE   : at 0 ps all Ys changed
# EXECUTION:: Time: 0 ps,  Iteration: 1,  Instance: /bf4_test_tb,  Process: output_verify.
# EXECUTION:: ERROR  : error in block bf4_logic when X = 0000
# EXECUTION:: Time: 5 ns,  Iteration: 0,  Instance: /bf4_test_tb,  Process: output_verify.
# EXECUTION:: ERROR  : error in block bf4_conc_CA when X = 0000
# EXECUTION:: Time: 5 ns,  Iteration: 0,  Instance: /bf4_test_tb,  Process: output_verify.
# EXECUTION:: ERROR  : error in block bf4_conc_WS when X = 0000
# EXECUTION:: Time: 5 ns,  Iteration: 0,  Instance: /bf4_test_tb,  Process: output_verify.
# EXECUTION:: ERROR  : error in block bf4_const when X = 0000
# EXECUTION:: Time: 5 ns,  Iteration: 0,  Instance: /bf4_test_tb,  Process: output_verify.
# EXECUTION:: ERROR  : error in block bf4_proc_IF when X = 0000
# EXECUTION:: Time: 5 ns,  Iteration: 0,  Instance: /bf4_test_tb,  Process: output_verify.
# EXECUTION:: ERROR  : error in block bf4_proc_CASE when X = 0000
# EXECUTION:: Time: 5 ns,  Iteration: 0,  Instance: /bf4_test_tb,  Process: output_verify.
# EXECUTION:: NOTE   : at 10000 ps all Ys changed
# EXECUTION:: Time: 10 ns,  Iteration: 4,  Instance: /bf4_test_tb,  Process: output_verify.
# EXECUTION:: ERROR  : error in block bf4_logic when X = 0001
# EXECUTION:: Time: 15 ns,  Iteration: 0,  Instance: /bf4_test_tb,  Process: output_verify.
# EXECUTION:: ERROR  : error in block bf4_conc_CA when X = 0001
# EXECUTION:: Time: 15 ns,  Iteration: 0,  Instance: /bf4_test_tb,  Process: output_verify.
# EXECUTION:: ERROR  : error in block bf4_conc_WS when X = 0001
# EXECUTION:: Time: 15 ns,  Iteration: 0,  Instance: /bf4_test_tb,  Process: output_verify.
# EXECUTION:: ERROR  : error in block bf4_const when X = 0001
# EXECUTION:: Time: 15 ns,  Iteration: 0,  Instance: /bf4_test_tb,  Process: output_verify.
# EXECUTION:: ERROR  : error in block bf4_proc_IF when X = 0001
# EXECUTION:: Time: 15 ns,  Iteration: 0,  Instance: /bf4_test_tb,  Process: output_verify.
# EXECUTION:: ERROR  : error in block bf4_proc_CASE when X = 0001
# EXECUTION:: Time: 15 ns,  Iteration: 0,  Instance: /bf4_test_tb,  Process: output_verify.
# EXECUTION:: NOTE   : at 20000 ps all Ys changed
# EXECUTION:: Time: 20 ns,  Iteration: 4,  Instance: /bf4_test_tb,  Process: output_verify.
# EXECUTION:: ERROR  : error in block bf4_logic when X = 0010
# EXECUTION:: Time: 25 ns,  Iteration: 0,  Instance: /bf4_test_tb,  Process: output_verify.
# EXECUTION:: ERROR  : error in block bf4_conc_CA when X = 0010
# EXECUTION:: Time: 25 ns,  Iteration: 0,  Instance: /bf4_test_tb,  Process: output_verify.
# EXECUTION:: ERROR  : error in block bf4_conc_WS when X = 0010
# EXECUTION:: Time: 25 ns,  Iteration: 0,  Instance: /bf4_test_tb,  Process: output_verify.
# EXECUTION:: ERROR  : error in block bf4_const when X = 0010
# EXECUTION:: Time: 25 ns,  Iteration: 0,  Instance: /bf4_test_tb,  Process: output_verify.
# EXECUTION:: ERROR  : error in block bf4_proc_IF when X = 0010
# EXECUTION:: Time: 25 ns,  Iteration: 0,  Instance: /bf4_test_tb,  Process: output_verify.
# EXECUTION:: ERROR  : error in block bf4_proc_CASE when X = 0010
# EXECUTION:: Time: 25 ns,  Iteration: 0,  Instance: /bf4_test_tb,  Process: output_verify.
# EXECUTION:: NOTE   : at 30000 ps all Ys changed
# EXECUTION:: Time: 30 ns,  Iteration: 4,  Instance: /bf4_test_tb,  Process: output_verify.
# EXECUTION:: ERROR  : error in block bf4_logic when X = 0011
# EXECUTION:: Time: 35 ns,  Iteration: 0,  Instance: /bf4_test_tb,  Process: output_verify.
# EXECUTION:: ERROR  : error in block bf4_conc_CA when X = 0011
# EXECUTION:: Time: 35 ns,  Iteration: 0,  Instance: /bf4_test_tb,  Process: output_verify.
# EXECUTION:: ERROR  : error in block bf4_conc_WS when X = 0011
# EXECUTION:: Time: 35 ns,  Iteration: 0,  Instance: /bf4_test_tb,  Process: output_verify.
# EXECUTION:: ERROR  : error in block bf4_const when X = 0011
# EXECUTION:: Time: 35 ns,  Iteration: 0,  Instance: /bf4_test_tb,  Process: output_verify.
# EXECUTION:: ERROR  : error in block bf4_proc_IF when X = 0011
# EXECUTION:: Time: 35 ns,  Iteration: 0,  Instance: /bf4_test_tb,  Process: output_verify.
# EXECUTION:: ERROR  : error in block bf4_proc_CASE when X = 0011
# EXECUTION:: Time: 35 ns,  Iteration: 0,  Instance: /bf4_test_tb,  Process: output_verify.
# EXECUTION:: NOTE   : at 40000 ps all Ys changed
# EXECUTION:: Time: 40 ns,  Iteration: 4,  Instance: /bf4_test_tb,  Process: output_verify.
# EXECUTION:: ERROR  : error in block bf4_logic when X = 0100
# EXECUTION:: Time: 45 ns,  Iteration: 0,  Instance: /bf4_test_tb,  Process: output_verify.
# EXECUTION:: ERROR  : error in block bf4_conc_CA when X = 0100
# EXECUTION:: Time: 45 ns,  Iteration: 0,  Instance: /bf4_test_tb,  Process: output_verify.
# EXECUTION:: ERROR  : error in block bf4_conc_WS when X = 0100
# EXECUTION:: Time: 45 ns,  Iteration: 0,  Instance: /bf4_test_tb,  Process: output_verify.
# EXECUTION:: ERROR  : error in block bf4_const when X = 0100
# EXECUTION:: Time: 45 ns,  Iteration: 0,  Instance: /bf4_test_tb,  Process: output_verify.
# EXECUTION:: ERROR  : error in block bf4_proc_IF when X = 0100
# EXECUTION:: Time: 45 ns,  Iteration: 0,  Instance: /bf4_test_tb,  Process: output_verify.
# EXECUTION:: ERROR  : error in block bf4_proc_CASE when X = 0100
# EXECUTION:: Time: 45 ns,  Iteration: 0,  Instance: /bf4_test_tb,  Process: output_verify.
# EXECUTION:: NOTE   : at 50000 ps all Ys changed
# EXECUTION:: Time: 50 ns,  Iteration: 4,  Instance: /bf4_test_tb,  Process: output_verify.
# EXECUTION:: ERROR  : error in block bf4_logic when X = 0101
# EXECUTION:: Time: 55 ns,  Iteration: 0,  Instance: /bf4_test_tb,  Process: output_verify.
# EXECUTION:: ERROR  : error in block bf4_conc_CA when X = 0101
# EXECUTION:: Time: 55 ns,  Iteration: 0,  Instance: /bf4_test_tb,  Process: output_verify.
# EXECUTION:: ERROR  : error in block bf4_conc_WS when X = 0101
# EXECUTION:: Time: 55 ns,  Iteration: 0,  Instance: /bf4_test_tb,  Process: output_verify.
# EXECUTION:: ERROR  : error in block bf4_const when X = 0101
# EXECUTION:: Time: 55 ns,  Iteration: 0,  Instance: /bf4_test_tb,  Process: output_verify.
# EXECUTION:: ERROR  : error in block bf4_proc_IF when X = 0101
# EXECUTION:: Time: 55 ns,  Iteration: 0,  Instance: /bf4_test_tb,  Process: output_verify.
# EXECUTION:: ERROR  : error in block bf4_proc_CASE when X = 0101
# EXECUTION:: Time: 55 ns,  Iteration: 0,  Instance: /bf4_test_tb,  Process: output_verify.
# EXECUTION:: NOTE   : at 60000 ps all Ys changed
# EXECUTION:: Time: 60 ns,  Iteration: 4,  Instance: /bf4_test_tb,  Process: output_verify.
# EXECUTION:: ERROR  : error in block bf4_logic when X = 0110
# EXECUTION:: Time: 65 ns,  Iteration: 0,  Instance: /bf4_test_tb,  Process: output_verify.
# EXECUTION:: NOTE   : at 70000 ps all Ys changed
# EXECUTION:: Time: 70 ns,  Iteration: 4,  Instance: /bf4_test_tb,  Process: output_verify.
# EXECUTION:: ERROR  : error in block bf4_logic when X = 0111
# EXECUTION:: Time: 75 ns,  Iteration: 0,  Instance: /bf4_test_tb,  Process: output_verify.
# EXECUTION:: NOTE   : at 80000 ps all Ys changed
# EXECUTION:: Time: 80 ns,  Iteration: 4,  Instance: /bf4_test_tb,  Process: output_verify.
# EXECUTION:: ERROR  : error in block bf4_logic when X = 1000
# EXECUTION:: Time: 85 ns,  Iteration: 0,  Instance: /bf4_test_tb,  Process: output_verify.
# EXECUTION:: ERROR  : error in block bf4_conc_CA when X = 1000
# EXECUTION:: Time: 85 ns,  Iteration: 0,  Instance: /bf4_test_tb,  Process: output_verify.
# EXECUTION:: ERROR  : error in block bf4_conc_WS when X = 1000
# EXECUTION:: Time: 85 ns,  Iteration: 0,  Instance: /bf4_test_tb,  Process: output_verify.
# EXECUTION:: ERROR  : error in block bf4_const when X = 1000
# EXECUTION:: Time: 85 ns,  Iteration: 0,  Instance: /bf4_test_tb,  Process: output_verify.
# EXECUTION:: ERROR  : error in block bf4_proc_IF when X = 1000
# EXECUTION:: Time: 85 ns,  Iteration: 0,  Instance: /bf4_test_tb,  Process: output_verify.
# EXECUTION:: ERROR  : error in block bf4_proc_CASE when X = 1000
# EXECUTION:: Time: 85 ns,  Iteration: 0,  Instance: /bf4_test_tb,  Process: output_verify.
# EXECUTION:: NOTE   : at 90000 ps all Ys changed
# EXECUTION:: Time: 90 ns,  Iteration: 4,  Instance: /bf4_test_tb,  Process: output_verify.
# EXECUTION:: ERROR  : error in block bf4_logic when X = 1001
# EXECUTION:: Time: 95 ns,  Iteration: 0,  Instance: /bf4_test_tb,  Process: output_verify.
# EXECUTION:: ERROR  : error in block bf4_conc_CA when X = 1001
# EXECUTION:: Time: 95 ns,  Iteration: 0,  Instance: /bf4_test_tb,  Process: output_verify.
# EXECUTION:: ERROR  : error in block bf4_conc_WS when X = 1001
# EXECUTION:: Time: 95 ns,  Iteration: 0,  Instance: /bf4_test_tb,  Process: output_verify.
# EXECUTION:: ERROR  : error in block bf4_const when X = 1001
# EXECUTION:: Time: 95 ns,  Iteration: 0,  Instance: /bf4_test_tb,  Process: output_verify.
# EXECUTION:: ERROR  : error in block bf4_proc_IF when X = 1001
# EXECUTION:: Time: 95 ns,  Iteration: 0,  Instance: /bf4_test_tb,  Process: output_verify.
# EXECUTION:: ERROR  : error in block bf4_proc_CASE when X = 1001
# EXECUTION:: Time: 95 ns,  Iteration: 0,  Instance: /bf4_test_tb,  Process: output_verify.
# EXECUTION:: NOTE   : at 100000 ps all Ys changed
# EXECUTION:: Time: 100 ns,  Iteration: 4,  Instance: /bf4_test_tb,  Process: output_verify.
# EXECUTION:: ERROR  : error in block bf4_logic when X = 1010
# EXECUTION:: Time: 105 ns,  Iteration: 0,  Instance: /bf4_test_tb,  Process: output_verify.
# EXECUTION:: ERROR  : error in block bf4_conc_CA when X = 1010
# EXECUTION:: Time: 105 ns,  Iteration: 0,  Instance: /bf4_test_tb,  Process: output_verify.
# EXECUTION:: ERROR  : error in block bf4_conc_WS when X = 1010
# EXECUTION:: Time: 105 ns,  Iteration: 0,  Instance: /bf4_test_tb,  Process: output_verify.
# EXECUTION:: ERROR  : error in block bf4_const when X = 1010
# EXECUTION:: Time: 105 ns,  Iteration: 0,  Instance: /bf4_test_tb,  Process: output_verify.
# EXECUTION:: ERROR  : error in block bf4_proc_IF when X = 1010
# EXECUTION:: Time: 105 ns,  Iteration: 0,  Instance: /bf4_test_tb,  Process: output_verify.
# EXECUTION:: ERROR  : error in block bf4_proc_CASE when X = 1010
# EXECUTION:: Time: 105 ns,  Iteration: 0,  Instance: /bf4_test_tb,  Process: output_verify.
# EXECUTION:: NOTE   : at 110000 ps all Ys changed
# EXECUTION:: Time: 110 ns,  Iteration: 4,  Instance: /bf4_test_tb,  Process: output_verify.
# EXECUTION:: ERROR  : error in block bf4_logic when X = 1011
# EXECUTION:: Time: 115 ns,  Iteration: 0,  Instance: /bf4_test_tb,  Process: output_verify.
# EXECUTION:: ERROR  : error in block bf4_conc_CA when X = 1011
# EXECUTION:: Time: 115 ns,  Iteration: 0,  Instance: /bf4_test_tb,  Process: output_verify.
# EXECUTION:: ERROR  : error in block bf4_conc_WS when X = 1011
# EXECUTION:: Time: 115 ns,  Iteration: 0,  Instance: /bf4_test_tb,  Process: output_verify.
# EXECUTION:: ERROR  : error in block bf4_const when X = 1011
# EXECUTION:: Time: 115 ns,  Iteration: 0,  Instance: /bf4_test_tb,  Process: output_verify.
# EXECUTION:: ERROR  : error in block bf4_proc_IF when X = 1011
# EXECUTION:: Time: 115 ns,  Iteration: 0,  Instance: /bf4_test_tb,  Process: output_verify.
# EXECUTION:: ERROR  : error in block bf4_proc_CASE when X = 1011
# EXECUTION:: Time: 115 ns,  Iteration: 0,  Instance: /bf4_test_tb,  Process: output_verify.
# EXECUTION:: NOTE   : at 120000 ps all Ys changed
# EXECUTION:: Time: 120 ns,  Iteration: 4,  Instance: /bf4_test_tb,  Process: output_verify.
# EXECUTION:: ERROR  : error in block bf4_logic when X = 1100
# EXECUTION:: Time: 125 ns,  Iteration: 0,  Instance: /bf4_test_tb,  Process: output_verify.
# EXECUTION:: ERROR  : error in block bf4_conc_CA when X = 1100
# EXECUTION:: Time: 125 ns,  Iteration: 0,  Instance: /bf4_test_tb,  Process: output_verify.
# EXECUTION:: ERROR  : error in block bf4_conc_WS when X = 1100
# EXECUTION:: Time: 125 ns,  Iteration: 0,  Instance: /bf4_test_tb,  Process: output_verify.
# EXECUTION:: ERROR  : error in block bf4_const when X = 1100
# EXECUTION:: Time: 125 ns,  Iteration: 0,  Instance: /bf4_test_tb,  Process: output_verify.
# EXECUTION:: ERROR  : error in block bf4_proc_IF when X = 1100
# EXECUTION:: Time: 125 ns,  Iteration: 0,  Instance: /bf4_test_tb,  Process: output_verify.
# EXECUTION:: ERROR  : error in block bf4_proc_CASE when X = 1100
# EXECUTION:: Time: 125 ns,  Iteration: 0,  Instance: /bf4_test_tb,  Process: output_verify.
# EXECUTION:: NOTE   : at 130000 ps all Ys changed
# EXECUTION:: Time: 130 ns,  Iteration: 4,  Instance: /bf4_test_tb,  Process: output_verify.
# EXECUTION:: ERROR  : error in block bf4_conc_CA when X = 1101
# EXECUTION:: Time: 135 ns,  Iteration: 0,  Instance: /bf4_test_tb,  Process: output_verify.
# EXECUTION:: ERROR  : error in block bf4_conc_WS when X = 1101
# EXECUTION:: Time: 135 ns,  Iteration: 0,  Instance: /bf4_test_tb,  Process: output_verify.
# EXECUTION:: ERROR  : error in block bf4_const when X = 1101
# EXECUTION:: Time: 135 ns,  Iteration: 0,  Instance: /bf4_test_tb,  Process: output_verify.
# EXECUTION:: ERROR  : error in block bf4_proc_IF when X = 1101
# EXECUTION:: Time: 135 ns,  Iteration: 0,  Instance: /bf4_test_tb,  Process: output_verify.
# EXECUTION:: ERROR  : error in block bf4_proc_CASE when X = 1101
# EXECUTION:: Time: 135 ns,  Iteration: 0,  Instance: /bf4_test_tb,  Process: output_verify.
# EXECUTION:: NOTE   : at 140000 ps all Ys changed
# EXECUTION:: Time: 140 ns,  Iteration: 4,  Instance: /bf4_test_tb,  Process: output_verify.
# EXECUTION:: ERROR  : error in block bf4_logic when X = 1110
# EXECUTION:: Time: 145 ns,  Iteration: 0,  Instance: /bf4_test_tb,  Process: output_verify.
# EXECUTION:: ERROR  : error in block bf4_conc_CA when X = 1110
# EXECUTION:: Time: 145 ns,  Iteration: 0,  Instance: /bf4_test_tb,  Process: output_verify.
# EXECUTION:: ERROR  : error in block bf4_conc_WS when X = 1110
# EXECUTION:: Time: 145 ns,  Iteration: 0,  Instance: /bf4_test_tb,  Process: output_verify.
# EXECUTION:: ERROR  : error in block bf4_const when X = 1110
# EXECUTION:: Time: 145 ns,  Iteration: 0,  Instance: /bf4_test_tb,  Process: output_verify.
# EXECUTION:: ERROR  : error in block bf4_proc_IF when X = 1110
# EXECUTION:: Time: 145 ns,  Iteration: 0,  Instance: /bf4_test_tb,  Process: output_verify.
# EXECUTION:: ERROR  : error in block bf4_proc_CASE when X = 1110
# EXECUTION:: Time: 145 ns,  Iteration: 0,  Instance: /bf4_test_tb,  Process: output_verify.
# EXECUTION:: NOTE   : at 150000 ps all Ys changed
# EXECUTION:: Time: 150 ns,  Iteration: 4,  Instance: /bf4_test_tb,  Process: output_verify.
# EXECUTION:: ERROR  : error in block bf4_logic when X = 1111
# EXECUTION:: Time: 155 ns,  Iteration: 0,  Instance: /bf4_test_tb,  Process: output_verify.
# EXECUTION:: ERROR  : error in block bf4_conc_CA when X = 1111
# EXECUTION:: Time: 155 ns,  Iteration: 0,  Instance: /bf4_test_tb,  Process: output_verify.
# EXECUTION:: ERROR  : error in block bf4_conc_WS when X = 1111
# EXECUTION:: Time: 155 ns,  Iteration: 0,  Instance: /bf4_test_tb,  Process: output_verify.
# EXECUTION:: ERROR  : error in block bf4_const when X = 1111
# EXECUTION:: Time: 155 ns,  Iteration: 0,  Instance: /bf4_test_tb,  Process: output_verify.
# EXECUTION:: ERROR  : error in block bf4_proc_IF when X = 1111
# EXECUTION:: Time: 155 ns,  Iteration: 0,  Instance: /bf4_test_tb,  Process: output_verify.
# EXECUTION:: ERROR  : error in block bf4_proc_CASE when X = 1111
# EXECUTION:: Time: 155 ns,  Iteration: 0,  Instance: /bf4_test_tb,  Process: output_verify.
# KERNEL: WARNING: NUMERIC_STD.TO_INTEGER: metavalue detected, returning 0
# KERNEL: Time: 160 ns,  Iteration: 1,  Instance: /bf4_test_tb/UUT3,  Process: line__22.
# EXECUTION:: NOTE   : at 160000 ps all Ys changed
# EXECUTION:: Time: 160 ns,  Iteration: 2,  Instance: /bf4_test_tb,  Process: output_verify.
# EXECUTION:: ERROR  : not safe response in block bf4_const when X = X000
# EXECUTION:: Time: 165 ns,  Iteration: 0,  Instance: /bf4_test_tb,  Process: output_verify.
# KERNEL: WARNING: NUMERIC_STD.TO_INTEGER: metavalue detected, returning 0
# KERNEL: Time: 170 ns,  Iteration: 1,  Instance: /bf4_test_tb/UUT3,  Process: line__22.
# KERNEL: WARNING: NUMERIC_STD.TO_INTEGER: metavalue detected, returning 0
# KERNEL: Time: 180 ns,  Iteration: 1,  Instance: /bf4_test_tb/UUT3,  Process: line__22.
# KERNEL: WARNING: NUMERIC_STD.TO_INTEGER: metavalue detected, returning 0
# KERNEL: Time: 190 ns,  Iteration: 1,  Instance: /bf4_test_tb/UUT3,  Process: line__22.
# KERNEL: WARNING: NUMERIC_STD.TO_INTEGER: metavalue detected, returning 0
# KERNEL: Time: 200 ns,  Iteration: 1,  Instance: /bf4_test_tb/UUT3,  Process: line__22.
# KERNEL: WARNING: NUMERIC_STD.TO_INTEGER: metavalue detected, returning 0
# KERNEL: Time: 210 ns,  Iteration: 1,  Instance: /bf4_test_tb/UUT3,  Process: line__22.
# KERNEL: WARNING: NUMERIC_STD.TO_INTEGER: metavalue detected, returning 0
# KERNEL: Time: 220 ns,  Iteration: 1,  Instance: /bf4_test_tb/UUT3,  Process: line__22.
# KERNEL: WARNING: NUMERIC_STD.TO_INTEGER: metavalue detected, returning 0
# KERNEL: Time: 230 ns,  Iteration: 1,  Instance: /bf4_test_tb/UUT3,  Process: line__22.
# KERNEL: stopped at time: 350 ns
# KERNEL: Simulation has finished. There are no more test vectors to simulate.
SetActiveLib -work
comp -include "$dsn\src\bf4_conc_CA.vhd" 
# Compile Entity "bf4_conc_CA"
# Compile Architecture "bf4_conc_CA" of Entity "bf4_conc_CA"
# Compile success 0 Errors 0 Warnings  Analysis time :  16.0 [ms]
comp -include "$dsn\src\bf4_conc_WS.vhd"
# Compile Entity "bf4_conc_WS"
# Compile Architecture "bf4_conc_WS" of Entity "bf4_conc_WS"
# Compile success 0 Errors 0 Warnings  Analysis time :  31.0 [ms]
comp -include "$dsn\src\bf4_const.vhd"
# Compile Entity "bf4_const"
# Compile Architecture "bf4_const" of Entity "bf4_const"
# Compile success 0 Errors 0 Warnings  Analysis time :  32.0 [ms]
comp -include "$dsn\src\bf4_logic.vhd"
# Compile Entity "bf4_logic"
# Compile Architecture "bf4_logic" of Entity "bf4_logic"
# Compile success 0 Errors 0 Warnings  Analysis time :  32.0 [ms]
comp -include "$dsn\src\bf4_proc_IF.vhd"
# Compile Entity "bf4_proc_IF"
# Compile Architecture "bf4_proc_IF" of Entity "bf4_proc_IF"
# Compile success 0 Errors 0 Warnings  Analysis time :  31.0 [ms]
comp -include "$dsn\src\bf4_proc_CASE.vhd"
# Compile Entity "bf4_proc_CASE"
# Compile Architecture "bf4_proc_CASE" of Entity "bf4_proc_CASE"
# Compile success 0 Errors 0 Warnings  Analysis time :  15.0 [ms]
comp -include "$dsn\src\bf4_K2_TB.vhd" 
# Compile Entity "bf4_test_tb"
# Compile Architecture "bf4_test_tb" of Entity "bf4_test_tb"
# Compile success 0 Errors 0 Warnings  Analysis time :  31.0 [ms]
asim +access +r bf4_test_tb 
# VSIM: Simulation has finished.
# ELBREAD: Elaboration process.
# ELBREAD: Elaboration time 0.0 [s].
# VSIM: Stack memory: 32MB
# VSIM: Retval memory: 32MB
# 
# KERNEL: Main thread initiated.
# KERNEL: Kernel process initialization phase.
# ELAB2: Elaboration final pass...
# ELAB2: Create instances ...
# KERNEL: Time resolution set to 1ps.
# ELAB2: Create instances complete.
# SLP: Started
# SLP: Elaboration phase ...
# SLP: Elaboration phase ... skipped, nothing to simulate in SLP mode : 0.0 [s]
# SLP: Finished : 0.0 [s]
# ELAB2: Elaboration final pass complete - time: 0.0 [s].
# KERNEL: Warning: You are using the Active-HDL Student Edition. The performance of simulation is running at a reduced rate.
# KERNEL: Warning: Contact Aldec for available upgrade options - sales@aldec.com.
# KERNEL: Kernel process initialization done.
# Allocation: Simulator allocated 6492 kB (elbread=427 elab2=5925 kernel=139 sdf=0)
# KERNEL: ASDB file was created in location D:\students\IKM722a_Vorontsov\vhdl\LAB_2\LAB_2\src\wave.asdb
#  14:51, 23 травня 2026 р.
#  Simulation has been initialized
wave 
wave -noreg X
wave -noreg Y_conc_CA
wave -noreg Y_conc_WS
wave -noreg Y_const  
wave -noreg Y_logic
wave -noreg Y_proc_IF
wave -noreg Y_proc_CASE
wave -noreg TEST_PHASE
wave -noreg VERIF_STATE
run 350 ns
# VSIM: 9 object(s) traced.
# Waveform file 'untitled.awc' connected to 'D:/students/IKM722a_Vorontsov/vhdl/LAB_2/LAB_2/src/wave.asdb'.
# KERNEL: WARNING: NUMERIC_STD.TO_INTEGER: metavalue detected, returning 0
# KERNEL: Time: 0 ps,  Iteration: 0,  Instance: /bf4_test_tb/UUT3,  Process: line__22.
# EXECUTION:: NOTE   : at 0 ps all Ys changed
# EXECUTION:: Time: 0 ps,  Iteration: 1,  Instance: /bf4_test_tb,  Process: output_verify.
# EXECUTION:: ERROR  : error in block bf4_logic when X = 0000
# EXECUTION:: Time: 5 ns,  Iteration: 0,  Instance: /bf4_test_tb,  Process: output_verify.
# EXECUTION:: ERROR  : error in block bf4_conc_CA when X = 0000
# EXECUTION:: Time: 5 ns,  Iteration: 0,  Instance: /bf4_test_tb,  Process: output_verify.
# EXECUTION:: ERROR  : error in block bf4_conc_WS when X = 0000
# EXECUTION:: Time: 5 ns,  Iteration: 0,  Instance: /bf4_test_tb,  Process: output_verify.
# EXECUTION:: ERROR  : error in block bf4_const when X = 0000
# EXECUTION:: Time: 5 ns,  Iteration: 0,  Instance: /bf4_test_tb,  Process: output_verify.
# EXECUTION:: ERROR  : error in block bf4_proc_IF when X = 0000
# EXECUTION:: Time: 5 ns,  Iteration: 0,  Instance: /bf4_test_tb,  Process: output_verify.
# EXECUTION:: ERROR  : error in block bf4_proc_CASE when X = 0000
# EXECUTION:: Time: 5 ns,  Iteration: 0,  Instance: /bf4_test_tb,  Process: output_verify.
# EXECUTION:: NOTE   : at 10000 ps all Ys changed
# EXECUTION:: Time: 10 ns,  Iteration: 4,  Instance: /bf4_test_tb,  Process: output_verify.
# EXECUTION:: ERROR  : error in block bf4_logic when X = 0001
# EXECUTION:: Time: 15 ns,  Iteration: 0,  Instance: /bf4_test_tb,  Process: output_verify.
# EXECUTION:: ERROR  : error in block bf4_conc_CA when X = 0001
# EXECUTION:: Time: 15 ns,  Iteration: 0,  Instance: /bf4_test_tb,  Process: output_verify.
# EXECUTION:: ERROR  : error in block bf4_conc_WS when X = 0001
# EXECUTION:: Time: 15 ns,  Iteration: 0,  Instance: /bf4_test_tb,  Process: output_verify.
# EXECUTION:: ERROR  : error in block bf4_const when X = 0001
# EXECUTION:: Time: 15 ns,  Iteration: 0,  Instance: /bf4_test_tb,  Process: output_verify.
# EXECUTION:: ERROR  : error in block bf4_proc_IF when X = 0001
# EXECUTION:: Time: 15 ns,  Iteration: 0,  Instance: /bf4_test_tb,  Process: output_verify.
# EXECUTION:: ERROR  : error in block bf4_proc_CASE when X = 0001
# EXECUTION:: Time: 15 ns,  Iteration: 0,  Instance: /bf4_test_tb,  Process: output_verify.
# EXECUTION:: NOTE   : at 20000 ps all Ys changed
# EXECUTION:: Time: 20 ns,  Iteration: 4,  Instance: /bf4_test_tb,  Process: output_verify.
# EXECUTION:: ERROR  : error in block bf4_logic when X = 0010
# EXECUTION:: Time: 25 ns,  Iteration: 0,  Instance: /bf4_test_tb,  Process: output_verify.
# EXECUTION:: ERROR  : error in block bf4_conc_CA when X = 0010
# EXECUTION:: Time: 25 ns,  Iteration: 0,  Instance: /bf4_test_tb,  Process: output_verify.
# EXECUTION:: ERROR  : error in block bf4_conc_WS when X = 0010
# EXECUTION:: Time: 25 ns,  Iteration: 0,  Instance: /bf4_test_tb,  Process: output_verify.
# EXECUTION:: ERROR  : error in block bf4_const when X = 0010
# EXECUTION:: Time: 25 ns,  Iteration: 0,  Instance: /bf4_test_tb,  Process: output_verify.
# EXECUTION:: ERROR  : error in block bf4_proc_IF when X = 0010
# EXECUTION:: Time: 25 ns,  Iteration: 0,  Instance: /bf4_test_tb,  Process: output_verify.
# EXECUTION:: ERROR  : error in block bf4_proc_CASE when X = 0010
# EXECUTION:: Time: 25 ns,  Iteration: 0,  Instance: /bf4_test_tb,  Process: output_verify.
# EXECUTION:: NOTE   : at 30000 ps all Ys changed
# EXECUTION:: Time: 30 ns,  Iteration: 4,  Instance: /bf4_test_tb,  Process: output_verify.
# EXECUTION:: ERROR  : error in block bf4_logic when X = 0011
# EXECUTION:: Time: 35 ns,  Iteration: 0,  Instance: /bf4_test_tb,  Process: output_verify.
# EXECUTION:: ERROR  : error in block bf4_conc_CA when X = 0011
# EXECUTION:: Time: 35 ns,  Iteration: 0,  Instance: /bf4_test_tb,  Process: output_verify.
# EXECUTION:: ERROR  : error in block bf4_conc_WS when X = 0011
# EXECUTION:: Time: 35 ns,  Iteration: 0,  Instance: /bf4_test_tb,  Process: output_verify.
# EXECUTION:: ERROR  : error in block bf4_const when X = 0011
# EXECUTION:: Time: 35 ns,  Iteration: 0,  Instance: /bf4_test_tb,  Process: output_verify.
# EXECUTION:: ERROR  : error in block bf4_proc_IF when X = 0011
# EXECUTION:: Time: 35 ns,  Iteration: 0,  Instance: /bf4_test_tb,  Process: output_verify.
# EXECUTION:: ERROR  : error in block bf4_proc_CASE when X = 0011
# EXECUTION:: Time: 35 ns,  Iteration: 0,  Instance: /bf4_test_tb,  Process: output_verify.
# EXECUTION:: NOTE   : at 40000 ps all Ys changed
# EXECUTION:: Time: 40 ns,  Iteration: 4,  Instance: /bf4_test_tb,  Process: output_verify.
# EXECUTION:: ERROR  : error in block bf4_logic when X = 0100
# EXECUTION:: Time: 45 ns,  Iteration: 0,  Instance: /bf4_test_tb,  Process: output_verify.
# EXECUTION:: ERROR  : error in block bf4_conc_CA when X = 0100
# EXECUTION:: Time: 45 ns,  Iteration: 0,  Instance: /bf4_test_tb,  Process: output_verify.
# EXECUTION:: ERROR  : error in block bf4_conc_WS when X = 0100
# EXECUTION:: Time: 45 ns,  Iteration: 0,  Instance: /bf4_test_tb,  Process: output_verify.
# EXECUTION:: ERROR  : error in block bf4_const when X = 0100
# EXECUTION:: Time: 45 ns,  Iteration: 0,  Instance: /bf4_test_tb,  Process: output_verify.
# EXECUTION:: ERROR  : error in block bf4_proc_IF when X = 0100
# EXECUTION:: Time: 45 ns,  Iteration: 0,  Instance: /bf4_test_tb,  Process: output_verify.
# EXECUTION:: ERROR  : error in block bf4_proc_CASE when X = 0100
# EXECUTION:: Time: 45 ns,  Iteration: 0,  Instance: /bf4_test_tb,  Process: output_verify.
# EXECUTION:: NOTE   : at 50000 ps all Ys changed
# EXECUTION:: Time: 50 ns,  Iteration: 4,  Instance: /bf4_test_tb,  Process: output_verify.
# EXECUTION:: ERROR  : error in block bf4_logic when X = 0101
# EXECUTION:: Time: 55 ns,  Iteration: 0,  Instance: /bf4_test_tb,  Process: output_verify.
# EXECUTION:: ERROR  : error in block bf4_conc_CA when X = 0101
# EXECUTION:: Time: 55 ns,  Iteration: 0,  Instance: /bf4_test_tb,  Process: output_verify.
# EXECUTION:: ERROR  : error in block bf4_conc_WS when X = 0101
# EXECUTION:: Time: 55 ns,  Iteration: 0,  Instance: /bf4_test_tb,  Process: output_verify.
# EXECUTION:: ERROR  : error in block bf4_const when X = 0101
# EXECUTION:: Time: 55 ns,  Iteration: 0,  Instance: /bf4_test_tb,  Process: output_verify.
# EXECUTION:: ERROR  : error in block bf4_proc_IF when X = 0101
# EXECUTION:: Time: 55 ns,  Iteration: 0,  Instance: /bf4_test_tb,  Process: output_verify.
# EXECUTION:: ERROR  : error in block bf4_proc_CASE when X = 0101
# EXECUTION:: Time: 55 ns,  Iteration: 0,  Instance: /bf4_test_tb,  Process: output_verify.
# EXECUTION:: NOTE   : at 60000 ps all Ys changed
# EXECUTION:: Time: 60 ns,  Iteration: 4,  Instance: /bf4_test_tb,  Process: output_verify.
# EXECUTION:: ERROR  : error in block bf4_logic when X = 0110
# EXECUTION:: Time: 65 ns,  Iteration: 0,  Instance: /bf4_test_tb,  Process: output_verify.
# EXECUTION:: NOTE   : at 70000 ps all Ys changed
# EXECUTION:: Time: 70 ns,  Iteration: 4,  Instance: /bf4_test_tb,  Process: output_verify.
# EXECUTION:: ERROR  : error in block bf4_logic when X = 0111
# EXECUTION:: Time: 75 ns,  Iteration: 0,  Instance: /bf4_test_tb,  Process: output_verify.
# EXECUTION:: NOTE   : at 80000 ps all Ys changed
# EXECUTION:: Time: 80 ns,  Iteration: 4,  Instance: /bf4_test_tb,  Process: output_verify.
# EXECUTION:: ERROR  : error in block bf4_logic when X = 1000
# EXECUTION:: Time: 85 ns,  Iteration: 0,  Instance: /bf4_test_tb,  Process: output_verify.
# EXECUTION:: ERROR  : error in block bf4_conc_CA when X = 1000
# EXECUTION:: Time: 85 ns,  Iteration: 0,  Instance: /bf4_test_tb,  Process: output_verify.
# EXECUTION:: ERROR  : error in block bf4_conc_WS when X = 1000
# EXECUTION:: Time: 85 ns,  Iteration: 0,  Instance: /bf4_test_tb,  Process: output_verify.
# EXECUTION:: ERROR  : error in block bf4_const when X = 1000
# EXECUTION:: Time: 85 ns,  Iteration: 0,  Instance: /bf4_test_tb,  Process: output_verify.
# EXECUTION:: ERROR  : error in block bf4_proc_IF when X = 1000
# EXECUTION:: Time: 85 ns,  Iteration: 0,  Instance: /bf4_test_tb,  Process: output_verify.
# EXECUTION:: ERROR  : error in block bf4_proc_CASE when X = 1000
# EXECUTION:: Time: 85 ns,  Iteration: 0,  Instance: /bf4_test_tb,  Process: output_verify.
# EXECUTION:: NOTE   : at 90000 ps all Ys changed
# EXECUTION:: Time: 90 ns,  Iteration: 4,  Instance: /bf4_test_tb,  Process: output_verify.
# EXECUTION:: ERROR  : error in block bf4_logic when X = 1001
# EXECUTION:: Time: 95 ns,  Iteration: 0,  Instance: /bf4_test_tb,  Process: output_verify.
# EXECUTION:: ERROR  : error in block bf4_conc_CA when X = 1001
# EXECUTION:: Time: 95 ns,  Iteration: 0,  Instance: /bf4_test_tb,  Process: output_verify.
# EXECUTION:: ERROR  : error in block bf4_conc_WS when X = 1001
# EXECUTION:: Time: 95 ns,  Iteration: 0,  Instance: /bf4_test_tb,  Process: output_verify.
# EXECUTION:: ERROR  : error in block bf4_const when X = 1001
# EXECUTION:: Time: 95 ns,  Iteration: 0,  Instance: /bf4_test_tb,  Process: output_verify.
# EXECUTION:: ERROR  : error in block bf4_proc_IF when X = 1001
# EXECUTION:: Time: 95 ns,  Iteration: 0,  Instance: /bf4_test_tb,  Process: output_verify.
# EXECUTION:: ERROR  : error in block bf4_proc_CASE when X = 1001
# EXECUTION:: Time: 95 ns,  Iteration: 0,  Instance: /bf4_test_tb,  Process: output_verify.
# EXECUTION:: NOTE   : at 100000 ps all Ys changed
# EXECUTION:: Time: 100 ns,  Iteration: 4,  Instance: /bf4_test_tb,  Process: output_verify.
# EXECUTION:: ERROR  : error in block bf4_logic when X = 1010
# EXECUTION:: Time: 105 ns,  Iteration: 0,  Instance: /bf4_test_tb,  Process: output_verify.
# EXECUTION:: ERROR  : error in block bf4_conc_CA when X = 1010
# EXECUTION:: Time: 105 ns,  Iteration: 0,  Instance: /bf4_test_tb,  Process: output_verify.
# EXECUTION:: ERROR  : error in block bf4_conc_WS when X = 1010
# EXECUTION:: Time: 105 ns,  Iteration: 0,  Instance: /bf4_test_tb,  Process: output_verify.
# EXECUTION:: ERROR  : error in block bf4_const when X = 1010
# EXECUTION:: Time: 105 ns,  Iteration: 0,  Instance: /bf4_test_tb,  Process: output_verify.
# EXECUTION:: ERROR  : error in block bf4_proc_IF when X = 1010
# EXECUTION:: Time: 105 ns,  Iteration: 0,  Instance: /bf4_test_tb,  Process: output_verify.
# EXECUTION:: ERROR  : error in block bf4_proc_CASE when X = 1010
# EXECUTION:: Time: 105 ns,  Iteration: 0,  Instance: /bf4_test_tb,  Process: output_verify.
# EXECUTION:: NOTE   : at 110000 ps all Ys changed
# EXECUTION:: Time: 110 ns,  Iteration: 4,  Instance: /bf4_test_tb,  Process: output_verify.
# EXECUTION:: ERROR  : error in block bf4_logic when X = 1011
# EXECUTION:: Time: 115 ns,  Iteration: 0,  Instance: /bf4_test_tb,  Process: output_verify.
# EXECUTION:: ERROR  : error in block bf4_conc_CA when X = 1011
# EXECUTION:: Time: 115 ns,  Iteration: 0,  Instance: /bf4_test_tb,  Process: output_verify.
# EXECUTION:: ERROR  : error in block bf4_conc_WS when X = 1011
# EXECUTION:: Time: 115 ns,  Iteration: 0,  Instance: /bf4_test_tb,  Process: output_verify.
# EXECUTION:: ERROR  : error in block bf4_const when X = 1011
# EXECUTION:: Time: 115 ns,  Iteration: 0,  Instance: /bf4_test_tb,  Process: output_verify.
# EXECUTION:: ERROR  : error in block bf4_proc_IF when X = 1011
# EXECUTION:: Time: 115 ns,  Iteration: 0,  Instance: /bf4_test_tb,  Process: output_verify.
# EXECUTION:: ERROR  : error in block bf4_proc_CASE when X = 1011
# EXECUTION:: Time: 115 ns,  Iteration: 0,  Instance: /bf4_test_tb,  Process: output_verify.
# EXECUTION:: NOTE   : at 120000 ps all Ys changed
# EXECUTION:: Time: 120 ns,  Iteration: 4,  Instance: /bf4_test_tb,  Process: output_verify.
# EXECUTION:: ERROR  : error in block bf4_logic when X = 1100
# EXECUTION:: Time: 125 ns,  Iteration: 0,  Instance: /bf4_test_tb,  Process: output_verify.
# EXECUTION:: ERROR  : error in block bf4_conc_CA when X = 1100
# EXECUTION:: Time: 125 ns,  Iteration: 0,  Instance: /bf4_test_tb,  Process: output_verify.
# EXECUTION:: ERROR  : error in block bf4_conc_WS when X = 1100
# EXECUTION:: Time: 125 ns,  Iteration: 0,  Instance: /bf4_test_tb,  Process: output_verify.
# EXECUTION:: ERROR  : error in block bf4_const when X = 1100
# EXECUTION:: Time: 125 ns,  Iteration: 0,  Instance: /bf4_test_tb,  Process: output_verify.
# EXECUTION:: ERROR  : error in block bf4_proc_IF when X = 1100
# EXECUTION:: Time: 125 ns,  Iteration: 0,  Instance: /bf4_test_tb,  Process: output_verify.
# EXECUTION:: ERROR  : error in block bf4_proc_CASE when X = 1100
# EXECUTION:: Time: 125 ns,  Iteration: 0,  Instance: /bf4_test_tb,  Process: output_verify.
# EXECUTION:: NOTE   : at 130000 ps all Ys changed
# EXECUTION:: Time: 130 ns,  Iteration: 4,  Instance: /bf4_test_tb,  Process: output_verify.
# EXECUTION:: ERROR  : error in block bf4_conc_CA when X = 1101
# EXECUTION:: Time: 135 ns,  Iteration: 0,  Instance: /bf4_test_tb,  Process: output_verify.
# EXECUTION:: ERROR  : error in block bf4_conc_WS when X = 1101
# EXECUTION:: Time: 135 ns,  Iteration: 0,  Instance: /bf4_test_tb,  Process: output_verify.
# EXECUTION:: ERROR  : error in block bf4_const when X = 1101
# EXECUTION:: Time: 135 ns,  Iteration: 0,  Instance: /bf4_test_tb,  Process: output_verify.
# EXECUTION:: ERROR  : error in block bf4_proc_IF when X = 1101
# EXECUTION:: Time: 135 ns,  Iteration: 0,  Instance: /bf4_test_tb,  Process: output_verify.
# EXECUTION:: ERROR  : error in block bf4_proc_CASE when X = 1101
# EXECUTION:: Time: 135 ns,  Iteration: 0,  Instance: /bf4_test_tb,  Process: output_verify.
# EXECUTION:: NOTE   : at 140000 ps all Ys changed
# EXECUTION:: Time: 140 ns,  Iteration: 4,  Instance: /bf4_test_tb,  Process: output_verify.
# EXECUTION:: ERROR  : error in block bf4_logic when X = 1110
# EXECUTION:: Time: 145 ns,  Iteration: 0,  Instance: /bf4_test_tb,  Process: output_verify.
# EXECUTION:: ERROR  : error in block bf4_conc_CA when X = 1110
# EXECUTION:: Time: 145 ns,  Iteration: 0,  Instance: /bf4_test_tb,  Process: output_verify.
# EXECUTION:: ERROR  : error in block bf4_conc_WS when X = 1110
# EXECUTION:: Time: 145 ns,  Iteration: 0,  Instance: /bf4_test_tb,  Process: output_verify.
# EXECUTION:: ERROR  : error in block bf4_const when X = 1110
# EXECUTION:: Time: 145 ns,  Iteration: 0,  Instance: /bf4_test_tb,  Process: output_verify.
# EXECUTION:: ERROR  : error in block bf4_proc_IF when X = 1110
# EXECUTION:: Time: 145 ns,  Iteration: 0,  Instance: /bf4_test_tb,  Process: output_verify.
# EXECUTION:: ERROR  : error in block bf4_proc_CASE when X = 1110
# EXECUTION:: Time: 145 ns,  Iteration: 0,  Instance: /bf4_test_tb,  Process: output_verify.
# EXECUTION:: NOTE   : at 150000 ps all Ys changed
# EXECUTION:: Time: 150 ns,  Iteration: 4,  Instance: /bf4_test_tb,  Process: output_verify.
# EXECUTION:: ERROR  : error in block bf4_logic when X = 1111
# EXECUTION:: Time: 155 ns,  Iteration: 0,  Instance: /bf4_test_tb,  Process: output_verify.
# EXECUTION:: ERROR  : error in block bf4_conc_CA when X = 1111
# EXECUTION:: Time: 155 ns,  Iteration: 0,  Instance: /bf4_test_tb,  Process: output_verify.
# EXECUTION:: ERROR  : error in block bf4_conc_WS when X = 1111
# EXECUTION:: Time: 155 ns,  Iteration: 0,  Instance: /bf4_test_tb,  Process: output_verify.
# EXECUTION:: ERROR  : error in block bf4_const when X = 1111
# EXECUTION:: Time: 155 ns,  Iteration: 0,  Instance: /bf4_test_tb,  Process: output_verify.
# EXECUTION:: ERROR  : error in block bf4_proc_IF when X = 1111
# EXECUTION:: Time: 155 ns,  Iteration: 0,  Instance: /bf4_test_tb,  Process: output_verify.
# EXECUTION:: ERROR  : error in block bf4_proc_CASE when X = 1111
# EXECUTION:: Time: 155 ns,  Iteration: 0,  Instance: /bf4_test_tb,  Process: output_verify.
# KERNEL: WARNING: NUMERIC_STD.TO_INTEGER: metavalue detected, returning 0
# KERNEL: Time: 160 ns,  Iteration: 1,  Instance: /bf4_test_tb/UUT3,  Process: line__22.
# EXECUTION:: NOTE   : at 160000 ps all Ys changed
# EXECUTION:: Time: 160 ns,  Iteration: 2,  Instance: /bf4_test_tb,  Process: output_verify.
# EXECUTION:: ERROR  : not safe response in block bf4_const when X = X000
# EXECUTION:: Time: 165 ns,  Iteration: 0,  Instance: /bf4_test_tb,  Process: output_verify.
# KERNEL: WARNING: NUMERIC_STD.TO_INTEGER: metavalue detected, returning 0
# KERNEL: Time: 170 ns,  Iteration: 1,  Instance: /bf4_test_tb/UUT3,  Process: line__22.
# KERNEL: WARNING: NUMERIC_STD.TO_INTEGER: metavalue detected, returning 0
# KERNEL: Time: 180 ns,  Iteration: 1,  Instance: /bf4_test_tb/UUT3,  Process: line__22.
# KERNEL: WARNING: NUMERIC_STD.TO_INTEGER: metavalue detected, returning 0
# KERNEL: Time: 190 ns,  Iteration: 1,  Instance: /bf4_test_tb/UUT3,  Process: line__22.
# KERNEL: WARNING: NUMERIC_STD.TO_INTEGER: metavalue detected, returning 0
# KERNEL: Time: 200 ns,  Iteration: 1,  Instance: /bf4_test_tb/UUT3,  Process: line__22.
# KERNEL: WARNING: NUMERIC_STD.TO_INTEGER: metavalue detected, returning 0
# KERNEL: Time: 210 ns,  Iteration: 1,  Instance: /bf4_test_tb/UUT3,  Process: line__22.
# KERNEL: WARNING: NUMERIC_STD.TO_INTEGER: metavalue detected, returning 0
# KERNEL: Time: 220 ns,  Iteration: 1,  Instance: /bf4_test_tb/UUT3,  Process: line__22.
# KERNEL: WARNING: NUMERIC_STD.TO_INTEGER: metavalue detected, returning 0
# KERNEL: Time: 230 ns,  Iteration: 1,  Instance: /bf4_test_tb/UUT3,  Process: line__22.
# KERNEL: stopped at time: 350 ns
# KERNEL: Simulation has finished. There are no more test vectors to simulate.
endsim
# VSIM: Simulation has finished.
SetActiveLib -work
comp -include "$dsn\src\bf4_conc_CA.vhd" 
# Compile Entity "bf4_conc_CA"
# Compile Architecture "bf4_conc_CA" of Entity "bf4_conc_CA"
# Compile success 0 Errors 0 Warnings  Analysis time :  31.0 [ms]
comp -include "$dsn\src\bf4_conc_WS.vhd"
# Compile Entity "bf4_conc_WS"
# Compile Architecture "bf4_conc_WS" of Entity "bf4_conc_WS"
# Compile success 0 Errors 0 Warnings  Analysis time :  16.0 [ms]
comp -include "$dsn\src\bf4_const.vhd"
# Compile Entity "bf4_const"
# Compile Architecture "bf4_const" of Entity "bf4_const"
# Compile success 0 Errors 0 Warnings  Analysis time :  16.0 [ms]
comp -include "$dsn\src\bf4_logic.vhd"
# Compile Entity "bf4_logic"
# Compile Architecture "bf4_logic" of Entity "bf4_logic"
# Compile success 0 Errors 0 Warnings  Analysis time :  31.0 [ms]
comp -include "$dsn\src\bf4_proc_IF.vhd"
# Compile Entity "bf4_proc_IF"
# Compile Architecture "bf4_proc_IF" of Entity "bf4_proc_IF"
# Compile success 0 Errors 0 Warnings  Analysis time :  15.0 [ms]
comp -include "$dsn\src\bf4_proc_CASE.vhd"
# Compile Entity "bf4_proc_CASE"
# Compile Architecture "bf4_proc_CASE" of Entity "bf4_proc_CASE"
# Compile success 0 Errors 0 Warnings  Analysis time :  16.0 [ms]
comp -include "$dsn\src\bf4_K2_TB.vhd" 
# Compile Entity "bf4_test_tb"
# Compile Architecture "bf4_test_tb" of Entity "bf4_test_tb"
# Compile success 0 Errors 0 Warnings  Analysis time :  31.0 [ms]
asim +access +r bf4_test_tb 
# ELBREAD: Elaboration process.
# ELBREAD: Elaboration time 0.0 [s].
# VSIM: Stack memory: 32MB
# VSIM: Retval memory: 32MB
# 
# KERNEL: Main thread initiated.
# KERNEL: Kernel process initialization phase.
# ELAB2: Elaboration final pass...
# ELAB2: Create instances ...
# KERNEL: Time resolution set to 1ps.
# ELAB2: Create instances complete.
# SLP: Started
# SLP: Elaboration phase ...
# SLP: Elaboration phase ... skipped, nothing to simulate in SLP mode : 0.0 [s]
# SLP: Finished : 0.0 [s]
# ELAB2: Elaboration final pass complete - time: 0.0 [s].
# KERNEL: Warning: You are using the Active-HDL Student Edition. The performance of simulation is running at a reduced rate.
# KERNEL: Warning: Contact Aldec for available upgrade options - sales@aldec.com.
# KERNEL: Kernel process initialization done.
# Allocation: Simulator allocated 6492 kB (elbread=427 elab2=5925 kernel=139 sdf=0)
# KERNEL: ASDB file was created in location D:\students\IKM722a_Vorontsov\vhdl\LAB_2\LAB_2\src\wave.asdb
#  14:52, 23 травня 2026 р.
#  Simulation has been initialized
# Waveform file 'untitled.awc' connected to 'D:/students/IKM722a_Vorontsov/vhdl/LAB_2/LAB_2/src/wave.asdb'.
wave 
wave -noreg X
wave -noreg Y_conc_CA
wave -noreg Y_conc_WS
wave -noreg Y_const  
wave -noreg Y_logic
wave -noreg Y_proc_IF
wave -noreg Y_proc_CASE
wave -noreg TEST_PHASE
wave -noreg VERIF_STATE
run 350 ns
# KERNEL: Warning: KERNEL_0291 Object "/bf4_test_tb/X" has already been traced.
# KERNEL: Warning: KERNEL_0291 Object "/bf4_test_tb/Y_conc_CA" has already been traced.
# KERNEL: Warning: KERNEL_0291 Object "/bf4_test_tb/Y_conc_WS" has already been traced.
# KERNEL: Warning: KERNEL_0291 Object "/bf4_test_tb/Y_const" has already been traced.
# KERNEL: Warning: KERNEL_0291 Object "/bf4_test_tb/Y_logic" has already been traced.
# KERNEL: Warning: KERNEL_0291 Object "/bf4_test_tb/Y_proc_IF" has already been traced.
# KERNEL: Warning: KERNEL_0291 Object "/bf4_test_tb/Y_proc_CASE" has already been traced.
# KERNEL: Warning: KERNEL_0291 Object "/bf4_test_tb/TEST_PHASE" has already been traced.
# KERNEL: Warning: KERNEL_0291 Object "/bf4_test_tb/VERIF_STATE" has already been traced.
# VSIM: 0 object(s) traced.
# Waveform file 'untitled.awc' connected to 'D:/students/IKM722a_Vorontsov/vhdl/LAB_2/LAB_2/src/wave.asdb'.
# KERNEL: WARNING: NUMERIC_STD.TO_INTEGER: metavalue detected, returning 0
# KERNEL: Time: 0 ps,  Iteration: 0,  Instance: /bf4_test_tb/UUT3,  Process: line__22.
# EXECUTION:: NOTE   : at 0 ps all Ys changed
# EXECUTION:: Time: 0 ps,  Iteration: 1,  Instance: /bf4_test_tb,  Process: output_verify.
# EXECUTION:: ERROR  : error in block bf4_logic when X = 0000
# EXECUTION:: Time: 5 ns,  Iteration: 0,  Instance: /bf4_test_tb,  Process: output_verify.
# EXECUTION:: ERROR  : error in block bf4_conc_CA when X = 0000
# EXECUTION:: Time: 5 ns,  Iteration: 0,  Instance: /bf4_test_tb,  Process: output_verify.
# EXECUTION:: ERROR  : error in block bf4_conc_WS when X = 0000
# EXECUTION:: Time: 5 ns,  Iteration: 0,  Instance: /bf4_test_tb,  Process: output_verify.
# EXECUTION:: ERROR  : error in block bf4_const when X = 0000
# EXECUTION:: Time: 5 ns,  Iteration: 0,  Instance: /bf4_test_tb,  Process: output_verify.
# EXECUTION:: ERROR  : error in block bf4_proc_IF when X = 0000
# EXECUTION:: Time: 5 ns,  Iteration: 0,  Instance: /bf4_test_tb,  Process: output_verify.
# EXECUTION:: ERROR  : error in block bf4_proc_CASE when X = 0000
# EXECUTION:: Time: 5 ns,  Iteration: 0,  Instance: /bf4_test_tb,  Process: output_verify.
# EXECUTION:: NOTE   : at 10000 ps all Ys changed
# EXECUTION:: Time: 10 ns,  Iteration: 4,  Instance: /bf4_test_tb,  Process: output_verify.
# EXECUTION:: ERROR  : error in block bf4_logic when X = 0001
# EXECUTION:: Time: 15 ns,  Iteration: 0,  Instance: /bf4_test_tb,  Process: output_verify.
# EXECUTION:: ERROR  : error in block bf4_conc_CA when X = 0001
# EXECUTION:: Time: 15 ns,  Iteration: 0,  Instance: /bf4_test_tb,  Process: output_verify.
# EXECUTION:: ERROR  : error in block bf4_conc_WS when X = 0001
# EXECUTION:: Time: 15 ns,  Iteration: 0,  Instance: /bf4_test_tb,  Process: output_verify.
# EXECUTION:: ERROR  : error in block bf4_const when X = 0001
# EXECUTION:: Time: 15 ns,  Iteration: 0,  Instance: /bf4_test_tb,  Process: output_verify.
# EXECUTION:: ERROR  : error in block bf4_proc_IF when X = 0001
# EXECUTION:: Time: 15 ns,  Iteration: 0,  Instance: /bf4_test_tb,  Process: output_verify.
# EXECUTION:: ERROR  : error in block bf4_proc_CASE when X = 0001
# EXECUTION:: Time: 15 ns,  Iteration: 0,  Instance: /bf4_test_tb,  Process: output_verify.
# EXECUTION:: NOTE   : at 20000 ps all Ys changed
# EXECUTION:: Time: 20 ns,  Iteration: 4,  Instance: /bf4_test_tb,  Process: output_verify.
# EXECUTION:: ERROR  : error in block bf4_logic when X = 0010
# EXECUTION:: Time: 25 ns,  Iteration: 0,  Instance: /bf4_test_tb,  Process: output_verify.
# EXECUTION:: ERROR  : error in block bf4_conc_CA when X = 0010
# EXECUTION:: Time: 25 ns,  Iteration: 0,  Instance: /bf4_test_tb,  Process: output_verify.
# EXECUTION:: ERROR  : error in block bf4_conc_WS when X = 0010
# EXECUTION:: Time: 25 ns,  Iteration: 0,  Instance: /bf4_test_tb,  Process: output_verify.
# EXECUTION:: ERROR  : error in block bf4_const when X = 0010
# EXECUTION:: Time: 25 ns,  Iteration: 0,  Instance: /bf4_test_tb,  Process: output_verify.
# EXECUTION:: ERROR  : error in block bf4_proc_IF when X = 0010
# EXECUTION:: Time: 25 ns,  Iteration: 0,  Instance: /bf4_test_tb,  Process: output_verify.
# EXECUTION:: ERROR  : error in block bf4_proc_CASE when X = 0010
# EXECUTION:: Time: 25 ns,  Iteration: 0,  Instance: /bf4_test_tb,  Process: output_verify.
# EXECUTION:: NOTE   : at 30000 ps all Ys changed
# EXECUTION:: Time: 30 ns,  Iteration: 4,  Instance: /bf4_test_tb,  Process: output_verify.
# EXECUTION:: ERROR  : error in block bf4_logic when X = 0011
# EXECUTION:: Time: 35 ns,  Iteration: 0,  Instance: /bf4_test_tb,  Process: output_verify.
# EXECUTION:: ERROR  : error in block bf4_conc_CA when X = 0011
# EXECUTION:: Time: 35 ns,  Iteration: 0,  Instance: /bf4_test_tb,  Process: output_verify.
# EXECUTION:: ERROR  : error in block bf4_conc_WS when X = 0011
# EXECUTION:: Time: 35 ns,  Iteration: 0,  Instance: /bf4_test_tb,  Process: output_verify.
# EXECUTION:: ERROR  : error in block bf4_const when X = 0011
# EXECUTION:: Time: 35 ns,  Iteration: 0,  Instance: /bf4_test_tb,  Process: output_verify.
# EXECUTION:: ERROR  : error in block bf4_proc_IF when X = 0011
# EXECUTION:: Time: 35 ns,  Iteration: 0,  Instance: /bf4_test_tb,  Process: output_verify.
# EXECUTION:: ERROR  : error in block bf4_proc_CASE when X = 0011
# EXECUTION:: Time: 35 ns,  Iteration: 0,  Instance: /bf4_test_tb,  Process: output_verify.
# EXECUTION:: NOTE   : at 40000 ps all Ys changed
# EXECUTION:: Time: 40 ns,  Iteration: 4,  Instance: /bf4_test_tb,  Process: output_verify.
# EXECUTION:: ERROR  : error in block bf4_logic when X = 0100
# EXECUTION:: Time: 45 ns,  Iteration: 0,  Instance: /bf4_test_tb,  Process: output_verify.
# EXECUTION:: ERROR  : error in block bf4_conc_CA when X = 0100
# EXECUTION:: Time: 45 ns,  Iteration: 0,  Instance: /bf4_test_tb,  Process: output_verify.
# EXECUTION:: ERROR  : error in block bf4_conc_WS when X = 0100
# EXECUTION:: Time: 45 ns,  Iteration: 0,  Instance: /bf4_test_tb,  Process: output_verify.
# EXECUTION:: ERROR  : error in block bf4_const when X = 0100
# EXECUTION:: Time: 45 ns,  Iteration: 0,  Instance: /bf4_test_tb,  Process: output_verify.
# EXECUTION:: ERROR  : error in block bf4_proc_IF when X = 0100
# EXECUTION:: Time: 45 ns,  Iteration: 0,  Instance: /bf4_test_tb,  Process: output_verify.
# EXECUTION:: ERROR  : error in block bf4_proc_CASE when X = 0100
# EXECUTION:: Time: 45 ns,  Iteration: 0,  Instance: /bf4_test_tb,  Process: output_verify.
# EXECUTION:: NOTE   : at 50000 ps all Ys changed
# EXECUTION:: Time: 50 ns,  Iteration: 4,  Instance: /bf4_test_tb,  Process: output_verify.
# EXECUTION:: ERROR  : error in block bf4_logic when X = 0101
# EXECUTION:: Time: 55 ns,  Iteration: 0,  Instance: /bf4_test_tb,  Process: output_verify.
# EXECUTION:: ERROR  : error in block bf4_conc_CA when X = 0101
# EXECUTION:: Time: 55 ns,  Iteration: 0,  Instance: /bf4_test_tb,  Process: output_verify.
# EXECUTION:: ERROR  : error in block bf4_conc_WS when X = 0101
# EXECUTION:: Time: 55 ns,  Iteration: 0,  Instance: /bf4_test_tb,  Process: output_verify.
# EXECUTION:: ERROR  : error in block bf4_const when X = 0101
# EXECUTION:: Time: 55 ns,  Iteration: 0,  Instance: /bf4_test_tb,  Process: output_verify.
# EXECUTION:: ERROR  : error in block bf4_proc_IF when X = 0101
# EXECUTION:: Time: 55 ns,  Iteration: 0,  Instance: /bf4_test_tb,  Process: output_verify.
# EXECUTION:: ERROR  : error in block bf4_proc_CASE when X = 0101
# EXECUTION:: Time: 55 ns,  Iteration: 0,  Instance: /bf4_test_tb,  Process: output_verify.
# EXECUTION:: NOTE   : at 60000 ps all Ys changed
# EXECUTION:: Time: 60 ns,  Iteration: 4,  Instance: /bf4_test_tb,  Process: output_verify.
# EXECUTION:: ERROR  : error in block bf4_logic when X = 0110
# EXECUTION:: Time: 65 ns,  Iteration: 0,  Instance: /bf4_test_tb,  Process: output_verify.
# EXECUTION:: NOTE   : at 70000 ps all Ys changed
# EXECUTION:: Time: 70 ns,  Iteration: 4,  Instance: /bf4_test_tb,  Process: output_verify.
# EXECUTION:: ERROR  : error in block bf4_logic when X = 0111
# EXECUTION:: Time: 75 ns,  Iteration: 0,  Instance: /bf4_test_tb,  Process: output_verify.
# EXECUTION:: NOTE   : at 80000 ps all Ys changed
# EXECUTION:: Time: 80 ns,  Iteration: 4,  Instance: /bf4_test_tb,  Process: output_verify.
# EXECUTION:: ERROR  : error in block bf4_logic when X = 1000
# EXECUTION:: Time: 85 ns,  Iteration: 0,  Instance: /bf4_test_tb,  Process: output_verify.
# EXECUTION:: ERROR  : error in block bf4_conc_CA when X = 1000
# EXECUTION:: Time: 85 ns,  Iteration: 0,  Instance: /bf4_test_tb,  Process: output_verify.
# EXECUTION:: ERROR  : error in block bf4_conc_WS when X = 1000
# EXECUTION:: Time: 85 ns,  Iteration: 0,  Instance: /bf4_test_tb,  Process: output_verify.
# EXECUTION:: ERROR  : error in block bf4_const when X = 1000
# EXECUTION:: Time: 85 ns,  Iteration: 0,  Instance: /bf4_test_tb,  Process: output_verify.
# EXECUTION:: ERROR  : error in block bf4_proc_IF when X = 1000
# EXECUTION:: Time: 85 ns,  Iteration: 0,  Instance: /bf4_test_tb,  Process: output_verify.
# EXECUTION:: ERROR  : error in block bf4_proc_CASE when X = 1000
# EXECUTION:: Time: 85 ns,  Iteration: 0,  Instance: /bf4_test_tb,  Process: output_verify.
# EXECUTION:: NOTE   : at 90000 ps all Ys changed
# EXECUTION:: Time: 90 ns,  Iteration: 4,  Instance: /bf4_test_tb,  Process: output_verify.
# EXECUTION:: ERROR  : error in block bf4_logic when X = 1001
# EXECUTION:: Time: 95 ns,  Iteration: 0,  Instance: /bf4_test_tb,  Process: output_verify.
# EXECUTION:: ERROR  : error in block bf4_conc_CA when X = 1001
# EXECUTION:: Time: 95 ns,  Iteration: 0,  Instance: /bf4_test_tb,  Process: output_verify.
# EXECUTION:: ERROR  : error in block bf4_conc_WS when X = 1001
# EXECUTION:: Time: 95 ns,  Iteration: 0,  Instance: /bf4_test_tb,  Process: output_verify.
# EXECUTION:: ERROR  : error in block bf4_const when X = 1001
# EXECUTION:: Time: 95 ns,  Iteration: 0,  Instance: /bf4_test_tb,  Process: output_verify.
# EXECUTION:: ERROR  : error in block bf4_proc_IF when X = 1001
# EXECUTION:: Time: 95 ns,  Iteration: 0,  Instance: /bf4_test_tb,  Process: output_verify.
# EXECUTION:: ERROR  : error in block bf4_proc_CASE when X = 1001
# EXECUTION:: Time: 95 ns,  Iteration: 0,  Instance: /bf4_test_tb,  Process: output_verify.
# EXECUTION:: NOTE   : at 100000 ps all Ys changed
# EXECUTION:: Time: 100 ns,  Iteration: 4,  Instance: /bf4_test_tb,  Process: output_verify.
# EXECUTION:: ERROR  : error in block bf4_logic when X = 1010
# EXECUTION:: Time: 105 ns,  Iteration: 0,  Instance: /bf4_test_tb,  Process: output_verify.
# EXECUTION:: ERROR  : error in block bf4_conc_CA when X = 1010
# EXECUTION:: Time: 105 ns,  Iteration: 0,  Instance: /bf4_test_tb,  Process: output_verify.
# EXECUTION:: ERROR  : error in block bf4_conc_WS when X = 1010
# EXECUTION:: Time: 105 ns,  Iteration: 0,  Instance: /bf4_test_tb,  Process: output_verify.
# EXECUTION:: ERROR  : error in block bf4_const when X = 1010
# EXECUTION:: Time: 105 ns,  Iteration: 0,  Instance: /bf4_test_tb,  Process: output_verify.
# EXECUTION:: ERROR  : error in block bf4_proc_IF when X = 1010
# EXECUTION:: Time: 105 ns,  Iteration: 0,  Instance: /bf4_test_tb,  Process: output_verify.
# EXECUTION:: ERROR  : error in block bf4_proc_CASE when X = 1010
# EXECUTION:: Time: 105 ns,  Iteration: 0,  Instance: /bf4_test_tb,  Process: output_verify.
# EXECUTION:: NOTE   : at 110000 ps all Ys changed
# EXECUTION:: Time: 110 ns,  Iteration: 4,  Instance: /bf4_test_tb,  Process: output_verify.
# EXECUTION:: ERROR  : error in block bf4_logic when X = 1011
# EXECUTION:: Time: 115 ns,  Iteration: 0,  Instance: /bf4_test_tb,  Process: output_verify.
# EXECUTION:: ERROR  : error in block bf4_conc_CA when X = 1011
# EXECUTION:: Time: 115 ns,  Iteration: 0,  Instance: /bf4_test_tb,  Process: output_verify.
# EXECUTION:: ERROR  : error in block bf4_conc_WS when X = 1011
# EXECUTION:: Time: 115 ns,  Iteration: 0,  Instance: /bf4_test_tb,  Process: output_verify.
# EXECUTION:: ERROR  : error in block bf4_const when X = 1011
# EXECUTION:: Time: 115 ns,  Iteration: 0,  Instance: /bf4_test_tb,  Process: output_verify.
# EXECUTION:: ERROR  : error in block bf4_proc_IF when X = 1011
# EXECUTION:: Time: 115 ns,  Iteration: 0,  Instance: /bf4_test_tb,  Process: output_verify.
# EXECUTION:: ERROR  : error in block bf4_proc_CASE when X = 1011
# EXECUTION:: Time: 115 ns,  Iteration: 0,  Instance: /bf4_test_tb,  Process: output_verify.
# EXECUTION:: NOTE   : at 120000 ps all Ys changed
# EXECUTION:: Time: 120 ns,  Iteration: 4,  Instance: /bf4_test_tb,  Process: output_verify.
# EXECUTION:: ERROR  : error in block bf4_logic when X = 1100
# EXECUTION:: Time: 125 ns,  Iteration: 0,  Instance: /bf4_test_tb,  Process: output_verify.
# EXECUTION:: ERROR  : error in block bf4_conc_CA when X = 1100
# EXECUTION:: Time: 125 ns,  Iteration: 0,  Instance: /bf4_test_tb,  Process: output_verify.
# EXECUTION:: ERROR  : error in block bf4_conc_WS when X = 1100
# EXECUTION:: Time: 125 ns,  Iteration: 0,  Instance: /bf4_test_tb,  Process: output_verify.
# EXECUTION:: ERROR  : error in block bf4_const when X = 1100
# EXECUTION:: Time: 125 ns,  Iteration: 0,  Instance: /bf4_test_tb,  Process: output_verify.
# EXECUTION:: ERROR  : error in block bf4_proc_IF when X = 1100
# EXECUTION:: Time: 125 ns,  Iteration: 0,  Instance: /bf4_test_tb,  Process: output_verify.
# EXECUTION:: ERROR  : error in block bf4_proc_CASE when X = 1100
# EXECUTION:: Time: 125 ns,  Iteration: 0,  Instance: /bf4_test_tb,  Process: output_verify.
# EXECUTION:: NOTE   : at 130000 ps all Ys changed
# EXECUTION:: Time: 130 ns,  Iteration: 4,  Instance: /bf4_test_tb,  Process: output_verify.
# EXECUTION:: ERROR  : error in block bf4_conc_CA when X = 1101
# EXECUTION:: Time: 135 ns,  Iteration: 0,  Instance: /bf4_test_tb,  Process: output_verify.
# EXECUTION:: ERROR  : error in block bf4_conc_WS when X = 1101
# EXECUTION:: Time: 135 ns,  Iteration: 0,  Instance: /bf4_test_tb,  Process: output_verify.
# EXECUTION:: ERROR  : error in block bf4_const when X = 1101
# EXECUTION:: Time: 135 ns,  Iteration: 0,  Instance: /bf4_test_tb,  Process: output_verify.
# EXECUTION:: ERROR  : error in block bf4_proc_IF when X = 1101
# EXECUTION:: Time: 135 ns,  Iteration: 0,  Instance: /bf4_test_tb,  Process: output_verify.
# EXECUTION:: ERROR  : error in block bf4_proc_CASE when X = 1101
# EXECUTION:: Time: 135 ns,  Iteration: 0,  Instance: /bf4_test_tb,  Process: output_verify.
# EXECUTION:: NOTE   : at 140000 ps all Ys changed
# EXECUTION:: Time: 140 ns,  Iteration: 4,  Instance: /bf4_test_tb,  Process: output_verify.
# EXECUTION:: ERROR  : error in block bf4_logic when X = 1110
# EXECUTION:: Time: 145 ns,  Iteration: 0,  Instance: /bf4_test_tb,  Process: output_verify.
# EXECUTION:: ERROR  : error in block bf4_conc_CA when X = 1110
# EXECUTION:: Time: 145 ns,  Iteration: 0,  Instance: /bf4_test_tb,  Process: output_verify.
# EXECUTION:: ERROR  : error in block bf4_conc_WS when X = 1110
# EXECUTION:: Time: 145 ns,  Iteration: 0,  Instance: /bf4_test_tb,  Process: output_verify.
# EXECUTION:: ERROR  : error in block bf4_const when X = 1110
# EXECUTION:: Time: 145 ns,  Iteration: 0,  Instance: /bf4_test_tb,  Process: output_verify.
# EXECUTION:: ERROR  : error in block bf4_proc_IF when X = 1110
# EXECUTION:: Time: 145 ns,  Iteration: 0,  Instance: /bf4_test_tb,  Process: output_verify.
# EXECUTION:: ERROR  : error in block bf4_proc_CASE when X = 1110
# EXECUTION:: Time: 145 ns,  Iteration: 0,  Instance: /bf4_test_tb,  Process: output_verify.
# EXECUTION:: NOTE   : at 150000 ps all Ys changed
# EXECUTION:: Time: 150 ns,  Iteration: 4,  Instance: /bf4_test_tb,  Process: output_verify.
# EXECUTION:: ERROR  : error in block bf4_logic when X = 1111
# EXECUTION:: Time: 155 ns,  Iteration: 0,  Instance: /bf4_test_tb,  Process: output_verify.
# EXECUTION:: ERROR  : error in block bf4_conc_CA when X = 1111
# EXECUTION:: Time: 155 ns,  Iteration: 0,  Instance: /bf4_test_tb,  Process: output_verify.
# EXECUTION:: ERROR  : error in block bf4_conc_WS when X = 1111
# EXECUTION:: Time: 155 ns,  Iteration: 0,  Instance: /bf4_test_tb,  Process: output_verify.
# EXECUTION:: ERROR  : error in block bf4_const when X = 1111
# EXECUTION:: Time: 155 ns,  Iteration: 0,  Instance: /bf4_test_tb,  Process: output_verify.
# EXECUTION:: ERROR  : error in block bf4_proc_IF when X = 1111
# EXECUTION:: Time: 155 ns,  Iteration: 0,  Instance: /bf4_test_tb,  Process: output_verify.
# EXECUTION:: ERROR  : error in block bf4_proc_CASE when X = 1111
# EXECUTION:: Time: 155 ns,  Iteration: 0,  Instance: /bf4_test_tb,  Process: output_verify.
# KERNEL: WARNING: NUMERIC_STD.TO_INTEGER: metavalue detected, returning 0
# KERNEL: Time: 160 ns,  Iteration: 1,  Instance: /bf4_test_tb/UUT3,  Process: line__22.
# EXECUTION:: NOTE   : at 160000 ps all Ys changed
# EXECUTION:: Time: 160 ns,  Iteration: 2,  Instance: /bf4_test_tb,  Process: output_verify.
# EXECUTION:: ERROR  : not safe response in block bf4_const when X = X000
# EXECUTION:: Time: 165 ns,  Iteration: 0,  Instance: /bf4_test_tb,  Process: output_verify.
# KERNEL: WARNING: NUMERIC_STD.TO_INTEGER: metavalue detected, returning 0
# KERNEL: Time: 170 ns,  Iteration: 1,  Instance: /bf4_test_tb/UUT3,  Process: line__22.
# KERNEL: WARNING: NUMERIC_STD.TO_INTEGER: metavalue detected, returning 0
# KERNEL: Time: 180 ns,  Iteration: 1,  Instance: /bf4_test_tb/UUT3,  Process: line__22.
# KERNEL: WARNING: NUMERIC_STD.TO_INTEGER: metavalue detected, returning 0
# KERNEL: Time: 190 ns,  Iteration: 1,  Instance: /bf4_test_tb/UUT3,  Process: line__22.
# KERNEL: WARNING: NUMERIC_STD.TO_INTEGER: metavalue detected, returning 0
# KERNEL: Time: 200 ns,  Iteration: 1,  Instance: /bf4_test_tb/UUT3,  Process: line__22.
# KERNEL: WARNING: NUMERIC_STD.TO_INTEGER: metavalue detected, returning 0
# KERNEL: Time: 210 ns,  Iteration: 1,  Instance: /bf4_test_tb/UUT3,  Process: line__22.
# KERNEL: WARNING: NUMERIC_STD.TO_INTEGER: metavalue detected, returning 0
# KERNEL: Time: 220 ns,  Iteration: 1,  Instance: /bf4_test_tb/UUT3,  Process: line__22.
# KERNEL: WARNING: NUMERIC_STD.TO_INTEGER: metavalue detected, returning 0
# KERNEL: Time: 230 ns,  Iteration: 1,  Instance: /bf4_test_tb/UUT3,  Process: line__22.
# KERNEL: stopped at time: 350 ns
# KERNEL: Simulation has finished. There are no more test vectors to simulate.
endsim
# VSIM: Simulation has finished.
SetActiveLib -work
comp -include "$dsn\src\bf4_conc_CA.vhd" 
# Compile Entity "bf4_conc_CA"
# Compile Architecture "bf4_conc_CA" of Entity "bf4_conc_CA"
# Compile success 0 Errors 0 Warnings  Analysis time :  32.0 [ms]
comp -include "$dsn\src\bf4_conc_WS.vhd"
# Compile Entity "bf4_conc_WS"
# Error: COMP96_0019: bf4_conc_WS.vhd : (8, 20): Keyword 'is' expected.
# Error: COMP96_0019: bf4_conc_WS.vhd : (8, 20): Keyword 'end' expected.
# Error: COMP96_0015: bf4_conc_WS.vhd : (8, 20): ';' expected.
# Error: COMP96_0016: bf4_conc_WS.vhd : (9, 1): Design unit declaration expected.
# Compile Architecture "bf4_conc_WS" of Entity "bf4_conc_WS"
# Compile failure 4 Errors 0 Warnings  Analysis time :  47.0 [ms]
# Error: DO_001 in file D:\students\IKM722a_Vorontsov\vhdl\LAB_2\LAB_2\src\bf4_K2_TB_runtest.do line 3
# Error: Cannot run D:\students\IKM722a_Vorontsov\vhdl\LAB_2\LAB_2\src\bf4_K2_TB_runtest.do
SetActiveLib -work
comp -include "$dsn\src\bf4_conc_CA.vhd" 
# Compile Entity "bf4_conc_CA"
# Compile Architecture "bf4_conc_CA" of Entity "bf4_conc_CA"
# Compile success 0 Errors 0 Warnings  Analysis time :  16.0 [ms]
comp -include "$dsn\src\bf4_conc_WS.vhd"
# Compile Entity "bf4_conc_WS"
# Compile Architecture "bf4_conc_WS" of Entity "bf4_conc_WS"
# Compile success 0 Errors 0 Warnings  Analysis time :  15.0 [ms]
comp -include "$dsn\src\bf4_const.vhd"
# Compile Entity "bf4_const"
# Compile Architecture "bf4_const" of Entity "bf4_const"
# Compile success 0 Errors 0 Warnings  Analysis time :  16.0 [ms]
comp -include "$dsn\src\bf4_logic.vhd"
# Compile Entity "bf4_logic"
# Compile Architecture "bf4_logic" of Entity "bf4_logic"
# Compile success 0 Errors 0 Warnings  Analysis time :  47.0 [ms]
comp -include "$dsn\src\bf4_proc_IF.vhd"
# Compile Entity "bf4_proc_IF"
# Compile Architecture "bf4_proc_IF" of Entity "bf4_proc_IF"
# Compile success 0 Errors 0 Warnings  Analysis time :  31.0 [ms]
comp -include "$dsn\src\bf4_proc_CASE.vhd"
# Compile Entity "bf4_proc_CASE"
# Compile Architecture "bf4_proc_CASE" of Entity "bf4_proc_CASE"
# Compile success 0 Errors 0 Warnings  Analysis time :  16.0 [ms]
comp -include "$dsn\src\bf4_K2_TB.vhd" 
# Compile Entity "bf4_test_tb"
# Compile Architecture "bf4_test_tb" of Entity "bf4_test_tb"
# Error: COMP96_0019: bf4_K2_TB.vhd : (52, 3): Keyword 'end' expected.
# Compile failure 1 Errors 0 Warnings  Analysis time :  0.0 [ms]
# Error: DO_001 in file D:\students\IKM722a_Vorontsov\vhdl\LAB_2\LAB_2\src\bf4_K2_TB_runtest.do line 8
# Error: Cannot run D:\students\IKM722a_Vorontsov\vhdl\LAB_2\LAB_2\src\bf4_K2_TB_runtest.do
SetActiveLib -work
comp -include "$dsn\src\bf4_conc_CA.vhd" 
# Compile Entity "bf4_conc_CA"
# Compile Architecture "bf4_conc_CA" of Entity "bf4_conc_CA"
# Compile success 0 Errors 0 Warnings  Analysis time :  32.0 [ms]
comp -include "$dsn\src\bf4_conc_WS.vhd"
# Compile Entity "bf4_conc_WS"
# Compile Architecture "bf4_conc_WS" of Entity "bf4_conc_WS"
# Compile success 0 Errors 0 Warnings  Analysis time :  31.0 [ms]
comp -include "$dsn\src\bf4_const.vhd"
# Compile Entity "bf4_const"
# Compile Architecture "bf4_const" of Entity "bf4_const"
# Compile success 0 Errors 0 Warnings  Analysis time :  16.0 [ms]
comp -include "$dsn\src\bf4_logic.vhd"
# Compile Entity "bf4_logic"
# Compile Architecture "bf4_logic" of Entity "bf4_logic"
# Compile success 0 Errors 0 Warnings  Analysis time :  31.0 [ms]
comp -include "$dsn\src\bf4_proc_IF.vhd"
# Compile Entity "bf4_proc_IF"
# Compile Architecture "bf4_proc_IF" of Entity "bf4_proc_IF"
# Compile success 0 Errors 0 Warnings  Analysis time :  31.0 [ms]
comp -include "$dsn\src\bf4_proc_CASE.vhd"
# Compile Entity "bf4_proc_CASE"
# Compile Architecture "bf4_proc_CASE" of Entity "bf4_proc_CASE"
# Compile success 0 Errors 0 Warnings  Analysis time :  31.0 [ms]
comp -include "$dsn\src\bf4_K2_TB.vhd" 
# Compile Entity "bf4_test_tb"
# Compile Architecture "bf4_test_tb" of Entity "bf4_test_tb"
# Compile success 0 Errors 0 Warnings  Analysis time :  47.0 [ms]
asim +access +r bf4_test_tb 
# ELBREAD: Elaboration process.
# ELBREAD: Elaboration time 0.0 [s].
# VSIM: Stack memory: 32MB
# VSIM: Retval memory: 32MB
# 
# KERNEL: Main thread initiated.
# KERNEL: Kernel process initialization phase.
# ELAB2: Elaboration final pass...
# ELAB2: Create instances ...
# KERNEL: Time resolution set to 1ps.
# ELAB2: Create instances complete.
# SLP: Started
# SLP: Elaboration phase ...
# SLP: Elaboration phase ... skipped, nothing to simulate in SLP mode : 0.0 [s]
# SLP: Finished : 0.0 [s]
# ELAB2: Elaboration final pass complete - time: 0.0 [s].
# KERNEL: Warning: You are using the Active-HDL Student Edition. The performance of simulation is running at a reduced rate.
# KERNEL: Warning: Contact Aldec for available upgrade options - sales@aldec.com.
# KERNEL: Kernel process initialization done.
# Allocation: Simulator allocated 6491 kB (elbread=427 elab2=5924 kernel=139 sdf=0)
# KERNEL: ASDB file was created in location D:\students\IKM722a_Vorontsov\vhdl\LAB_2\LAB_2\src\wave.asdb
#  15:05, 23 травня 2026 р.
#  Simulation has been initialized
wave 
wave -noreg X
wave -noreg Y_conc_CA
wave -noreg Y_conc_WS
wave -noreg Y_const  
wave -noreg Y_logic
wave -noreg Y_proc_IF
wave -noreg Y_proc_CASE
wave -noreg TEST_PHASE
wave -noreg VERIF_STATE
run 350 ns
# VSIM: 9 object(s) traced.
# Waveform file 'untitled.awc' connected to 'D:/students/IKM722a_Vorontsov/vhdl/LAB_2/LAB_2/src/wave.asdb'.
# KERNEL: WARNING: NUMERIC_STD.TO_INTEGER: metavalue detected, returning 0
# KERNEL: Time: 0 ps,  Iteration: 0,  Instance: /bf4_test_tb/UUT3,  Process: line__22.
# EXECUTION:: NOTE   : at 0 ps all Ys changed
# EXECUTION:: Time: 0 ps,  Iteration: 3,  Instance: /bf4_test_tb,  Process: output_verify.
# EXECUTION:: ERROR  : error in block bf4_logic when X = 0000
# EXECUTION:: Time: 5 ns,  Iteration: 0,  Instance: /bf4_test_tb,  Process: output_verify.
# EXECUTION:: ERROR  : error in block bf4_conc_WS when X = 0000
# EXECUTION:: Time: 5 ns,  Iteration: 0,  Instance: /bf4_test_tb,  Process: output_verify.
# EXECUTION:: NOTE   : at 10000 ps all Ys changed
# EXECUTION:: Time: 10 ns,  Iteration: 3,  Instance: /bf4_test_tb,  Process: output_verify.
# EXECUTION:: ERROR  : error in block bf4_logic when X = 0001
# EXECUTION:: Time: 15 ns,  Iteration: 0,  Instance: /bf4_test_tb,  Process: output_verify.
# EXECUTION:: ERROR  : error in block bf4_conc_WS when X = 0001
# EXECUTION:: Time: 15 ns,  Iteration: 0,  Instance: /bf4_test_tb,  Process: output_verify.
# EXECUTION:: NOTE   : at 20000 ps all Ys changed
# EXECUTION:: Time: 20 ns,  Iteration: 3,  Instance: /bf4_test_tb,  Process: output_verify.
# EXECUTION:: ERROR  : error in block bf4_logic when X = 0010
# EXECUTION:: Time: 25 ns,  Iteration: 0,  Instance: /bf4_test_tb,  Process: output_verify.
# EXECUTION:: ERROR  : error in block bf4_conc_WS when X = 0010
# EXECUTION:: Time: 25 ns,  Iteration: 0,  Instance: /bf4_test_tb,  Process: output_verify.
# EXECUTION:: NOTE   : at 30000 ps all Ys changed
# EXECUTION:: Time: 30 ns,  Iteration: 3,  Instance: /bf4_test_tb,  Process: output_verify.
# EXECUTION:: ERROR  : error in block bf4_logic when X = 0011
# EXECUTION:: Time: 35 ns,  Iteration: 0,  Instance: /bf4_test_tb,  Process: output_verify.
# EXECUTION:: ERROR  : error in block bf4_conc_WS when X = 0011
# EXECUTION:: Time: 35 ns,  Iteration: 0,  Instance: /bf4_test_tb,  Process: output_verify.
# EXECUTION:: NOTE   : at 40000 ps all Ys changed
# EXECUTION:: Time: 40 ns,  Iteration: 3,  Instance: /bf4_test_tb,  Process: output_verify.
# EXECUTION:: ERROR  : error in block bf4_logic when X = 0100
# EXECUTION:: Time: 45 ns,  Iteration: 0,  Instance: /bf4_test_tb,  Process: output_verify.
# EXECUTION:: ERROR  : error in block bf4_conc_WS when X = 0100
# EXECUTION:: Time: 45 ns,  Iteration: 0,  Instance: /bf4_test_tb,  Process: output_verify.
# EXECUTION:: NOTE   : at 50000 ps all Ys changed
# EXECUTION:: Time: 50 ns,  Iteration: 3,  Instance: /bf4_test_tb,  Process: output_verify.
# EXECUTION:: ERROR  : error in block bf4_logic when X = 0101
# EXECUTION:: Time: 55 ns,  Iteration: 0,  Instance: /bf4_test_tb,  Process: output_verify.
# EXECUTION:: ERROR  : error in block bf4_conc_WS when X = 0101
# EXECUTION:: Time: 55 ns,  Iteration: 0,  Instance: /bf4_test_tb,  Process: output_verify.
# EXECUTION:: NOTE   : at 60000 ps all Ys changed
# EXECUTION:: Time: 60 ns,  Iteration: 3,  Instance: /bf4_test_tb,  Process: output_verify.
# EXECUTION:: ERROR  : error in block bf4_logic when X = 0110
# EXECUTION:: Time: 65 ns,  Iteration: 0,  Instance: /bf4_test_tb,  Process: output_verify.
# EXECUTION:: NOTE   : at 70000 ps all Ys changed
# EXECUTION:: Time: 70 ns,  Iteration: 3,  Instance: /bf4_test_tb,  Process: output_verify.
# EXECUTION:: NOTE   : at 80000 ps all Ys changed
# EXECUTION:: Time: 80 ns,  Iteration: 3,  Instance: /bf4_test_tb,  Process: output_verify.
# EXECUTION:: ERROR  : error in block bf4_conc_WS when X = 1000
# EXECUTION:: Time: 85 ns,  Iteration: 0,  Instance: /bf4_test_tb,  Process: output_verify.
# EXECUTION:: NOTE   : at 90000 ps all Ys changed
# EXECUTION:: Time: 90 ns,  Iteration: 3,  Instance: /bf4_test_tb,  Process: output_verify.
# EXECUTION:: ERROR  : error in block bf4_logic when X = 1001
# EXECUTION:: Time: 95 ns,  Iteration: 0,  Instance: /bf4_test_tb,  Process: output_verify.
# EXECUTION:: ERROR  : error in block bf4_conc_WS when X = 1001
# EXECUTION:: Time: 95 ns,  Iteration: 0,  Instance: /bf4_test_tb,  Process: output_verify.
# EXECUTION:: NOTE   : at 100000 ps all Ys changed
# EXECUTION:: Time: 100 ns,  Iteration: 3,  Instance: /bf4_test_tb,  Process: output_verify.
# EXECUTION:: ERROR  : error in block bf4_logic when X = 1010
# EXECUTION:: Time: 105 ns,  Iteration: 0,  Instance: /bf4_test_tb,  Process: output_verify.
# EXECUTION:: ERROR  : error in block bf4_conc_WS when X = 1010
# EXECUTION:: Time: 105 ns,  Iteration: 0,  Instance: /bf4_test_tb,  Process: output_verify.
# EXECUTION:: NOTE   : at 110000 ps all Ys changed
# EXECUTION:: Time: 110 ns,  Iteration: 3,  Instance: /bf4_test_tb,  Process: output_verify.
# EXECUTION:: ERROR  : error in block bf4_logic when X = 1011
# EXECUTION:: Time: 115 ns,  Iteration: 0,  Instance: /bf4_test_tb,  Process: output_verify.
# EXECUTION:: ERROR  : error in block bf4_conc_WS when X = 1011
# EXECUTION:: Time: 115 ns,  Iteration: 0,  Instance: /bf4_test_tb,  Process: output_verify.
# EXECUTION:: NOTE   : at 120000 ps all Ys changed
# EXECUTION:: Time: 120 ns,  Iteration: 3,  Instance: /bf4_test_tb,  Process: output_verify.
# EXECUTION:: ERROR  : error in block bf4_conc_WS when X = 1100
# EXECUTION:: Time: 125 ns,  Iteration: 0,  Instance: /bf4_test_tb,  Process: output_verify.
# EXECUTION:: NOTE   : at 130000 ps all Ys changed
# EXECUTION:: Time: 130 ns,  Iteration: 3,  Instance: /bf4_test_tb,  Process: output_verify.
# EXECUTION:: ERROR  : error in block bf4_logic when X = 1101
# EXECUTION:: Time: 135 ns,  Iteration: 0,  Instance: /bf4_test_tb,  Process: output_verify.
# EXECUTION:: ERROR  : error in block bf4_conc_WS when X = 1101
# EXECUTION:: Time: 135 ns,  Iteration: 0,  Instance: /bf4_test_tb,  Process: output_verify.
# EXECUTION:: NOTE   : at 140000 ps all Ys changed
# EXECUTION:: Time: 140 ns,  Iteration: 3,  Instance: /bf4_test_tb,  Process: output_verify.
# EXECUTION:: ERROR  : error in block bf4_logic when X = 1110
# EXECUTION:: Time: 145 ns,  Iteration: 0,  Instance: /bf4_test_tb,  Process: output_verify.
# EXECUTION:: ERROR  : error in block bf4_conc_WS when X = 1110
# EXECUTION:: Time: 145 ns,  Iteration: 0,  Instance: /bf4_test_tb,  Process: output_verify.
# EXECUTION:: NOTE   : at 150000 ps all Ys changed
# EXECUTION:: Time: 150 ns,  Iteration: 3,  Instance: /bf4_test_tb,  Process: output_verify.
# EXECUTION:: ERROR  : error in block bf4_conc_WS when X = 1111
# EXECUTION:: Time: 155 ns,  Iteration: 0,  Instance: /bf4_test_tb,  Process: output_verify.
# KERNEL: WARNING: NUMERIC_STD.TO_INTEGER: metavalue detected, returning 0
# KERNEL: Time: 160 ns,  Iteration: 1,  Instance: /bf4_test_tb/UUT3,  Process: line__22.
# EXECUTION:: NOTE   : at 160000 ps all Ys changed
# EXECUTION:: Time: 160 ns,  Iteration: 3,  Instance: /bf4_test_tb,  Process: output_verify.
# EXECUTION:: ERROR  : not safe response in block bf4_logic when X = X000
# EXECUTION:: Time: 165 ns,  Iteration: 0,  Instance: /bf4_test_tb,  Process: output_verify.
# EXECUTION:: ERROR  : not safe response in block bf4_const when X = X000
# EXECUTION:: Time: 165 ns,  Iteration: 0,  Instance: /bf4_test_tb,  Process: output_verify.
# KERNEL: WARNING: NUMERIC_STD.TO_INTEGER: metavalue detected, returning 0
# KERNEL: Time: 170 ns,  Iteration: 1,  Instance: /bf4_test_tb/UUT3,  Process: line__22.
# KERNEL: WARNING: NUMERIC_STD.TO_INTEGER: metavalue detected, returning 0
# KERNEL: Time: 180 ns,  Iteration: 1,  Instance: /bf4_test_tb/UUT3,  Process: line__22.
# KERNEL: WARNING: NUMERIC_STD.TO_INTEGER: metavalue detected, returning 0
# KERNEL: Time: 190 ns,  Iteration: 1,  Instance: /bf4_test_tb/UUT3,  Process: line__22.
# KERNEL: WARNING: NUMERIC_STD.TO_INTEGER: metavalue detected, returning 0
# KERNEL: Time: 200 ns,  Iteration: 1,  Instance: /bf4_test_tb/UUT3,  Process: line__22.
# EXECUTION:: NOTE   : at 200000 ps all Ys changed
# EXECUTION:: Time: 200 ns,  Iteration: 3,  Instance: /bf4_test_tb,  Process: output_verify.
# EXECUTION:: ERROR  : not safe response in block bf4_logic when X = U000
# EXECUTION:: Time: 205 ns,  Iteration: 0,  Instance: /bf4_test_tb,  Process: output_verify.
# EXECUTION:: ERROR  : not safe response in block bf4_const when X = U000
# EXECUTION:: Time: 205 ns,  Iteration: 0,  Instance: /bf4_test_tb,  Process: output_verify.
# KERNEL: WARNING: NUMERIC_STD.TO_INTEGER: metavalue detected, returning 0
# KERNEL: Time: 210 ns,  Iteration: 1,  Instance: /bf4_test_tb/UUT3,  Process: line__22.
# KERNEL: WARNING: NUMERIC_STD.TO_INTEGER: metavalue detected, returning 0
# KERNEL: Time: 220 ns,  Iteration: 1,  Instance: /bf4_test_tb/UUT3,  Process: line__22.
# KERNEL: WARNING: NUMERIC_STD.TO_INTEGER: metavalue detected, returning 0
# KERNEL: Time: 230 ns,  Iteration: 1,  Instance: /bf4_test_tb/UUT3,  Process: line__22.
# EXECUTION:: NOTE   : at 240000 ps all Ys changed
# EXECUTION:: Time: 240 ns,  Iteration: 3,  Instance: /bf4_test_tb,  Process: output_verify.
# EXECUTION:: ERROR  : not safe response in block bf4_logic when X = H000
# EXECUTION:: Time: 245 ns,  Iteration: 0,  Instance: /bf4_test_tb,  Process: output_verify.
# EXECUTION:: ERROR  : not safe response in block bf4_const when X = H000
# EXECUTION:: Time: 245 ns,  Iteration: 0,  Instance: /bf4_test_tb,  Process: output_verify.
# EXECUTION:: NOTE   : at 250000 ps all Ys changed
# EXECUTION:: Time: 250 ns,  Iteration: 3,  Instance: /bf4_test_tb,  Process: output_verify.
# EXECUTION:: ERROR  : not safe response in block bf4_logic when X = 0H00
# EXECUTION:: Time: 255 ns,  Iteration: 0,  Instance: /bf4_test_tb,  Process: output_verify.
# EXECUTION:: ERROR  : not safe response in block bf4_const when X = 0H00
# EXECUTION:: Time: 255 ns,  Iteration: 0,  Instance: /bf4_test_tb,  Process: output_verify.
# EXECUTION:: NOTE   : at 260000 ps all Ys changed
# EXECUTION:: Time: 260 ns,  Iteration: 3,  Instance: /bf4_test_tb,  Process: output_verify.
# EXECUTION:: ERROR  : not safe response in block bf4_logic when X = 00H0
# EXECUTION:: Time: 265 ns,  Iteration: 0,  Instance: /bf4_test_tb,  Process: output_verify.
# EXECUTION:: ERROR  : not safe response in block bf4_const when X = 00H0
# EXECUTION:: Time: 265 ns,  Iteration: 0,  Instance: /bf4_test_tb,  Process: output_verify.
# EXECUTION:: NOTE   : at 270000 ps all Ys changed
# EXECUTION:: Time: 270 ns,  Iteration: 3,  Instance: /bf4_test_tb,  Process: output_verify.
# EXECUTION:: ERROR  : not safe response in block bf4_logic when X = 000H
# EXECUTION:: Time: 275 ns,  Iteration: 0,  Instance: /bf4_test_tb,  Process: output_verify.
# EXECUTION:: ERROR  : not safe response in block bf4_const when X = 000H
# EXECUTION:: Time: 275 ns,  Iteration: 0,  Instance: /bf4_test_tb,  Process: output_verify.
# EXECUTION:: NOTE   : at 280000 ps all Ys changed
# EXECUTION:: Time: 280 ns,  Iteration: 3,  Instance: /bf4_test_tb,  Process: output_verify.
# EXECUTION:: ERROR  : not safe response in block bf4_logic when X = L000
# EXECUTION:: Time: 285 ns,  Iteration: 0,  Instance: /bf4_test_tb,  Process: output_verify.
# EXECUTION:: ERROR  : not safe response in block bf4_const when X = L000
# EXECUTION:: Time: 285 ns,  Iteration: 0,  Instance: /bf4_test_tb,  Process: output_verify.
# KERNEL: stopped at time: 350 ns
# KERNEL: Simulation has finished. There are no more test vectors to simulate.
SetActiveLib -work
comp -include "$dsn\src\bf4_conc_CA.vhd" 
# Compile Entity "bf4_conc_CA"
# Compile Architecture "bf4_conc_CA" of Entity "bf4_conc_CA"
# Compile success 0 Errors 0 Warnings  Analysis time :  15.0 [ms]
comp -include "$dsn\src\bf4_conc_WS.vhd"
# Compile Entity "bf4_conc_WS"
# Compile Architecture "bf4_conc_WS" of Entity "bf4_conc_WS"
# Compile success 0 Errors 0 Warnings  Analysis time :  16.0 [ms]
comp -include "$dsn\src\bf4_const.vhd"
# Compile Entity "bf4_const"
# Compile Architecture "bf4_const" of Entity "bf4_const"
# Compile success 0 Errors 0 Warnings  Analysis time :  16.0 [ms]
comp -include "$dsn\src\bf4_logic.vhd"
# Compile Entity "bf4_logic"
# Compile Architecture "bf4_logic" of Entity "bf4_logic"
# Compile success 0 Errors 0 Warnings  Analysis time :  32.0 [ms]
comp -include "$dsn\src\bf4_proc_IF.vhd"
# Compile Entity "bf4_proc_IF"
# Compile Architecture "bf4_proc_IF" of Entity "bf4_proc_IF"
# Compile success 0 Errors 0 Warnings  Analysis time :  16.0 [ms]
comp -include "$dsn\src\bf4_proc_CASE.vhd"
# Compile Entity "bf4_proc_CASE"
# Compile Architecture "bf4_proc_CASE" of Entity "bf4_proc_CASE"
# Compile success 0 Errors 0 Warnings  Analysis time :  15.0 [ms]
comp -include "$dsn\src\bf4_K2_TB.vhd" 
# Compile Entity "bf4_test_tb"
# Compile Architecture "bf4_test_tb" of Entity "bf4_test_tb"
# Compile success 0 Errors 0 Warnings  Analysis time :  31.0 [ms]
asim +access +r bf4_test_tb 
# VSIM: Simulation has finished.
# ELBREAD: Elaboration process.
# ELBREAD: Elaboration time 0.0 [s].
# VSIM: Stack memory: 32MB
# VSIM: Retval memory: 32MB
# 
# KERNEL: Main thread initiated.
# KERNEL: Kernel process initialization phase.
# ELAB2: Elaboration final pass...
# ELAB2: Create instances ...
# KERNEL: Time resolution set to 1ps.
# ELAB2: Create instances complete.
# SLP: Started
# SLP: Elaboration phase ...
# SLP: Elaboration phase ... skipped, nothing to simulate in SLP mode : 0.0 [s]
# SLP: Finished : 0.0 [s]
# ELAB2: Elaboration final pass complete - time: 0.0 [s].
# KERNEL: Warning: You are using the Active-HDL Student Edition. The performance of simulation is running at a reduced rate.
# KERNEL: Warning: Contact Aldec for available upgrade options - sales@aldec.com.
# KERNEL: Kernel process initialization done.
# Allocation: Simulator allocated 6491 kB (elbread=427 elab2=5924 kernel=139 sdf=0)
# KERNEL: ASDB file was created in location D:\students\IKM722a_Vorontsov\vhdl\LAB_2\LAB_2\src\wave.asdb
#  15:06, 23 травня 2026 р.
#  Simulation has been initialized
# Waveform file 'untitled.awc' connected to 'D:/students/IKM722a_Vorontsov/vhdl/LAB_2/LAB_2/src/wave.asdb'.
wave 
wave -noreg X
wave -noreg Y_conc_CA
wave -noreg Y_conc_WS
wave -noreg Y_const  
wave -noreg Y_logic
wave -noreg Y_proc_IF
wave -noreg Y_proc_CASE
wave -noreg TEST_PHASE
wave -noreg VERIF_STATE
run 350 ns
# KERNEL: Warning: KERNEL_0291 Object "/bf4_test_tb/X" has already been traced.
# KERNEL: Warning: KERNEL_0291 Object "/bf4_test_tb/Y_conc_CA" has already been traced.
# KERNEL: Warning: KERNEL_0291 Object "/bf4_test_tb/Y_conc_WS" has already been traced.
# KERNEL: Warning: KERNEL_0291 Object "/bf4_test_tb/Y_const" has already been traced.
# KERNEL: Warning: KERNEL_0291 Object "/bf4_test_tb/Y_logic" has already been traced.
# KERNEL: Warning: KERNEL_0291 Object "/bf4_test_tb/Y_proc_IF" has already been traced.
# KERNEL: Warning: KERNEL_0291 Object "/bf4_test_tb/Y_proc_CASE" has already been traced.
# KERNEL: Warning: KERNEL_0291 Object "/bf4_test_tb/TEST_PHASE" has already been traced.
# KERNEL: Warning: KERNEL_0291 Object "/bf4_test_tb/VERIF_STATE" has already been traced.
# VSIM: 0 object(s) traced.
# Waveform file 'untitled.awc' connected to 'D:/students/IKM722a_Vorontsov/vhdl/LAB_2/LAB_2/src/wave.asdb'.
# KERNEL: WARNING: NUMERIC_STD.TO_INTEGER: metavalue detected, returning 0
# KERNEL: Time: 0 ps,  Iteration: 0,  Instance: /bf4_test_tb/UUT3,  Process: line__22.
# EXECUTION:: NOTE   : at 0 ps all Ys changed
# EXECUTION:: Time: 0 ps,  Iteration: 3,  Instance: /bf4_test_tb,  Process: output_verify.
# EXECUTION:: ERROR  : error in block bf4_logic when X = 0000
# EXECUTION:: Time: 5 ns,  Iteration: 0,  Instance: /bf4_test_tb,  Process: output_verify.
# EXECUTION:: ERROR  : error in block bf4_conc_WS when X = 0000
# EXECUTION:: Time: 5 ns,  Iteration: 0,  Instance: /bf4_test_tb,  Process: output_verify.
# EXECUTION:: NOTE   : at 10000 ps all Ys changed
# EXECUTION:: Time: 10 ns,  Iteration: 3,  Instance: /bf4_test_tb,  Process: output_verify.
# EXECUTION:: ERROR  : error in block bf4_logic when X = 0001
# EXECUTION:: Time: 15 ns,  Iteration: 0,  Instance: /bf4_test_tb,  Process: output_verify.
# EXECUTION:: ERROR  : error in block bf4_conc_WS when X = 0001
# EXECUTION:: Time: 15 ns,  Iteration: 0,  Instance: /bf4_test_tb,  Process: output_verify.
# EXECUTION:: NOTE   : at 20000 ps all Ys changed
# EXECUTION:: Time: 20 ns,  Iteration: 3,  Instance: /bf4_test_tb,  Process: output_verify.
# EXECUTION:: ERROR  : error in block bf4_logic when X = 0010
# EXECUTION:: Time: 25 ns,  Iteration: 0,  Instance: /bf4_test_tb,  Process: output_verify.
# EXECUTION:: ERROR  : error in block bf4_conc_WS when X = 0010
# EXECUTION:: Time: 25 ns,  Iteration: 0,  Instance: /bf4_test_tb,  Process: output_verify.
# EXECUTION:: NOTE   : at 30000 ps all Ys changed
# EXECUTION:: Time: 30 ns,  Iteration: 3,  Instance: /bf4_test_tb,  Process: output_verify.
# EXECUTION:: ERROR  : error in block bf4_logic when X = 0011
# EXECUTION:: Time: 35 ns,  Iteration: 0,  Instance: /bf4_test_tb,  Process: output_verify.
# EXECUTION:: ERROR  : error in block bf4_conc_WS when X = 0011
# EXECUTION:: Time: 35 ns,  Iteration: 0,  Instance: /bf4_test_tb,  Process: output_verify.
# EXECUTION:: NOTE   : at 40000 ps all Ys changed
# EXECUTION:: Time: 40 ns,  Iteration: 3,  Instance: /bf4_test_tb,  Process: output_verify.
# EXECUTION:: ERROR  : error in block bf4_logic when X = 0100
# EXECUTION:: Time: 45 ns,  Iteration: 0,  Instance: /bf4_test_tb,  Process: output_verify.
# EXECUTION:: ERROR  : error in block bf4_conc_WS when X = 0100
# EXECUTION:: Time: 45 ns,  Iteration: 0,  Instance: /bf4_test_tb,  Process: output_verify.
# EXECUTION:: NOTE   : at 50000 ps all Ys changed
# EXECUTION:: Time: 50 ns,  Iteration: 3,  Instance: /bf4_test_tb,  Process: output_verify.
# EXECUTION:: ERROR  : error in block bf4_logic when X = 0101
# EXECUTION:: Time: 55 ns,  Iteration: 0,  Instance: /bf4_test_tb,  Process: output_verify.
# EXECUTION:: ERROR  : error in block bf4_conc_WS when X = 0101
# EXECUTION:: Time: 55 ns,  Iteration: 0,  Instance: /bf4_test_tb,  Process: output_verify.
# EXECUTION:: NOTE   : at 60000 ps all Ys changed
# EXECUTION:: Time: 60 ns,  Iteration: 3,  Instance: /bf4_test_tb,  Process: output_verify.
# EXECUTION:: ERROR  : error in block bf4_logic when X = 0110
# EXECUTION:: Time: 65 ns,  Iteration: 0,  Instance: /bf4_test_tb,  Process: output_verify.
# EXECUTION:: NOTE   : at 70000 ps all Ys changed
# EXECUTION:: Time: 70 ns,  Iteration: 3,  Instance: /bf4_test_tb,  Process: output_verify.
# EXECUTION:: NOTE   : at 80000 ps all Ys changed
# EXECUTION:: Time: 80 ns,  Iteration: 3,  Instance: /bf4_test_tb,  Process: output_verify.
# EXECUTION:: ERROR  : error in block bf4_conc_WS when X = 1000
# EXECUTION:: Time: 85 ns,  Iteration: 0,  Instance: /bf4_test_tb,  Process: output_verify.
# EXECUTION:: NOTE   : at 90000 ps all Ys changed
# EXECUTION:: Time: 90 ns,  Iteration: 3,  Instance: /bf4_test_tb,  Process: output_verify.
# EXECUTION:: ERROR  : error in block bf4_logic when X = 1001
# EXECUTION:: Time: 95 ns,  Iteration: 0,  Instance: /bf4_test_tb,  Process: output_verify.
# EXECUTION:: ERROR  : error in block bf4_conc_WS when X = 1001
# EXECUTION:: Time: 95 ns,  Iteration: 0,  Instance: /bf4_test_tb,  Process: output_verify.
# EXECUTION:: NOTE   : at 100000 ps all Ys changed
# EXECUTION:: Time: 100 ns,  Iteration: 3,  Instance: /bf4_test_tb,  Process: output_verify.
# EXECUTION:: ERROR  : error in block bf4_logic when X = 1010
# EXECUTION:: Time: 105 ns,  Iteration: 0,  Instance: /bf4_test_tb,  Process: output_verify.
# EXECUTION:: ERROR  : error in block bf4_conc_WS when X = 1010
# EXECUTION:: Time: 105 ns,  Iteration: 0,  Instance: /bf4_test_tb,  Process: output_verify.
# EXECUTION:: NOTE   : at 110000 ps all Ys changed
# EXECUTION:: Time: 110 ns,  Iteration: 3,  Instance: /bf4_test_tb,  Process: output_verify.
# EXECUTION:: ERROR  : error in block bf4_logic when X = 1011
# EXECUTION:: Time: 115 ns,  Iteration: 0,  Instance: /bf4_test_tb,  Process: output_verify.
# EXECUTION:: ERROR  : error in block bf4_conc_WS when X = 1011
# EXECUTION:: Time: 115 ns,  Iteration: 0,  Instance: /bf4_test_tb,  Process: output_verify.
# EXECUTION:: NOTE   : at 120000 ps all Ys changed
# EXECUTION:: Time: 120 ns,  Iteration: 3,  Instance: /bf4_test_tb,  Process: output_verify.
# EXECUTION:: ERROR  : error in block bf4_conc_WS when X = 1100
# EXECUTION:: Time: 125 ns,  Iteration: 0,  Instance: /bf4_test_tb,  Process: output_verify.
# EXECUTION:: NOTE   : at 130000 ps all Ys changed
# EXECUTION:: Time: 130 ns,  Iteration: 3,  Instance: /bf4_test_tb,  Process: output_verify.
# EXECUTION:: ERROR  : error in block bf4_logic when X = 1101
# EXECUTION:: Time: 135 ns,  Iteration: 0,  Instance: /bf4_test_tb,  Process: output_verify.
# EXECUTION:: ERROR  : error in block bf4_conc_WS when X = 1101
# EXECUTION:: Time: 135 ns,  Iteration: 0,  Instance: /bf4_test_tb,  Process: output_verify.
# EXECUTION:: NOTE   : at 140000 ps all Ys changed
# EXECUTION:: Time: 140 ns,  Iteration: 3,  Instance: /bf4_test_tb,  Process: output_verify.
# EXECUTION:: ERROR  : error in block bf4_logic when X = 1110
# EXECUTION:: Time: 145 ns,  Iteration: 0,  Instance: /bf4_test_tb,  Process: output_verify.
# EXECUTION:: ERROR  : error in block bf4_conc_WS when X = 1110
# EXECUTION:: Time: 145 ns,  Iteration: 0,  Instance: /bf4_test_tb,  Process: output_verify.
# EXECUTION:: NOTE   : at 150000 ps all Ys changed
# EXECUTION:: Time: 150 ns,  Iteration: 3,  Instance: /bf4_test_tb,  Process: output_verify.
# EXECUTION:: ERROR  : error in block bf4_conc_WS when X = 1111
# EXECUTION:: Time: 155 ns,  Iteration: 0,  Instance: /bf4_test_tb,  Process: output_verify.
# KERNEL: WARNING: NUMERIC_STD.TO_INTEGER: metavalue detected, returning 0
# KERNEL: Time: 160 ns,  Iteration: 1,  Instance: /bf4_test_tb/UUT3,  Process: line__22.
# EXECUTION:: NOTE   : at 160000 ps all Ys changed
# EXECUTION:: Time: 160 ns,  Iteration: 3,  Instance: /bf4_test_tb,  Process: output_verify.
# EXECUTION:: ERROR  : not safe response in block bf4_logic when X = X000
# EXECUTION:: Time: 165 ns,  Iteration: 0,  Instance: /bf4_test_tb,  Process: output_verify.
# EXECUTION:: ERROR  : not safe response in block bf4_const when X = X000
# EXECUTION:: Time: 165 ns,  Iteration: 0,  Instance: /bf4_test_tb,  Process: output_verify.
# KERNEL: WARNING: NUMERIC_STD.TO_INTEGER: metavalue detected, returning 0
# KERNEL: Time: 170 ns,  Iteration: 1,  Instance: /bf4_test_tb/UUT3,  Process: line__22.
# KERNEL: WARNING: NUMERIC_STD.TO_INTEGER: metavalue detected, returning 0
# KERNEL: Time: 180 ns,  Iteration: 1,  Instance: /bf4_test_tb/UUT3,  Process: line__22.
# KERNEL: WARNING: NUMERIC_STD.TO_INTEGER: metavalue detected, returning 0
# KERNEL: Time: 190 ns,  Iteration: 1,  Instance: /bf4_test_tb/UUT3,  Process: line__22.
# KERNEL: WARNING: NUMERIC_STD.TO_INTEGER: metavalue detected, returning 0
# KERNEL: Time: 200 ns,  Iteration: 1,  Instance: /bf4_test_tb/UUT3,  Process: line__22.
# EXECUTION:: NOTE   : at 200000 ps all Ys changed
# EXECUTION:: Time: 200 ns,  Iteration: 3,  Instance: /bf4_test_tb,  Process: output_verify.
# EXECUTION:: ERROR  : not safe response in block bf4_logic when X = U000
# EXECUTION:: Time: 205 ns,  Iteration: 0,  Instance: /bf4_test_tb,  Process: output_verify.
# EXECUTION:: ERROR  : not safe response in block bf4_const when X = U000
# EXECUTION:: Time: 205 ns,  Iteration: 0,  Instance: /bf4_test_tb,  Process: output_verify.
# KERNEL: WARNING: NUMERIC_STD.TO_INTEGER: metavalue detected, returning 0
# KERNEL: Time: 210 ns,  Iteration: 1,  Instance: /bf4_test_tb/UUT3,  Process: line__22.
# KERNEL: WARNING: NUMERIC_STD.TO_INTEGER: metavalue detected, returning 0
# KERNEL: Time: 220 ns,  Iteration: 1,  Instance: /bf4_test_tb/UUT3,  Process: line__22.
# KERNEL: WARNING: NUMERIC_STD.TO_INTEGER: metavalue detected, returning 0
# KERNEL: Time: 230 ns,  Iteration: 1,  Instance: /bf4_test_tb/UUT3,  Process: line__22.
# EXECUTION:: NOTE   : at 240000 ps all Ys changed
# EXECUTION:: Time: 240 ns,  Iteration: 3,  Instance: /bf4_test_tb,  Process: output_verify.
# EXECUTION:: ERROR  : not safe response in block bf4_logic when X = H000
# EXECUTION:: Time: 245 ns,  Iteration: 0,  Instance: /bf4_test_tb,  Process: output_verify.
# EXECUTION:: ERROR  : not safe response in block bf4_const when X = H000
# EXECUTION:: Time: 245 ns,  Iteration: 0,  Instance: /bf4_test_tb,  Process: output_verify.
# EXECUTION:: NOTE   : at 250000 ps all Ys changed
# EXECUTION:: Time: 250 ns,  Iteration: 3,  Instance: /bf4_test_tb,  Process: output_verify.
# EXECUTION:: ERROR  : not safe response in block bf4_logic when X = 0H00
# EXECUTION:: Time: 255 ns,  Iteration: 0,  Instance: /bf4_test_tb,  Process: output_verify.
# EXECUTION:: ERROR  : not safe response in block bf4_const when X = 0H00
# EXECUTION:: Time: 255 ns,  Iteration: 0,  Instance: /bf4_test_tb,  Process: output_verify.
# EXECUTION:: NOTE   : at 260000 ps all Ys changed
# EXECUTION:: Time: 260 ns,  Iteration: 3,  Instance: /bf4_test_tb,  Process: output_verify.
# EXECUTION:: ERROR  : not safe response in block bf4_logic when X = 00H0
# EXECUTION:: Time: 265 ns,  Iteration: 0,  Instance: /bf4_test_tb,  Process: output_verify.
# EXECUTION:: ERROR  : not safe response in block bf4_const when X = 00H0
# EXECUTION:: Time: 265 ns,  Iteration: 0,  Instance: /bf4_test_tb,  Process: output_verify.
# EXECUTION:: NOTE   : at 270000 ps all Ys changed
# EXECUTION:: Time: 270 ns,  Iteration: 3,  Instance: /bf4_test_tb,  Process: output_verify.
# EXECUTION:: ERROR  : not safe response in block bf4_logic when X = 000H
# EXECUTION:: Time: 275 ns,  Iteration: 0,  Instance: /bf4_test_tb,  Process: output_verify.
# EXECUTION:: ERROR  : not safe response in block bf4_const when X = 000H
# EXECUTION:: Time: 275 ns,  Iteration: 0,  Instance: /bf4_test_tb,  Process: output_verify.
# EXECUTION:: NOTE   : at 280000 ps all Ys changed
# EXECUTION:: Time: 280 ns,  Iteration: 3,  Instance: /bf4_test_tb,  Process: output_verify.
# EXECUTION:: ERROR  : not safe response in block bf4_logic when X = L000
# EXECUTION:: Time: 285 ns,  Iteration: 0,  Instance: /bf4_test_tb,  Process: output_verify.
# EXECUTION:: ERROR  : not safe response in block bf4_const when X = L000
# EXECUTION:: Time: 285 ns,  Iteration: 0,  Instance: /bf4_test_tb,  Process: output_verify.
# KERNEL: stopped at time: 350 ns
# KERNEL: Simulation has finished. There are no more test vectors to simulate.
SetActiveLib -work
comp -include "$dsn\src\bf4_conc_CA.vhd" 
# Compile Entity "bf4_conc_CA"
# Compile Architecture "bf4_conc_CA" of Entity "bf4_conc_CA"
# Compile success 0 Errors 0 Warnings  Analysis time :  31.0 [ms]
comp -include "$dsn\src\bf4_conc_WS.vhd"
# Compile Entity "bf4_conc_WS"
# Compile Architecture "bf4_conc_WS" of Entity "bf4_conc_WS"
# Compile success 0 Errors 0 Warnings  Analysis time :  31.0 [ms]
comp -include "$dsn\src\bf4_const.vhd"
# Compile Entity "bf4_const"
# Compile Architecture "bf4_const" of Entity "bf4_const"
# Compile success 0 Errors 0 Warnings  Analysis time :  16.0 [ms]
comp -include "$dsn\src\bf4_logic.vhd"
# Compile Architecture "bf4_logic" of Entity "bf4_logic"
# Compile success 0 Errors 0 Warnings  Analysis time :  47.0 [ms]
comp -include "$dsn\src\bf4_proc_IF.vhd"
# Compile Entity "bf4_proc_IF"
# Compile Architecture "bf4_proc_IF" of Entity "bf4_proc_IF"
# Compile success 0 Errors 0 Warnings  Analysis time :  31.0 [ms]
comp -include "$dsn\src\bf4_proc_CASE.vhd"
# Compile Entity "bf4_proc_CASE"
# Compile Architecture "bf4_proc_CASE" of Entity "bf4_proc_CASE"
# Compile success 0 Errors 0 Warnings  Analysis time :  15.0 [ms]
comp -include "$dsn\src\bf4_K2_TB.vhd" 
# Compile Entity "bf4_test_tb"
# Compile Architecture "bf4_test_tb" of Entity "bf4_test_tb"
# Compile success 0 Errors 0 Warnings  Analysis time :  32.0 [ms]
asim +access +r bf4_test_tb 
# VSIM: Simulation has finished.
# ELBREAD: Elaboration process.
# ELBREAD: Elaboration time 0.0 [s].
# VSIM: Stack memory: 32MB
# VSIM: Retval memory: 32MB
# 
# KERNEL: Main thread initiated.
# KERNEL: Kernel process initialization phase.
# ELAB2: Elaboration final pass...
# ELAB2: Create instances ...
# KERNEL: Time resolution set to 1ps.
# ELAB2: Create instances complete.
# SLP: Started
# SLP: Elaboration phase ...
# SLP: Elaboration phase ... skipped, nothing to simulate in SLP mode : 0.0 [s]
# SLP: Finished : 0.0 [s]
# ELAB2: Elaboration final pass complete - time: 0.0 [s].
# KERNEL: Warning: You are using the Active-HDL Student Edition. The performance of simulation is running at a reduced rate.
# KERNEL: Warning: Contact Aldec for available upgrade options - sales@aldec.com.
# KERNEL: Kernel process initialization done.
# Allocation: Simulator allocated 6491 kB (elbread=427 elab2=5924 kernel=139 sdf=0)
# KERNEL: ASDB file was created in location D:\students\IKM722a_Vorontsov\vhdl\LAB_2\LAB_2\src\wave.asdb
#  15:08, 23 травня 2026 р.
#  Simulation has been initialized
# Waveform file 'untitled.awc' connected to 'D:/students/IKM722a_Vorontsov/vhdl/LAB_2/LAB_2/src/wave.asdb'.
# Waveform file 'untitled.awc' connected to 'D:/students/IKM722a_Vorontsov/vhdl/LAB_2/LAB_2/src/wave.asdb'.
# KERNEL: Warning: KERNEL_0291 Object "/bf4_test_tb/X" has already been traced.
# KERNEL: Warning: KERNEL_0291 Object "/bf4_test_tb/Y_conc_CA" has already been traced.
# KERNEL: Warning: KERNEL_0291 Object "/bf4_test_tb/Y_conc_WS" has already been traced.
# KERNEL: Warning: KERNEL_0291 Object "/bf4_test_tb/Y_const" has already been traced.
# KERNEL: Warning: KERNEL_0291 Object "/bf4_test_tb/Y_logic" has already been traced.
# KERNEL: Warning: KERNEL_0291 Object "/bf4_test_tb/Y_proc_IF" has already been traced.
# KERNEL: Warning: KERNEL_0291 Object "/bf4_test_tb/Y_proc_CASE" has already been traced.
# KERNEL: Warning: KERNEL_0291 Object "/bf4_test_tb/TEST_PHASE" has already been traced.
# KERNEL: Warning: KERNEL_0291 Object "/bf4_test_tb/VERIF_STATE" has already been traced.
wave 
wave -noreg X
wave -noreg Y_conc_CA
wave -noreg Y_conc_WS
wave -noreg Y_const  
wave -noreg Y_logic
wave -noreg Y_proc_IF
wave -noreg Y_proc_CASE
wave -noreg TEST_PHASE
wave -noreg VERIF_STATE
run 350 ns
# KERNEL: Warning: KERNEL_0291 Object "/bf4_test_tb/X" has already been traced.
# KERNEL: Warning: KERNEL_0291 Object "/bf4_test_tb/Y_conc_CA" has already been traced.
# KERNEL: Warning: KERNEL_0291 Object "/bf4_test_tb/Y_conc_WS" has already been traced.
# KERNEL: Warning: KERNEL_0291 Object "/bf4_test_tb/Y_const" has already been traced.
# KERNEL: Warning: KERNEL_0291 Object "/bf4_test_tb/Y_logic" has already been traced.
# KERNEL: Warning: KERNEL_0291 Object "/bf4_test_tb/Y_proc_IF" has already been traced.
# KERNEL: Warning: KERNEL_0291 Object "/bf4_test_tb/Y_proc_CASE" has already been traced.
# KERNEL: Warning: KERNEL_0291 Object "/bf4_test_tb/TEST_PHASE" has already been traced.
# KERNEL: Warning: KERNEL_0291 Object "/bf4_test_tb/VERIF_STATE" has already been traced.
# VSIM: 0 object(s) traced.
# Waveform file 'untitled.awc' connected to 'D:/students/IKM722a_Vorontsov/vhdl/LAB_2/LAB_2/src/wave.asdb'.
# KERNEL: WARNING: NUMERIC_STD.TO_INTEGER: metavalue detected, returning 0
# KERNEL: Time: 0 ps,  Iteration: 0,  Instance: /bf4_test_tb/UUT3,  Process: line__22.
# EXECUTION:: NOTE   : at 0 ps all Ys changed
# EXECUTION:: Time: 0 ps,  Iteration: 3,  Instance: /bf4_test_tb,  Process: output_verify.
# EXECUTION:: ERROR  : error in block bf4_logic when X = 0000
# EXECUTION:: Time: 5 ns,  Iteration: 0,  Instance: /bf4_test_tb,  Process: output_verify.
# EXECUTION:: ERROR  : error in block bf4_conc_WS when X = 0000
# EXECUTION:: Time: 5 ns,  Iteration: 0,  Instance: /bf4_test_tb,  Process: output_verify.
# EXECUTION:: NOTE   : at 10000 ps all Ys changed
# EXECUTION:: Time: 10 ns,  Iteration: 3,  Instance: /bf4_test_tb,  Process: output_verify.
# EXECUTION:: ERROR  : error in block bf4_conc_WS when X = 0001
# EXECUTION:: Time: 15 ns,  Iteration: 0,  Instance: /bf4_test_tb,  Process: output_verify.
# EXECUTION:: NOTE   : at 30000 ps all Ys changed
# EXECUTION:: Time: 30 ns,  Iteration: 3,  Instance: /bf4_test_tb,  Process: output_verify.
# EXECUTION:: ERROR  : error in block bf4_logic when X = 0011
# EXECUTION:: Time: 35 ns,  Iteration: 0,  Instance: /bf4_test_tb,  Process: output_verify.
# EXECUTION:: ERROR  : error in block bf4_conc_WS when X = 0011
# EXECUTION:: Time: 35 ns,  Iteration: 0,  Instance: /bf4_test_tb,  Process: output_verify.
# EXECUTION:: NOTE   : at 40000 ps all Ys changed
# EXECUTION:: Time: 40 ns,  Iteration: 3,  Instance: /bf4_test_tb,  Process: output_verify.
# EXECUTION:: ERROR  : error in block bf4_logic when X = 0100
# EXECUTION:: Time: 45 ns,  Iteration: 0,  Instance: /bf4_test_tb,  Process: output_verify.
# EXECUTION:: ERROR  : error in block bf4_conc_WS when X = 0100
# EXECUTION:: Time: 45 ns,  Iteration: 0,  Instance: /bf4_test_tb,  Process: output_verify.
# EXECUTION:: NOTE   : at 50000 ps all Ys changed
# EXECUTION:: Time: 50 ns,  Iteration: 3,  Instance: /bf4_test_tb,  Process: output_verify.
# EXECUTION:: ERROR  : error in block bf4_logic when X = 0101
# EXECUTION:: Time: 55 ns,  Iteration: 0,  Instance: /bf4_test_tb,  Process: output_verify.
# EXECUTION:: ERROR  : error in block bf4_conc_WS when X = 0101
# EXECUTION:: Time: 55 ns,  Iteration: 0,  Instance: /bf4_test_tb,  Process: output_verify.
# EXECUTION:: NOTE   : at 60000 ps all Ys changed
# EXECUTION:: Time: 60 ns,  Iteration: 3,  Instance: /bf4_test_tb,  Process: output_verify.
# EXECUTION:: NOTE   : at 70000 ps all Ys changed
# EXECUTION:: Time: 70 ns,  Iteration: 3,  Instance: /bf4_test_tb,  Process: output_verify.
# EXECUTION:: NOTE   : at 80000 ps all Ys changed
# EXECUTION:: Time: 80 ns,  Iteration: 3,  Instance: /bf4_test_tb,  Process: output_verify.
# EXECUTION:: ERROR  : error in block bf4_conc_WS when X = 1000
# EXECUTION:: Time: 85 ns,  Iteration: 0,  Instance: /bf4_test_tb,  Process: output_verify.
# EXECUTION:: NOTE   : at 90000 ps all Ys changed
# EXECUTION:: Time: 90 ns,  Iteration: 3,  Instance: /bf4_test_tb,  Process: output_verify.
# EXECUTION:: ERROR  : error in block bf4_logic when X = 1001
# EXECUTION:: Time: 95 ns,  Iteration: 0,  Instance: /bf4_test_tb,  Process: output_verify.
# EXECUTION:: ERROR  : error in block bf4_conc_WS when X = 1001
# EXECUTION:: Time: 95 ns,  Iteration: 0,  Instance: /bf4_test_tb,  Process: output_verify.
# EXECUTION:: NOTE   : at 100000 ps all Ys changed
# EXECUTION:: Time: 100 ns,  Iteration: 3,  Instance: /bf4_test_tb,  Process: output_verify.
# EXECUTION:: ERROR  : error in block bf4_logic when X = 1010
# EXECUTION:: Time: 105 ns,  Iteration: 0,  Instance: /bf4_test_tb,  Process: output_verify.
# EXECUTION:: ERROR  : error in block bf4_conc_WS when X = 1010
# EXECUTION:: Time: 105 ns,  Iteration: 0,  Instance: /bf4_test_tb,  Process: output_verify.
# EXECUTION:: NOTE   : at 110000 ps all Ys changed
# EXECUTION:: Time: 110 ns,  Iteration: 3,  Instance: /bf4_test_tb,  Process: output_verify.
# EXECUTION:: ERROR  : error in block bf4_logic when X = 1011
# EXECUTION:: Time: 115 ns,  Iteration: 0,  Instance: /bf4_test_tb,  Process: output_verify.
# EXECUTION:: ERROR  : error in block bf4_conc_WS when X = 1011
# EXECUTION:: Time: 115 ns,  Iteration: 0,  Instance: /bf4_test_tb,  Process: output_verify.
# EXECUTION:: NOTE   : at 120000 ps all Ys changed
# EXECUTION:: Time: 120 ns,  Iteration: 3,  Instance: /bf4_test_tb,  Process: output_verify.
# EXECUTION:: ERROR  : error in block bf4_logic when X = 1100
# EXECUTION:: Time: 125 ns,  Iteration: 0,  Instance: /bf4_test_tb,  Process: output_verify.
# EXECUTION:: ERROR  : error in block bf4_conc_WS when X = 1100
# EXECUTION:: Time: 125 ns,  Iteration: 0,  Instance: /bf4_test_tb,  Process: output_verify.
# EXECUTION:: NOTE   : at 130000 ps all Ys changed
# EXECUTION:: Time: 130 ns,  Iteration: 3,  Instance: /bf4_test_tb,  Process: output_verify.
# EXECUTION:: ERROR  : error in block bf4_logic when X = 1101
# EXECUTION:: Time: 135 ns,  Iteration: 0,  Instance: /bf4_test_tb,  Process: output_verify.
# EXECUTION:: ERROR  : error in block bf4_conc_WS when X = 1101
# EXECUTION:: Time: 135 ns,  Iteration: 0,  Instance: /bf4_test_tb,  Process: output_verify.
# EXECUTION:: NOTE   : at 140000 ps all Ys changed
# EXECUTION:: Time: 140 ns,  Iteration: 3,  Instance: /bf4_test_tb,  Process: output_verify.
# EXECUTION:: ERROR  : error in block bf4_logic when X = 1110
# EXECUTION:: Time: 145 ns,  Iteration: 0,  Instance: /bf4_test_tb,  Process: output_verify.
# EXECUTION:: ERROR  : error in block bf4_conc_WS when X = 1110
# EXECUTION:: Time: 145 ns,  Iteration: 0,  Instance: /bf4_test_tb,  Process: output_verify.
# EXECUTION:: NOTE   : at 150000 ps all Ys changed
# EXECUTION:: Time: 150 ns,  Iteration: 3,  Instance: /bf4_test_tb,  Process: output_verify.
# EXECUTION:: ERROR  : error in block bf4_logic when X = 1111
# EXECUTION:: Time: 155 ns,  Iteration: 0,  Instance: /bf4_test_tb,  Process: output_verify.
# EXECUTION:: ERROR  : error in block bf4_conc_WS when X = 1111
# EXECUTION:: Time: 155 ns,  Iteration: 0,  Instance: /bf4_test_tb,  Process: output_verify.
# KERNEL: WARNING: NUMERIC_STD.TO_INTEGER: metavalue detected, returning 0
# KERNEL: Time: 160 ns,  Iteration: 1,  Instance: /bf4_test_tb/UUT3,  Process: line__22.
# EXECUTION:: NOTE   : at 160000 ps all Ys changed
# EXECUTION:: Time: 160 ns,  Iteration: 3,  Instance: /bf4_test_tb,  Process: output_verify.
# EXECUTION:: ERROR  : not safe response in block bf4_logic when X = X000
# EXECUTION:: Time: 165 ns,  Iteration: 0,  Instance: /bf4_test_tb,  Process: output_verify.
# EXECUTION:: ERROR  : not safe response in block bf4_const when X = X000
# EXECUTION:: Time: 165 ns,  Iteration: 0,  Instance: /bf4_test_tb,  Process: output_verify.
# KERNEL: WARNING: NUMERIC_STD.TO_INTEGER: metavalue detected, returning 0
# KERNEL: Time: 170 ns,  Iteration: 1,  Instance: /bf4_test_tb/UUT3,  Process: line__22.
# EXECUTION:: NOTE   : at 170000 ps all Ys changed
# EXECUTION:: Time: 170 ns,  Iteration: 3,  Instance: /bf4_test_tb,  Process: output_verify.
# EXECUTION:: ERROR  : not safe response in block bf4_logic when X = 0X00
# EXECUTION:: Time: 175 ns,  Iteration: 0,  Instance: /bf4_test_tb,  Process: output_verify.
# EXECUTION:: ERROR  : not safe response in block bf4_const when X = 0X00
# EXECUTION:: Time: 175 ns,  Iteration: 0,  Instance: /bf4_test_tb,  Process: output_verify.
# KERNEL: WARNING: NUMERIC_STD.TO_INTEGER: metavalue detected, returning 0
# KERNEL: Time: 180 ns,  Iteration: 1,  Instance: /bf4_test_tb/UUT3,  Process: line__22.
# EXECUTION:: NOTE   : at 180000 ps all Ys changed
# EXECUTION:: Time: 180 ns,  Iteration: 3,  Instance: /bf4_test_tb,  Process: output_verify.
# EXECUTION:: ERROR  : not safe response in block bf4_logic when X = 00X0
# EXECUTION:: Time: 185 ns,  Iteration: 0,  Instance: /bf4_test_tb,  Process: output_verify.
# EXECUTION:: ERROR  : not safe response in block bf4_const when X = 00X0
# EXECUTION:: Time: 185 ns,  Iteration: 0,  Instance: /bf4_test_tb,  Process: output_verify.
# KERNEL: WARNING: NUMERIC_STD.TO_INTEGER: metavalue detected, returning 0
# KERNEL: Time: 190 ns,  Iteration: 1,  Instance: /bf4_test_tb/UUT3,  Process: line__22.
# KERNEL: WARNING: NUMERIC_STD.TO_INTEGER: metavalue detected, returning 0
# KERNEL: Time: 200 ns,  Iteration: 1,  Instance: /bf4_test_tb/UUT3,  Process: line__22.
# EXECUTION:: NOTE   : at 200000 ps all Ys changed
# EXECUTION:: Time: 200 ns,  Iteration: 3,  Instance: /bf4_test_tb,  Process: output_verify.
# EXECUTION:: ERROR  : not safe response in block bf4_logic when X = U000
# EXECUTION:: Time: 205 ns,  Iteration: 0,  Instance: /bf4_test_tb,  Process: output_verify.
# EXECUTION:: ERROR  : not safe response in block bf4_const when X = U000
# EXECUTION:: Time: 205 ns,  Iteration: 0,  Instance: /bf4_test_tb,  Process: output_verify.
# KERNEL: WARNING: NUMERIC_STD.TO_INTEGER: metavalue detected, returning 0
# KERNEL: Time: 210 ns,  Iteration: 1,  Instance: /bf4_test_tb/UUT3,  Process: line__22.
# EXECUTION:: NOTE   : at 210000 ps all Ys changed
# EXECUTION:: Time: 210 ns,  Iteration: 3,  Instance: /bf4_test_tb,  Process: output_verify.
# EXECUTION:: ERROR  : not safe response in block bf4_logic when X = 0U00
# EXECUTION:: Time: 215 ns,  Iteration: 0,  Instance: /bf4_test_tb,  Process: output_verify.
# EXECUTION:: ERROR  : not safe response in block bf4_const when X = 0U00
# EXECUTION:: Time: 215 ns,  Iteration: 0,  Instance: /bf4_test_tb,  Process: output_verify.
# KERNEL: WARNING: NUMERIC_STD.TO_INTEGER: metavalue detected, returning 0
# KERNEL: Time: 220 ns,  Iteration: 1,  Instance: /bf4_test_tb/UUT3,  Process: line__22.
# EXECUTION:: NOTE   : at 220000 ps all Ys changed
# EXECUTION:: Time: 220 ns,  Iteration: 3,  Instance: /bf4_test_tb,  Process: output_verify.
# EXECUTION:: ERROR  : not safe response in block bf4_logic when X = 00U0
# EXECUTION:: Time: 225 ns,  Iteration: 0,  Instance: /bf4_test_tb,  Process: output_verify.
# EXECUTION:: ERROR  : not safe response in block bf4_const when X = 00U0
# EXECUTION:: Time: 225 ns,  Iteration: 0,  Instance: /bf4_test_tb,  Process: output_verify.
# KERNEL: WARNING: NUMERIC_STD.TO_INTEGER: metavalue detected, returning 0
# KERNEL: Time: 230 ns,  Iteration: 1,  Instance: /bf4_test_tb/UUT3,  Process: line__22.
# EXECUTION:: NOTE   : at 240000 ps all Ys changed
# EXECUTION:: Time: 240 ns,  Iteration: 3,  Instance: /bf4_test_tb,  Process: output_verify.
# EXECUTION:: ERROR  : not safe response in block bf4_logic when X = H000
# EXECUTION:: Time: 245 ns,  Iteration: 0,  Instance: /bf4_test_tb,  Process: output_verify.
# EXECUTION:: ERROR  : not safe response in block bf4_const when X = H000
# EXECUTION:: Time: 245 ns,  Iteration: 0,  Instance: /bf4_test_tb,  Process: output_verify.
# EXECUTION:: NOTE   : at 250000 ps all Ys changed
# EXECUTION:: Time: 250 ns,  Iteration: 3,  Instance: /bf4_test_tb,  Process: output_verify.
# EXECUTION:: ERROR  : not safe response in block bf4_logic when X = 0H00
# EXECUTION:: Time: 255 ns,  Iteration: 0,  Instance: /bf4_test_tb,  Process: output_verify.
# EXECUTION:: ERROR  : not safe response in block bf4_const when X = 0H00
# EXECUTION:: Time: 255 ns,  Iteration: 0,  Instance: /bf4_test_tb,  Process: output_verify.
# EXECUTION:: NOTE   : at 260000 ps all Ys changed
# EXECUTION:: Time: 260 ns,  Iteration: 3,  Instance: /bf4_test_tb,  Process: output_verify.
# EXECUTION:: ERROR  : not safe response in block bf4_logic when X = 00H0
# EXECUTION:: Time: 265 ns,  Iteration: 0,  Instance: /bf4_test_tb,  Process: output_verify.
# EXECUTION:: ERROR  : not safe response in block bf4_const when X = 00H0
# EXECUTION:: Time: 265 ns,  Iteration: 0,  Instance: /bf4_test_tb,  Process: output_verify.
# EXECUTION:: NOTE   : at 280000 ps all Ys changed
# EXECUTION:: Time: 280 ns,  Iteration: 3,  Instance: /bf4_test_tb,  Process: output_verify.
# EXECUTION:: ERROR  : not safe response in block bf4_logic when X = L000
# EXECUTION:: Time: 285 ns,  Iteration: 0,  Instance: /bf4_test_tb,  Process: output_verify.
# EXECUTION:: ERROR  : not safe response in block bf4_const when X = L000
# EXECUTION:: Time: 285 ns,  Iteration: 0,  Instance: /bf4_test_tb,  Process: output_verify.
# KERNEL: stopped at time: 350 ns
# KERNEL: Simulation has finished. There are no more test vectors to simulate.
endsim
# VSIM: Simulation has finished.
SetActiveLib -work
comp -include "$dsn\src\bf4_conc_CA.vhd" 
# Compile Entity "bf4_conc_CA"
# Compile Architecture "bf4_conc_CA" of Entity "bf4_conc_CA"
# Compile success 0 Errors 0 Warnings  Analysis time :  47.0 [ms]
comp -include "$dsn\src\bf4_conc_WS.vhd"
# Compile Entity "bf4_conc_WS"
# Compile Architecture "bf4_conc_WS" of Entity "bf4_conc_WS"
# Compile success 0 Errors 0 Warnings  Analysis time :  16.0 [ms]
comp -include "$dsn\src\bf4_const.vhd"
# Compile Entity "bf4_const"
# Compile Architecture "bf4_const" of Entity "bf4_const"
# Compile success 0 Errors 0 Warnings  Analysis time :  31.0 [ms]
comp -include "$dsn\src\bf4_logic.vhd"
# Compile Architecture "bf4_logic" of Entity "bf4_logic"
# Compile success 0 Errors 0 Warnings  Analysis time :  47.0 [ms]
comp -include "$dsn\src\bf4_proc_IF.vhd"
# Compile Entity "bf4_proc_IF"
# Compile Architecture "bf4_proc_IF" of Entity "bf4_proc_IF"
# Compile success 0 Errors 0 Warnings  Analysis time :  15.0 [ms]
comp -include "$dsn\src\bf4_proc_CASE.vhd"
# Compile Entity "bf4_proc_CASE"
# Compile Architecture "bf4_proc_CASE" of Entity "bf4_proc_CASE"
# Compile success 0 Errors 0 Warnings  Analysis time :  15.0 [ms]
comp -include "$dsn\src\bf4_K2_TB.vhd" 
# Compile Entity "bf4_test_tb"
# Compile Architecture "bf4_test_tb" of Entity "bf4_test_tb"
# Compile success 0 Errors 0 Warnings  Analysis time :  78.0 [ms]
asim +access +r bf4_test_tb 
# ELBREAD: Elaboration process.
# ELBREAD: Elaboration time 0.0 [s].
# VSIM: Stack memory: 32MB
# VSIM: Retval memory: 32MB
# 
# KERNEL: Main thread initiated.
# KERNEL: Kernel process initialization phase.
# ELAB2: Elaboration final pass...
# ELAB2: Create instances ...
# KERNEL: Time resolution set to 1ps.
# ELAB2: Create instances complete.
# SLP: Started
# SLP: Elaboration phase ...
# SLP: Elaboration phase ... skipped, nothing to simulate in SLP mode : 0.0 [s]
# SLP: Finished : 0.0 [s]
# ELAB2: Elaboration final pass complete - time: 0.0 [s].
# KERNEL: Warning: You are using the Active-HDL Student Edition. The performance of simulation is running at a reduced rate.
# KERNEL: Warning: Contact Aldec for available upgrade options - sales@aldec.com.
# KERNEL: Kernel process initialization done.
# Allocation: Simulator allocated 6489 kB (elbread=427 elab2=5922 kernel=139 sdf=0)
# KERNEL: ASDB file was created in location D:\students\IKM722a_Vorontsov\vhdl\LAB_2\LAB_2\src\wave.asdb
#  15:10, 23 травня 2026 р.
#  Simulation has been initialized
# Waveform file 'untitled.awc' connected to 'D:/students/IKM722a_Vorontsov/vhdl/LAB_2/LAB_2/src/wave.asdb'.
# Waveform file 'untitled.awc' connected to 'D:/students/IKM722a_Vorontsov/vhdl/LAB_2/LAB_2/src/wave.asdb'.
# KERNEL: Warning: KERNEL_0291 Object "/bf4_test_tb/X" has already been traced.
# KERNEL: Warning: KERNEL_0291 Object "/bf4_test_tb/Y_conc_CA" has already been traced.
# KERNEL: Warning: KERNEL_0291 Object "/bf4_test_tb/Y_conc_WS" has already been traced.
# KERNEL: Warning: KERNEL_0291 Object "/bf4_test_tb/Y_const" has already been traced.
# KERNEL: Warning: KERNEL_0291 Object "/bf4_test_tb/Y_logic" has already been traced.
# KERNEL: Warning: KERNEL_0291 Object "/bf4_test_tb/Y_proc_IF" has already been traced.
# KERNEL: Warning: KERNEL_0291 Object "/bf4_test_tb/Y_proc_CASE" has already been traced.
# KERNEL: Warning: KERNEL_0291 Object "/bf4_test_tb/TEST_PHASE" has already been traced.
# KERNEL: Warning: KERNEL_0291 Object "/bf4_test_tb/VERIF_STATE" has already been traced.
# Waveform file 'untitled.awc' connected to 'D:/students/IKM722a_Vorontsov/vhdl/LAB_2/LAB_2/src/wave.asdb'.
# KERNEL: Warning: KERNEL_0291 Object "/bf4_test_tb/X" has already been traced.
# KERNEL: Warning: KERNEL_0291 Object "/bf4_test_tb/Y_conc_CA" has already been traced.
# KERNEL: Warning: KERNEL_0291 Object "/bf4_test_tb/Y_conc_WS" has already been traced.
# KERNEL: Warning: KERNEL_0291 Object "/bf4_test_tb/Y_const" has already been traced.
# KERNEL: Warning: KERNEL_0291 Object "/bf4_test_tb/Y_logic" has already been traced.
# KERNEL: Warning: KERNEL_0291 Object "/bf4_test_tb/Y_proc_IF" has already been traced.
# KERNEL: Warning: KERNEL_0291 Object "/bf4_test_tb/Y_proc_CASE" has already been traced.
# KERNEL: Warning: KERNEL_0291 Object "/bf4_test_tb/TEST_PHASE" has already been traced.
# KERNEL: Warning: KERNEL_0291 Object "/bf4_test_tb/VERIF_STATE" has already been traced.
wave 
wave -noreg X
wave -noreg Y_conc_CA
wave -noreg Y_conc_WS
wave -noreg Y_const  
wave -noreg Y_logic
wave -noreg Y_proc_IF
wave -noreg Y_proc_CASE
wave -noreg TEST_PHASE
wave -noreg VERIF_STATE
run 350 ns
# KERNEL: Warning: KERNEL_0291 Object "/bf4_test_tb/X" has already been traced.
# KERNEL: Warning: KERNEL_0291 Object "/bf4_test_tb/Y_conc_CA" has already been traced.
# KERNEL: Warning: KERNEL_0291 Object "/bf4_test_tb/Y_conc_WS" has already been traced.
# KERNEL: Warning: KERNEL_0291 Object "/bf4_test_tb/Y_const" has already been traced.
# KERNEL: Warning: KERNEL_0291 Object "/bf4_test_tb/Y_logic" has already been traced.
# KERNEL: Warning: KERNEL_0291 Object "/bf4_test_tb/Y_proc_IF" has already been traced.
# KERNEL: Warning: KERNEL_0291 Object "/bf4_test_tb/Y_proc_CASE" has already been traced.
# KERNEL: Warning: KERNEL_0291 Object "/bf4_test_tb/TEST_PHASE" has already been traced.
# KERNEL: Warning: KERNEL_0291 Object "/bf4_test_tb/VERIF_STATE" has already been traced.
# VSIM: 0 object(s) traced.
# Waveform file 'untitled.awc' connected to 'D:/students/IKM722a_Vorontsov/vhdl/LAB_2/LAB_2/src/wave.asdb'.
# KERNEL: WARNING: NUMERIC_STD.TO_INTEGER: metavalue detected, returning 0
# KERNEL: Time: 0 ps,  Iteration: 0,  Instance: /bf4_test_tb/UUT3,  Process: line__22.
# EXECUTION:: ERROR  : error bf4_logic X=0000
# EXECUTION:: Time: 5 ns,  Iteration: 0,  Instance: /bf4_test_tb,  Process: output_verify.
# EXECUTION:: ERROR  : error bf4_conc_WS X=0000
# EXECUTION:: Time: 5 ns,  Iteration: 0,  Instance: /bf4_test_tb,  Process: output_verify.
# EXECUTION:: ERROR  : error bf4_conc_WS X=0001
# EXECUTION:: Time: 15 ns,  Iteration: 0,  Instance: /bf4_test_tb,  Process: output_verify.
# EXECUTION:: ERROR  : error bf4_logic X=0011
# EXECUTION:: Time: 35 ns,  Iteration: 0,  Instance: /bf4_test_tb,  Process: output_verify.
# EXECUTION:: ERROR  : error bf4_conc_WS X=0011
# EXECUTION:: Time: 35 ns,  Iteration: 0,  Instance: /bf4_test_tb,  Process: output_verify.
# EXECUTION:: ERROR  : error bf4_logic X=0100
# EXECUTION:: Time: 45 ns,  Iteration: 0,  Instance: /bf4_test_tb,  Process: output_verify.
# EXECUTION:: ERROR  : error bf4_conc_WS X=0100
# EXECUTION:: Time: 45 ns,  Iteration: 0,  Instance: /bf4_test_tb,  Process: output_verify.
# EXECUTION:: ERROR  : error bf4_logic X=0101
# EXECUTION:: Time: 55 ns,  Iteration: 0,  Instance: /bf4_test_tb,  Process: output_verify.
# EXECUTION:: ERROR  : error bf4_conc_WS X=0101
# EXECUTION:: Time: 55 ns,  Iteration: 0,  Instance: /bf4_test_tb,  Process: output_verify.
# EXECUTION:: ERROR  : error bf4_conc_WS X=1000
# EXECUTION:: Time: 85 ns,  Iteration: 0,  Instance: /bf4_test_tb,  Process: output_verify.
# EXECUTION:: ERROR  : error bf4_logic X=1001
# EXECUTION:: Time: 95 ns,  Iteration: 0,  Instance: /bf4_test_tb,  Process: output_verify.
# EXECUTION:: ERROR  : error bf4_conc_WS X=1001
# EXECUTION:: Time: 95 ns,  Iteration: 0,  Instance: /bf4_test_tb,  Process: output_verify.
# EXECUTION:: ERROR  : error bf4_logic X=1010
# EXECUTION:: Time: 105 ns,  Iteration: 0,  Instance: /bf4_test_tb,  Process: output_verify.
# EXECUTION:: ERROR  : error bf4_conc_WS X=1010
# EXECUTION:: Time: 105 ns,  Iteration: 0,  Instance: /bf4_test_tb,  Process: output_verify.
# EXECUTION:: ERROR  : error bf4_logic X=1011
# EXECUTION:: Time: 115 ns,  Iteration: 0,  Instance: /bf4_test_tb,  Process: output_verify.
# EXECUTION:: ERROR  : error bf4_conc_WS X=1011
# EXECUTION:: Time: 115 ns,  Iteration: 0,  Instance: /bf4_test_tb,  Process: output_verify.
# EXECUTION:: ERROR  : error bf4_logic X=1100
# EXECUTION:: Time: 125 ns,  Iteration: 0,  Instance: /bf4_test_tb,  Process: output_verify.
# EXECUTION:: ERROR  : error bf4_conc_WS X=1100
# EXECUTION:: Time: 125 ns,  Iteration: 0,  Instance: /bf4_test_tb,  Process: output_verify.
# EXECUTION:: ERROR  : error bf4_logic X=1101
# EXECUTION:: Time: 135 ns,  Iteration: 0,  Instance: /bf4_test_tb,  Process: output_verify.
# EXECUTION:: ERROR  : error bf4_conc_WS X=1101
# EXECUTION:: Time: 135 ns,  Iteration: 0,  Instance: /bf4_test_tb,  Process: output_verify.
# EXECUTION:: ERROR  : error bf4_logic X=1110
# EXECUTION:: Time: 145 ns,  Iteration: 0,  Instance: /bf4_test_tb,  Process: output_verify.
# EXECUTION:: ERROR  : error bf4_conc_CA X=1110
# EXECUTION:: Time: 145 ns,  Iteration: 0,  Instance: /bf4_test_tb,  Process: output_verify.
# EXECUTION:: ERROR  : error bf4_const X=1110
# EXECUTION:: Time: 145 ns,  Iteration: 0,  Instance: /bf4_test_tb,  Process: output_verify.
# EXECUTION:: ERROR  : error bf4_proc_IF X=1110
# EXECUTION:: Time: 145 ns,  Iteration: 0,  Instance: /bf4_test_tb,  Process: output_verify.
# EXECUTION:: ERROR  : error bf4_proc_CASE X=1110
# EXECUTION:: Time: 145 ns,  Iteration: 0,  Instance: /bf4_test_tb,  Process: output_verify.
# EXECUTION:: ERROR  : error bf4_logic X=1111
# EXECUTION:: Time: 155 ns,  Iteration: 0,  Instance: /bf4_test_tb,  Process: output_verify.
# EXECUTION:: ERROR  : error bf4_conc_CA X=1111
# EXECUTION:: Time: 155 ns,  Iteration: 0,  Instance: /bf4_test_tb,  Process: output_verify.
# EXECUTION:: ERROR  : error bf4_conc_WS X=1111
# EXECUTION:: Time: 155 ns,  Iteration: 0,  Instance: /bf4_test_tb,  Process: output_verify.
# EXECUTION:: ERROR  : error bf4_const X=1111
# EXECUTION:: Time: 155 ns,  Iteration: 0,  Instance: /bf4_test_tb,  Process: output_verify.
# EXECUTION:: ERROR  : error bf4_proc_IF X=1111
# EXECUTION:: Time: 155 ns,  Iteration: 0,  Instance: /bf4_test_tb,  Process: output_verify.
# EXECUTION:: ERROR  : error bf4_proc_CASE X=1111
# EXECUTION:: Time: 155 ns,  Iteration: 0,  Instance: /bf4_test_tb,  Process: output_verify.
# KERNEL: WARNING: NUMERIC_STD.TO_INTEGER: metavalue detected, returning 0
# KERNEL: Time: 160 ns,  Iteration: 1,  Instance: /bf4_test_tb/UUT3,  Process: line__22.
# EXECUTION:: ERROR  : unsafe bf4_logic X=X000
# EXECUTION:: Time: 165 ns,  Iteration: 0,  Instance: /bf4_test_tb,  Process: output_verify.
# EXECUTION:: ERROR  : unsafe bf4_const X=X000
# EXECUTION:: Time: 165 ns,  Iteration: 0,  Instance: /bf4_test_tb,  Process: output_verify.
# KERNEL: WARNING: NUMERIC_STD.TO_INTEGER: metavalue detected, returning 0
# KERNEL: Time: 170 ns,  Iteration: 1,  Instance: /bf4_test_tb/UUT3,  Process: line__22.
# EXECUTION:: ERROR  : unsafe bf4_logic X=0X00
# EXECUTION:: Time: 175 ns,  Iteration: 0,  Instance: /bf4_test_tb,  Process: output_verify.
# EXECUTION:: ERROR  : unsafe bf4_const X=0X00
# EXECUTION:: Time: 175 ns,  Iteration: 0,  Instance: /bf4_test_tb,  Process: output_verify.
# KERNEL: WARNING: NUMERIC_STD.TO_INTEGER: metavalue detected, returning 0
# KERNEL: Time: 180 ns,  Iteration: 1,  Instance: /bf4_test_tb/UUT3,  Process: line__22.
# EXECUTION:: ERROR  : unsafe bf4_logic X=00X0
# EXECUTION:: Time: 185 ns,  Iteration: 0,  Instance: /bf4_test_tb,  Process: output_verify.
# EXECUTION:: ERROR  : unsafe bf4_const X=00X0
# EXECUTION:: Time: 185 ns,  Iteration: 0,  Instance: /bf4_test_tb,  Process: output_verify.
# KERNEL: WARNING: NUMERIC_STD.TO_INTEGER: metavalue detected, returning 0
# KERNEL: Time: 190 ns,  Iteration: 1,  Instance: /bf4_test_tb/UUT3,  Process: line__22.
# KERNEL: WARNING: NUMERIC_STD.TO_INTEGER: metavalue detected, returning 0
# KERNEL: Time: 200 ns,  Iteration: 1,  Instance: /bf4_test_tb/UUT3,  Process: line__22.
# EXECUTION:: ERROR  : unsafe bf4_logic X=U000
# EXECUTION:: Time: 205 ns,  Iteration: 0,  Instance: /bf4_test_tb,  Process: output_verify.
# EXECUTION:: ERROR  : unsafe bf4_const X=U000
# EXECUTION:: Time: 205 ns,  Iteration: 0,  Instance: /bf4_test_tb,  Process: output_verify.
# KERNEL: WARNING: NUMERIC_STD.TO_INTEGER: metavalue detected, returning 0
# KERNEL: Time: 210 ns,  Iteration: 1,  Instance: /bf4_test_tb/UUT3,  Process: line__22.
# EXECUTION:: ERROR  : unsafe bf4_logic X=0U00
# EXECUTION:: Time: 215 ns,  Iteration: 0,  Instance: /bf4_test_tb,  Process: output_verify.
# EXECUTION:: ERROR  : unsafe bf4_const X=0U00
# EXECUTION:: Time: 215 ns,  Iteration: 0,  Instance: /bf4_test_tb,  Process: output_verify.
# KERNEL: WARNING: NUMERIC_STD.TO_INTEGER: metavalue detected, returning 0
# KERNEL: Time: 220 ns,  Iteration: 1,  Instance: /bf4_test_tb/UUT3,  Process: line__22.
# EXECUTION:: ERROR  : unsafe bf4_logic X=00U0
# EXECUTION:: Time: 225 ns,  Iteration: 0,  Instance: /bf4_test_tb,  Process: output_verify.
# EXECUTION:: ERROR  : unsafe bf4_const X=00U0
# EXECUTION:: Time: 225 ns,  Iteration: 0,  Instance: /bf4_test_tb,  Process: output_verify.
# KERNEL: WARNING: NUMERIC_STD.TO_INTEGER: metavalue detected, returning 0
# KERNEL: Time: 230 ns,  Iteration: 1,  Instance: /bf4_test_tb/UUT3,  Process: line__22.
# EXECUTION:: ERROR  : unsafe bf4_logic X=H000
# EXECUTION:: Time: 245 ns,  Iteration: 0,  Instance: /bf4_test_tb,  Process: output_verify.
# EXECUTION:: ERROR  : unsafe bf4_const X=H000
# EXECUTION:: Time: 245 ns,  Iteration: 0,  Instance: /bf4_test_tb,  Process: output_verify.
# EXECUTION:: ERROR  : unsafe bf4_logic X=0H00
# EXECUTION:: Time: 255 ns,  Iteration: 0,  Instance: /bf4_test_tb,  Process: output_verify.
# EXECUTION:: ERROR  : unsafe bf4_const X=0H00
# EXECUTION:: Time: 255 ns,  Iteration: 0,  Instance: /bf4_test_tb,  Process: output_verify.
# EXECUTION:: ERROR  : unsafe bf4_logic X=00H0
# EXECUTION:: Time: 265 ns,  Iteration: 0,  Instance: /bf4_test_tb,  Process: output_verify.
# EXECUTION:: ERROR  : unsafe bf4_const X=00H0
# EXECUTION:: Time: 265 ns,  Iteration: 0,  Instance: /bf4_test_tb,  Process: output_verify.
# EXECUTION:: ERROR  : unsafe bf4_logic X=L000
# EXECUTION:: Time: 285 ns,  Iteration: 0,  Instance: /bf4_test_tb,  Process: output_verify.
# EXECUTION:: ERROR  : unsafe bf4_const X=L000
# EXECUTION:: Time: 285 ns,  Iteration: 0,  Instance: /bf4_test_tb,  Process: output_verify.
# KERNEL: stopped at time: 350 ns
# KERNEL: Simulation has finished. There are no more test vectors to simulate.
SetActiveLib -work
comp -include "$dsn\src\bf4_conc_CA.vhd" 
# Compile Entity "bf4_conc_CA"
# Compile Architecture "bf4_conc_CA" of Entity "bf4_conc_CA"
# Compile success 0 Errors 0 Warnings  Analysis time :  47.0 [ms]
comp -include "$dsn\src\bf4_conc_WS.vhd"
# Compile Entity "bf4_conc_WS"
# Compile Architecture "bf4_conc_WS" of Entity "bf4_conc_WS"
# Compile success 0 Errors 0 Warnings  Analysis time :  31.0 [ms]
comp -include "$dsn\src\bf4_const.vhd"
# Compile Entity "bf4_const"
# Compile Architecture "bf4_const" of Entity "bf4_const"
# Compile success 0 Errors 0 Warnings  Analysis time :  47.0 [ms]
comp -include "$dsn\src\bf4_logic.vhd"
# Compile Entity "bf4_logic"
# Compile Architecture "bf4_logic" of Entity "bf4_logic"
# Compile success 0 Errors 0 Warnings  Analysis time :  31.0 [ms]
comp -include "$dsn\src\bf4_proc_IF.vhd"
# Compile Entity "bf4_proc_IF"
# Compile Architecture "bf4_proc_IF" of Entity "bf4_proc_IF"
# Compile success 0 Errors 0 Warnings  Analysis time :  47.0 [ms]
comp -include "$dsn\src\bf4_proc_CASE.vhd"
# Compile Entity "bf4_proc_CASE"
# Compile Architecture "bf4_proc_CASE" of Entity "bf4_proc_CASE"
# Compile success 0 Errors 0 Warnings  Analysis time :  31.0 [ms]
comp -include "$dsn\src\bf4_K2_TB.vhd" 
# Compile Entity "bf4_test_tb"
# Compile Architecture "bf4_test_tb" of Entity "bf4_test_tb"
# Compile success 0 Errors 0 Warnings  Analysis time :  31.0 [ms]
asim +access +r bf4_test_tb 
# VSIM: Simulation has finished.
# ELBREAD: Elaboration process.
# ELBREAD: Elaboration time 0.0 [s].
# VSIM: Stack memory: 32MB
# VSIM: Retval memory: 32MB
# 
# KERNEL: Main thread initiated.
# KERNEL: Kernel process initialization phase.
# ELAB2: Elaboration final pass...
# ELAB2: Create instances ...
# KERNEL: Time resolution set to 1ps.
# ELAB2: Create instances complete.
# SLP: Started
# SLP: Elaboration phase ...
# SLP: Elaboration phase ... skipped, nothing to simulate in SLP mode : 0.0 [s]
# SLP: Finished : 0.0 [s]
# ELAB2: Elaboration final pass complete - time: 0.0 [s].
# KERNEL: Warning: You are using the Active-HDL Student Edition. The performance of simulation is running at a reduced rate.
# KERNEL: Warning: Contact Aldec for available upgrade options - sales@aldec.com.
# KERNEL: Kernel process initialization done.
# Allocation: Simulator allocated 6491 kB (elbread=427 elab2=5924 kernel=139 sdf=0)
# KERNEL: ASDB file was created in location D:\students\IKM722a_Vorontsov\vhdl\LAB_2\LAB_2\src\wave.asdb
#  15:13, 23 травня 2026 р.
#  Simulation has been initialized
wave 
wave -noreg X
wave -noreg Y_conc_CA
wave -noreg Y_conc_WS
wave -noreg Y_const  
wave -noreg Y_logic
wave -noreg Y_proc_IF
wave -noreg Y_proc_CASE
wave -noreg TEST_PHASE
wave -noreg VERIF_STATE
run 350 ns
# VSIM: 9 object(s) traced.
# Waveform file 'untitled.awc' connected to 'D:/students/IKM722a_Vorontsov/vhdl/LAB_2/LAB_2/src/wave.asdb'.
# KERNEL: WARNING: NUMERIC_STD.TO_INTEGER: metavalue detected, returning 0
# KERNEL: Time: 0 ps,  Iteration: 0,  Instance: /bf4_test_tb/UUT3,  Process: line__17.
# EXECUTION:: NOTE   : at 0 ps all Ys changed
# EXECUTION:: Time: 0 ps,  Iteration: 3,  Instance: /bf4_test_tb,  Process: output_verify.
# EXECUTION:: NOTE   : at 10000 ps all Ys changed
# EXECUTION:: Time: 10 ns,  Iteration: 3,  Instance: /bf4_test_tb,  Process: output_verify.
# EXECUTION:: NOTE   : at 20000 ps all Ys changed
# EXECUTION:: Time: 20 ns,  Iteration: 3,  Instance: /bf4_test_tb,  Process: output_verify.
# EXECUTION:: NOTE   : at 30000 ps all Ys changed
# EXECUTION:: Time: 30 ns,  Iteration: 3,  Instance: /bf4_test_tb,  Process: output_verify.
# EXECUTION:: NOTE   : at 40000 ps all Ys changed
# EXECUTION:: Time: 40 ns,  Iteration: 3,  Instance: /bf4_test_tb,  Process: output_verify.
# EXECUTION:: NOTE   : at 50000 ps all Ys changed
# EXECUTION:: Time: 50 ns,  Iteration: 3,  Instance: /bf4_test_tb,  Process: output_verify.
# EXECUTION:: NOTE   : at 60000 ps all Ys changed
# EXECUTION:: Time: 60 ns,  Iteration: 3,  Instance: /bf4_test_tb,  Process: output_verify.
# EXECUTION:: NOTE   : at 70000 ps all Ys changed
# EXECUTION:: Time: 70 ns,  Iteration: 3,  Instance: /bf4_test_tb,  Process: output_verify.
# EXECUTION:: NOTE   : at 80000 ps all Ys changed
# EXECUTION:: Time: 80 ns,  Iteration: 3,  Instance: /bf4_test_tb,  Process: output_verify.
# EXECUTION:: NOTE   : at 90000 ps all Ys changed
# EXECUTION:: Time: 90 ns,  Iteration: 3,  Instance: /bf4_test_tb,  Process: output_verify.
# EXECUTION:: NOTE   : at 100000 ps all Ys changed
# EXECUTION:: Time: 100 ns,  Iteration: 3,  Instance: /bf4_test_tb,  Process: output_verify.
# EXECUTION:: ERROR  : error in block bf4_logic when X = 1010
# EXECUTION:: Time: 105 ns,  Iteration: 0,  Instance: /bf4_test_tb,  Process: output_verify.
# EXECUTION:: NOTE   : at 110000 ps all Ys changed
# EXECUTION:: Time: 110 ns,  Iteration: 3,  Instance: /bf4_test_tb,  Process: output_verify.
# EXECUTION:: NOTE   : at 120000 ps all Ys changed
# EXECUTION:: Time: 120 ns,  Iteration: 3,  Instance: /bf4_test_tb,  Process: output_verify.
# EXECUTION:: NOTE   : at 130000 ps all Ys changed
# EXECUTION:: Time: 130 ns,  Iteration: 3,  Instance: /bf4_test_tb,  Process: output_verify.
# EXECUTION:: NOTE   : at 140000 ps all Ys changed
# EXECUTION:: Time: 140 ns,  Iteration: 3,  Instance: /bf4_test_tb,  Process: output_verify.
# EXECUTION:: NOTE   : at 150000 ps all Ys changed
# EXECUTION:: Time: 150 ns,  Iteration: 3,  Instance: /bf4_test_tb,  Process: output_verify.
# KERNEL: WARNING: NUMERIC_STD.TO_INTEGER: metavalue detected, returning 0
# KERNEL: Time: 160 ns,  Iteration: 1,  Instance: /bf4_test_tb/UUT3,  Process: line__17.
# EXECUTION:: NOTE   : at 160000 ps all Ys changed
# EXECUTION:: Time: 160 ns,  Iteration: 3,  Instance: /bf4_test_tb,  Process: output_verify.
# EXECUTION:: ERROR  : not safe response in block bf4_logic when X = X000
# EXECUTION:: Time: 165 ns,  Iteration: 0,  Instance: /bf4_test_tb,  Process: output_verify.
# EXECUTION:: ERROR  : not safe response in block bf4_const when X = X000
# EXECUTION:: Time: 165 ns,  Iteration: 0,  Instance: /bf4_test_tb,  Process: output_verify.
# KERNEL: WARNING: NUMERIC_STD.TO_INTEGER: metavalue detected, returning 0
# KERNEL: Time: 170 ns,  Iteration: 1,  Instance: /bf4_test_tb/UUT3,  Process: line__17.
# EXECUTION:: NOTE   : at 170000 ps all Ys changed
# EXECUTION:: Time: 170 ns,  Iteration: 3,  Instance: /bf4_test_tb,  Process: output_verify.
# EXECUTION:: ERROR  : not safe response in block bf4_logic when X = 0X00
# EXECUTION:: Time: 175 ns,  Iteration: 0,  Instance: /bf4_test_tb,  Process: output_verify.
# EXECUTION:: ERROR  : not safe response in block bf4_const when X = 0X00
# EXECUTION:: Time: 175 ns,  Iteration: 0,  Instance: /bf4_test_tb,  Process: output_verify.
# KERNEL: WARNING: NUMERIC_STD.TO_INTEGER: metavalue detected, returning 0
# KERNEL: Time: 180 ns,  Iteration: 1,  Instance: /bf4_test_tb/UUT3,  Process: line__17.
# EXECUTION:: NOTE   : at 180000 ps all Ys changed
# EXECUTION:: Time: 180 ns,  Iteration: 3,  Instance: /bf4_test_tb,  Process: output_verify.
# EXECUTION:: ERROR  : not safe response in block bf4_logic when X = 00X0
# EXECUTION:: Time: 185 ns,  Iteration: 0,  Instance: /bf4_test_tb,  Process: output_verify.
# EXECUTION:: ERROR  : not safe response in block bf4_const when X = 00X0
# EXECUTION:: Time: 185 ns,  Iteration: 0,  Instance: /bf4_test_tb,  Process: output_verify.
# KERNEL: WARNING: NUMERIC_STD.TO_INTEGER: metavalue detected, returning 0
# KERNEL: Time: 190 ns,  Iteration: 1,  Instance: /bf4_test_tb/UUT3,  Process: line__17.
# EXECUTION:: NOTE   : at 190000 ps all Ys changed
# EXECUTION:: Time: 190 ns,  Iteration: 3,  Instance: /bf4_test_tb,  Process: output_verify.
# EXECUTION:: ERROR  : not safe response in block bf4_logic when X = 000X
# EXECUTION:: Time: 195 ns,  Iteration: 0,  Instance: /bf4_test_tb,  Process: output_verify.
# EXECUTION:: ERROR  : not safe response in block bf4_const when X = 000X
# EXECUTION:: Time: 195 ns,  Iteration: 0,  Instance: /bf4_test_tb,  Process: output_verify.
# KERNEL: WARNING: NUMERIC_STD.TO_INTEGER: metavalue detected, returning 0
# KERNEL: Time: 200 ns,  Iteration: 1,  Instance: /bf4_test_tb/UUT3,  Process: line__17.
# EXECUTION:: NOTE   : at 200000 ps all Ys changed
# EXECUTION:: Time: 200 ns,  Iteration: 3,  Instance: /bf4_test_tb,  Process: output_verify.
# EXECUTION:: ERROR  : not safe response in block bf4_logic when X = U000
# EXECUTION:: Time: 205 ns,  Iteration: 0,  Instance: /bf4_test_tb,  Process: output_verify.
# EXECUTION:: ERROR  : not safe response in block bf4_const when X = U000
# EXECUTION:: Time: 205 ns,  Iteration: 0,  Instance: /bf4_test_tb,  Process: output_verify.
# KERNEL: WARNING: NUMERIC_STD.TO_INTEGER: metavalue detected, returning 0
# KERNEL: Time: 210 ns,  Iteration: 1,  Instance: /bf4_test_tb/UUT3,  Process: line__17.
# EXECUTION:: NOTE   : at 210000 ps all Ys changed
# EXECUTION:: Time: 210 ns,  Iteration: 3,  Instance: /bf4_test_tb,  Process: output_verify.
# EXECUTION:: ERROR  : not safe response in block bf4_logic when X = 0U00
# EXECUTION:: Time: 215 ns,  Iteration: 0,  Instance: /bf4_test_tb,  Process: output_verify.
# EXECUTION:: ERROR  : not safe response in block bf4_const when X = 0U00
# EXECUTION:: Time: 215 ns,  Iteration: 0,  Instance: /bf4_test_tb,  Process: output_verify.
# KERNEL: WARNING: NUMERIC_STD.TO_INTEGER: metavalue detected, returning 0
# KERNEL: Time: 220 ns,  Iteration: 1,  Instance: /bf4_test_tb/UUT3,  Process: line__17.
# EXECUTION:: NOTE   : at 220000 ps all Ys changed
# EXECUTION:: Time: 220 ns,  Iteration: 3,  Instance: /bf4_test_tb,  Process: output_verify.
# EXECUTION:: ERROR  : not safe response in block bf4_logic when X = 00U0
# EXECUTION:: Time: 225 ns,  Iteration: 0,  Instance: /bf4_test_tb,  Process: output_verify.
# EXECUTION:: ERROR  : not safe response in block bf4_const when X = 00U0
# EXECUTION:: Time: 225 ns,  Iteration: 0,  Instance: /bf4_test_tb,  Process: output_verify.
# KERNEL: WARNING: NUMERIC_STD.TO_INTEGER: metavalue detected, returning 0
# KERNEL: Time: 230 ns,  Iteration: 1,  Instance: /bf4_test_tb/UUT3,  Process: line__17.
# EXECUTION:: NOTE   : at 230000 ps all Ys changed
# EXECUTION:: Time: 230 ns,  Iteration: 3,  Instance: /bf4_test_tb,  Process: output_verify.
# EXECUTION:: ERROR  : not safe response in block bf4_logic when X = 000U
# EXECUTION:: Time: 235 ns,  Iteration: 0,  Instance: /bf4_test_tb,  Process: output_verify.
# EXECUTION:: ERROR  : not safe response in block bf4_const when X = 000U
# EXECUTION:: Time: 235 ns,  Iteration: 0,  Instance: /bf4_test_tb,  Process: output_verify.
# EXECUTION:: NOTE   : at 240000 ps all Ys changed
# EXECUTION:: Time: 240 ns,  Iteration: 3,  Instance: /bf4_test_tb,  Process: output_verify.
# EXECUTION:: ERROR  : not safe response in block bf4_logic when X = H000
# EXECUTION:: Time: 245 ns,  Iteration: 0,  Instance: /bf4_test_tb,  Process: output_verify.
# EXECUTION:: ERROR  : not safe response in block bf4_const when X = H000
# EXECUTION:: Time: 245 ns,  Iteration: 0,  Instance: /bf4_test_tb,  Process: output_verify.
# EXECUTION:: NOTE   : at 250000 ps all Ys changed
# EXECUTION:: Time: 250 ns,  Iteration: 3,  Instance: /bf4_test_tb,  Process: output_verify.
# EXECUTION:: ERROR  : not safe response in block bf4_logic when X = 0H00
# EXECUTION:: Time: 255 ns,  Iteration: 0,  Instance: /bf4_test_tb,  Process: output_verify.
# EXECUTION:: ERROR  : not safe response in block bf4_const when X = 0H00
# EXECUTION:: Time: 255 ns,  Iteration: 0,  Instance: /bf4_test_tb,  Process: output_verify.
# EXECUTION:: NOTE   : at 260000 ps all Ys changed
# EXECUTION:: Time: 260 ns,  Iteration: 3,  Instance: /bf4_test_tb,  Process: output_verify.
# EXECUTION:: ERROR  : not safe response in block bf4_logic when X = 00H0
# EXECUTION:: Time: 265 ns,  Iteration: 0,  Instance: /bf4_test_tb,  Process: output_verify.
# EXECUTION:: ERROR  : not safe response in block bf4_const when X = 00H0
# EXECUTION:: Time: 265 ns,  Iteration: 0,  Instance: /bf4_test_tb,  Process: output_verify.
# EXECUTION:: NOTE   : at 270000 ps all Ys changed
# EXECUTION:: Time: 270 ns,  Iteration: 3,  Instance: /bf4_test_tb,  Process: output_verify.
# EXECUTION:: ERROR  : not safe response in block bf4_logic when X = 000H
# EXECUTION:: Time: 275 ns,  Iteration: 0,  Instance: /bf4_test_tb,  Process: output_verify.
# EXECUTION:: ERROR  : not safe response in block bf4_const when X = 000H
# EXECUTION:: Time: 275 ns,  Iteration: 0,  Instance: /bf4_test_tb,  Process: output_verify.
# EXECUTION:: NOTE   : at 280000 ps all Ys changed
# EXECUTION:: Time: 280 ns,  Iteration: 3,  Instance: /bf4_test_tb,  Process: output_verify.
# EXECUTION:: ERROR  : not safe response in block bf4_logic when X = L000
# EXECUTION:: Time: 285 ns,  Iteration: 0,  Instance: /bf4_test_tb,  Process: output_verify.
# EXECUTION:: ERROR  : not safe response in block bf4_const when X = L000
# EXECUTION:: Time: 285 ns,  Iteration: 0,  Instance: /bf4_test_tb,  Process: output_verify.
# KERNEL: stopped at time: 350 ns
# KERNEL: Simulation has finished. There are no more test vectors to simulate.
SetActiveLib -work
comp -include "$dsn\src\bf4_conc_CA.vhd" 
# Compile Entity "bf4_conc_CA"
# Compile Architecture "bf4_conc_CA" of Entity "bf4_conc_CA"
# Compile success 0 Errors 0 Warnings  Analysis time :  31.0 [ms]
comp -include "$dsn\src\bf4_conc_WS.vhd"
# Compile Entity "bf4_conc_WS"
# Compile Architecture "bf4_conc_WS" of Entity "bf4_conc_WS"
# Compile success 0 Errors 0 Warnings  Analysis time :  16.0 [ms]
comp -include "$dsn\src\bf4_const.vhd"
# Compile Entity "bf4_const"
# Compile Architecture "bf4_const" of Entity "bf4_const"
# Compile success 0 Errors 0 Warnings  Analysis time :  16.0 [ms]
comp -include "$dsn\src\bf4_logic.vhd"
# Compile Entity "bf4_logic"
# Compile Architecture "bf4_logic" of Entity "bf4_logic"
# Compile success 0 Errors 0 Warnings  Analysis time :  31.0 [ms]
comp -include "$dsn\src\bf4_proc_IF.vhd"
# Compile Entity "bf4_proc_IF"
# Compile Architecture "bf4_proc_IF" of Entity "bf4_proc_IF"
# Compile success 0 Errors 0 Warnings  Analysis time :  31.0 [ms]
comp -include "$dsn\src\bf4_proc_CASE.vhd"
# Compile Entity "bf4_proc_CASE"
# Compile Architecture "bf4_proc_CASE" of Entity "bf4_proc_CASE"
# Compile success 0 Errors 0 Warnings  Analysis time :  31.0 [ms]
comp -include "$dsn\src\bf4_K2_TB.vhd" 
# Compile Entity "bf4_test_tb"
# Compile Architecture "bf4_test_tb" of Entity "bf4_test_tb"
# Compile success 0 Errors 0 Warnings  Analysis time :  47.0 [ms]
asim +access +r bf4_test_tb 
# VSIM: Simulation has finished.
# ELBREAD: Elaboration process.
# ELBREAD: Elaboration time 0.0 [s].
# VSIM: Stack memory: 32MB
# VSIM: Retval memory: 32MB
# 
# KERNEL: Main thread initiated.
# KERNEL: Kernel process initialization phase.
# ELAB2: Elaboration final pass...
# ELAB2: Create instances ...
# KERNEL: Time resolution set to 1ps.
# ELAB2: Create instances complete.
# SLP: Started
# SLP: Elaboration phase ...
# SLP: Elaboration phase ... skipped, nothing to simulate in SLP mode : 0.0 [s]
# SLP: Finished : 0.0 [s]
# ELAB2: Elaboration final pass complete - time: 0.0 [s].
# KERNEL: Warning: You are using the Active-HDL Student Edition. The performance of simulation is running at a reduced rate.
# KERNEL: Warning: Contact Aldec for available upgrade options - sales@aldec.com.
# KERNEL: Kernel process initialization done.
# Allocation: Simulator allocated 6491 kB (elbread=427 elab2=5924 kernel=139 sdf=0)
# KERNEL: ASDB file was created in location D:\students\IKM722a_Vorontsov\vhdl\LAB_2\LAB_2\src\wave.asdb
#  15:16, 23 травня 2026 р.
#  Simulation has been initialized
# Waveform file 'untitled.awc' connected to 'D:/students/IKM722a_Vorontsov/vhdl/LAB_2/LAB_2/src/wave.asdb'.
wave 
wave -noreg X
wave -noreg Y_conc_CA
wave -noreg Y_conc_WS
wave -noreg Y_const  
wave -noreg Y_logic
wave -noreg Y_proc_IF
wave -noreg Y_proc_CASE
wave -noreg TEST_PHASE
wave -noreg VERIF_STATE
run 350 ns
# KERNEL: Warning: KERNEL_0291 Object "/bf4_test_tb/X" has already been traced.
# KERNEL: Warning: KERNEL_0291 Object "/bf4_test_tb/Y_conc_CA" has already been traced.
# KERNEL: Warning: KERNEL_0291 Object "/bf4_test_tb/Y_conc_WS" has already been traced.
# KERNEL: Warning: KERNEL_0291 Object "/bf4_test_tb/Y_const" has already been traced.
# KERNEL: Warning: KERNEL_0291 Object "/bf4_test_tb/Y_logic" has already been traced.
# KERNEL: Warning: KERNEL_0291 Object "/bf4_test_tb/Y_proc_IF" has already been traced.
# KERNEL: Warning: KERNEL_0291 Object "/bf4_test_tb/Y_proc_CASE" has already been traced.
# KERNEL: Warning: KERNEL_0291 Object "/bf4_test_tb/TEST_PHASE" has already been traced.
# KERNEL: Warning: KERNEL_0291 Object "/bf4_test_tb/VERIF_STATE" has already been traced.
# VSIM: 0 object(s) traced.
# Waveform file 'untitled.awc' connected to 'D:/students/IKM722a_Vorontsov/vhdl/LAB_2/LAB_2/src/wave.asdb'.
# KERNEL: WARNING: NUMERIC_STD.TO_INTEGER: metavalue detected, returning 0
# KERNEL: Time: 0 ps,  Iteration: 0,  Instance: /bf4_test_tb/UUT3,  Process: line__17.
# EXECUTION:: NOTE   : at 0 ps all Ys changed
# EXECUTION:: Time: 0 ps,  Iteration: 3,  Instance: /bf4_test_tb,  Process: output_verify.
# EXECUTION:: ERROR  : error in block bf4_logic when X = 0000
# EXECUTION:: Time: 5 ns,  Iteration: 0,  Instance: /bf4_test_tb,  Process: output_verify.
# EXECUTION:: NOTE   : at 10000 ps all Ys changed
# EXECUTION:: Time: 10 ns,  Iteration: 3,  Instance: /bf4_test_tb,  Process: output_verify.
# EXECUTION:: ERROR  : error in block bf4_logic when X = 0001
# EXECUTION:: Time: 15 ns,  Iteration: 0,  Instance: /bf4_test_tb,  Process: output_verify.
# EXECUTION:: NOTE   : at 20000 ps all Ys changed
# EXECUTION:: Time: 20 ns,  Iteration: 3,  Instance: /bf4_test_tb,  Process: output_verify.
# EXECUTION:: ERROR  : error in block bf4_logic when X = 0010
# EXECUTION:: Time: 25 ns,  Iteration: 0,  Instance: /bf4_test_tb,  Process: output_verify.
# EXECUTION:: NOTE   : at 30000 ps all Ys changed
# EXECUTION:: Time: 30 ns,  Iteration: 3,  Instance: /bf4_test_tb,  Process: output_verify.
# EXECUTION:: ERROR  : error in block bf4_logic when X = 0011
# EXECUTION:: Time: 35 ns,  Iteration: 0,  Instance: /bf4_test_tb,  Process: output_verify.
# EXECUTION:: NOTE   : at 50000 ps all Ys changed
# EXECUTION:: Time: 50 ns,  Iteration: 3,  Instance: /bf4_test_tb,  Process: output_verify.
# EXECUTION:: ERROR  : error in block bf4_logic when X = 0101
# EXECUTION:: Time: 55 ns,  Iteration: 0,  Instance: /bf4_test_tb,  Process: output_verify.
# EXECUTION:: NOTE   : at 60000 ps all Ys changed
# EXECUTION:: Time: 60 ns,  Iteration: 3,  Instance: /bf4_test_tb,  Process: output_verify.
# EXECUTION:: ERROR  : error in block bf4_logic when X = 0110
# EXECUTION:: Time: 65 ns,  Iteration: 0,  Instance: /bf4_test_tb,  Process: output_verify.
# EXECUTION:: NOTE   : at 70000 ps all Ys changed
# EXECUTION:: Time: 70 ns,  Iteration: 3,  Instance: /bf4_test_tb,  Process: output_verify.
# EXECUTION:: ERROR  : error in block bf4_logic when X = 0111
# EXECUTION:: Time: 75 ns,  Iteration: 0,  Instance: /bf4_test_tb,  Process: output_verify.
# EXECUTION:: NOTE   : at 80000 ps all Ys changed
# EXECUTION:: Time: 80 ns,  Iteration: 3,  Instance: /bf4_test_tb,  Process: output_verify.
# EXECUTION:: ERROR  : error in block bf4_logic when X = 1000
# EXECUTION:: Time: 85 ns,  Iteration: 0,  Instance: /bf4_test_tb,  Process: output_verify.
# EXECUTION:: NOTE   : at 90000 ps all Ys changed
# EXECUTION:: Time: 90 ns,  Iteration: 3,  Instance: /bf4_test_tb,  Process: output_verify.
# EXECUTION:: ERROR  : error in block bf4_logic when X = 1001
# EXECUTION:: Time: 95 ns,  Iteration: 0,  Instance: /bf4_test_tb,  Process: output_verify.
# EXECUTION:: NOTE   : at 100000 ps all Ys changed
# EXECUTION:: Time: 100 ns,  Iteration: 3,  Instance: /bf4_test_tb,  Process: output_verify.
# EXECUTION:: ERROR  : error in block bf4_logic when X = 1010
# EXECUTION:: Time: 105 ns,  Iteration: 0,  Instance: /bf4_test_tb,  Process: output_verify.
# EXECUTION:: NOTE   : at 110000 ps all Ys changed
# EXECUTION:: Time: 110 ns,  Iteration: 3,  Instance: /bf4_test_tb,  Process: output_verify.
# EXECUTION:: ERROR  : error in block bf4_logic when X = 1011
# EXECUTION:: Time: 115 ns,  Iteration: 0,  Instance: /bf4_test_tb,  Process: output_verify.
# EXECUTION:: NOTE   : at 120000 ps all Ys changed
# EXECUTION:: Time: 120 ns,  Iteration: 3,  Instance: /bf4_test_tb,  Process: output_verify.
# EXECUTION:: ERROR  : error in block bf4_logic when X = 1100
# EXECUTION:: Time: 125 ns,  Iteration: 0,  Instance: /bf4_test_tb,  Process: output_verify.
# EXECUTION:: NOTE   : at 130000 ps all Ys changed
# EXECUTION:: Time: 130 ns,  Iteration: 3,  Instance: /bf4_test_tb,  Process: output_verify.
# EXECUTION:: ERROR  : error in block bf4_logic when X = 1101
# EXECUTION:: Time: 135 ns,  Iteration: 0,  Instance: /bf4_test_tb,  Process: output_verify.
# EXECUTION:: NOTE   : at 140000 ps all Ys changed
# EXECUTION:: Time: 140 ns,  Iteration: 3,  Instance: /bf4_test_tb,  Process: output_verify.
# EXECUTION:: ERROR  : error in block bf4_logic when X = 1110
# EXECUTION:: Time: 145 ns,  Iteration: 0,  Instance: /bf4_test_tb,  Process: output_verify.
# EXECUTION:: NOTE   : at 150000 ps all Ys changed
# EXECUTION:: Time: 150 ns,  Iteration: 3,  Instance: /bf4_test_tb,  Process: output_verify.
# EXECUTION:: ERROR  : error in block bf4_logic when X = 1111
# EXECUTION:: Time: 155 ns,  Iteration: 0,  Instance: /bf4_test_tb,  Process: output_verify.
# KERNEL: WARNING: NUMERIC_STD.TO_INTEGER: metavalue detected, returning 0
# KERNEL: Time: 160 ns,  Iteration: 1,  Instance: /bf4_test_tb/UUT3,  Process: line__17.
# EXECUTION:: NOTE   : at 160000 ps all Ys changed
# EXECUTION:: Time: 160 ns,  Iteration: 3,  Instance: /bf4_test_tb,  Process: output_verify.
# EXECUTION:: ERROR  : not safe response in block bf4_logic when X = X000
# EXECUTION:: Time: 165 ns,  Iteration: 0,  Instance: /bf4_test_tb,  Process: output_verify.
# EXECUTION:: ERROR  : not safe response in block bf4_const when X = X000
# EXECUTION:: Time: 165 ns,  Iteration: 0,  Instance: /bf4_test_tb,  Process: output_verify.
# KERNEL: WARNING: NUMERIC_STD.TO_INTEGER: metavalue detected, returning 0
# KERNEL: Time: 170 ns,  Iteration: 1,  Instance: /bf4_test_tb/UUT3,  Process: line__17.
# EXECUTION:: NOTE   : at 170000 ps all Ys changed
# EXECUTION:: Time: 170 ns,  Iteration: 3,  Instance: /bf4_test_tb,  Process: output_verify.
# EXECUTION:: ERROR  : not safe response in block bf4_logic when X = 0X00
# EXECUTION:: Time: 175 ns,  Iteration: 0,  Instance: /bf4_test_tb,  Process: output_verify.
# EXECUTION:: ERROR  : not safe response in block bf4_const when X = 0X00
# EXECUTION:: Time: 175 ns,  Iteration: 0,  Instance: /bf4_test_tb,  Process: output_verify.
# KERNEL: WARNING: NUMERIC_STD.TO_INTEGER: metavalue detected, returning 0
# KERNEL: Time: 180 ns,  Iteration: 1,  Instance: /bf4_test_tb/UUT3,  Process: line__17.
# EXECUTION:: NOTE   : at 180000 ps all Ys changed
# EXECUTION:: Time: 180 ns,  Iteration: 3,  Instance: /bf4_test_tb,  Process: output_verify.
# EXECUTION:: ERROR  : not safe response in block bf4_logic when X = 00X0
# EXECUTION:: Time: 185 ns,  Iteration: 0,  Instance: /bf4_test_tb,  Process: output_verify.
# EXECUTION:: ERROR  : not safe response in block bf4_const when X = 00X0
# EXECUTION:: Time: 185 ns,  Iteration: 0,  Instance: /bf4_test_tb,  Process: output_verify.
# KERNEL: WARNING: NUMERIC_STD.TO_INTEGER: metavalue detected, returning 0
# KERNEL: Time: 190 ns,  Iteration: 1,  Instance: /bf4_test_tb/UUT3,  Process: line__17.
# EXECUTION:: NOTE   : at 190000 ps all Ys changed
# EXECUTION:: Time: 190 ns,  Iteration: 3,  Instance: /bf4_test_tb,  Process: output_verify.
# EXECUTION:: ERROR  : not safe response in block bf4_logic when X = 000X
# EXECUTION:: Time: 195 ns,  Iteration: 0,  Instance: /bf4_test_tb,  Process: output_verify.
# EXECUTION:: ERROR  : not safe response in block bf4_const when X = 000X
# EXECUTION:: Time: 195 ns,  Iteration: 0,  Instance: /bf4_test_tb,  Process: output_verify.
# KERNEL: WARNING: NUMERIC_STD.TO_INTEGER: metavalue detected, returning 0
# KERNEL: Time: 200 ns,  Iteration: 1,  Instance: /bf4_test_tb/UUT3,  Process: line__17.
# EXECUTION:: NOTE   : at 200000 ps all Ys changed
# EXECUTION:: Time: 200 ns,  Iteration: 3,  Instance: /bf4_test_tb,  Process: output_verify.
# EXECUTION:: ERROR  : not safe response in block bf4_logic when X = U000
# EXECUTION:: Time: 205 ns,  Iteration: 0,  Instance: /bf4_test_tb,  Process: output_verify.
# EXECUTION:: ERROR  : not safe response in block bf4_const when X = U000
# EXECUTION:: Time: 205 ns,  Iteration: 0,  Instance: /bf4_test_tb,  Process: output_verify.
# KERNEL: WARNING: NUMERIC_STD.TO_INTEGER: metavalue detected, returning 0
# KERNEL: Time: 210 ns,  Iteration: 1,  Instance: /bf4_test_tb/UUT3,  Process: line__17.
# EXECUTION:: NOTE   : at 210000 ps all Ys changed
# EXECUTION:: Time: 210 ns,  Iteration: 3,  Instance: /bf4_test_tb,  Process: output_verify.
# EXECUTION:: ERROR  : not safe response in block bf4_logic when X = 0U00
# EXECUTION:: Time: 215 ns,  Iteration: 0,  Instance: /bf4_test_tb,  Process: output_verify.
# EXECUTION:: ERROR  : not safe response in block bf4_const when X = 0U00
# EXECUTION:: Time: 215 ns,  Iteration: 0,  Instance: /bf4_test_tb,  Process: output_verify.
# KERNEL: WARNING: NUMERIC_STD.TO_INTEGER: metavalue detected, returning 0
# KERNEL: Time: 220 ns,  Iteration: 1,  Instance: /bf4_test_tb/UUT3,  Process: line__17.
# EXECUTION:: NOTE   : at 220000 ps all Ys changed
# EXECUTION:: Time: 220 ns,  Iteration: 3,  Instance: /bf4_test_tb,  Process: output_verify.
# EXECUTION:: ERROR  : not safe response in block bf4_logic when X = 00U0
# EXECUTION:: Time: 225 ns,  Iteration: 0,  Instance: /bf4_test_tb,  Process: output_verify.
# EXECUTION:: ERROR  : not safe response in block bf4_const when X = 00U0
# EXECUTION:: Time: 225 ns,  Iteration: 0,  Instance: /bf4_test_tb,  Process: output_verify.
# KERNEL: WARNING: NUMERIC_STD.TO_INTEGER: metavalue detected, returning 0
# KERNEL: Time: 230 ns,  Iteration: 1,  Instance: /bf4_test_tb/UUT3,  Process: line__17.
# EXECUTION:: NOTE   : at 230000 ps all Ys changed
# EXECUTION:: Time: 230 ns,  Iteration: 3,  Instance: /bf4_test_tb,  Process: output_verify.
# EXECUTION:: ERROR  : not safe response in block bf4_logic when X = 000U
# EXECUTION:: Time: 235 ns,  Iteration: 0,  Instance: /bf4_test_tb,  Process: output_verify.
# EXECUTION:: ERROR  : not safe response in block bf4_const when X = 000U
# EXECUTION:: Time: 235 ns,  Iteration: 0,  Instance: /bf4_test_tb,  Process: output_verify.
# EXECUTION:: NOTE   : at 240000 ps all Ys changed
# EXECUTION:: Time: 240 ns,  Iteration: 3,  Instance: /bf4_test_tb,  Process: output_verify.
# EXECUTION:: ERROR  : not safe response in block bf4_logic when X = H000
# EXECUTION:: Time: 245 ns,  Iteration: 0,  Instance: /bf4_test_tb,  Process: output_verify.
# EXECUTION:: ERROR  : not safe response in block bf4_const when X = H000
# EXECUTION:: Time: 245 ns,  Iteration: 0,  Instance: /bf4_test_tb,  Process: output_verify.
# EXECUTION:: NOTE   : at 250000 ps all Ys changed
# EXECUTION:: Time: 250 ns,  Iteration: 3,  Instance: /bf4_test_tb,  Process: output_verify.
# EXECUTION:: ERROR  : not safe response in block bf4_logic when X = 0H00
# EXECUTION:: Time: 255 ns,  Iteration: 0,  Instance: /bf4_test_tb,  Process: output_verify.
# EXECUTION:: ERROR  : not safe response in block bf4_const when X = 0H00
# EXECUTION:: Time: 255 ns,  Iteration: 0,  Instance: /bf4_test_tb,  Process: output_verify.
# EXECUTION:: NOTE   : at 260000 ps all Ys changed
# EXECUTION:: Time: 260 ns,  Iteration: 3,  Instance: /bf4_test_tb,  Process: output_verify.
# EXECUTION:: ERROR  : not safe response in block bf4_logic when X = 00H0
# EXECUTION:: Time: 265 ns,  Iteration: 0,  Instance: /bf4_test_tb,  Process: output_verify.
# EXECUTION:: ERROR  : not safe response in block bf4_const when X = 00H0
# EXECUTION:: Time: 265 ns,  Iteration: 0,  Instance: /bf4_test_tb,  Process: output_verify.
# EXECUTION:: NOTE   : at 270000 ps all Ys changed
# EXECUTION:: Time: 270 ns,  Iteration: 3,  Instance: /bf4_test_tb,  Process: output_verify.
# EXECUTION:: ERROR  : not safe response in block bf4_logic when X = 000H
# EXECUTION:: Time: 275 ns,  Iteration: 0,  Instance: /bf4_test_tb,  Process: output_verify.
# EXECUTION:: ERROR  : not safe response in block bf4_const when X = 000H
# EXECUTION:: Time: 275 ns,  Iteration: 0,  Instance: /bf4_test_tb,  Process: output_verify.
# EXECUTION:: NOTE   : at 280000 ps all Ys changed
# EXECUTION:: Time: 280 ns,  Iteration: 3,  Instance: /bf4_test_tb,  Process: output_verify.
# EXECUTION:: ERROR  : not safe response in block bf4_logic when X = L000
# EXECUTION:: Time: 285 ns,  Iteration: 0,  Instance: /bf4_test_tb,  Process: output_verify.
# EXECUTION:: ERROR  : not safe response in block bf4_const when X = L000
# EXECUTION:: Time: 285 ns,  Iteration: 0,  Instance: /bf4_test_tb,  Process: output_verify.
# KERNEL: stopped at time: 350 ns
# KERNEL: Simulation has finished. There are no more test vectors to simulate.
SetActiveLib -work
comp -include "$dsn\src\bf4_conc_CA.vhd" 
# Compile Entity "bf4_conc_CA"
# Compile Architecture "bf4_conc_CA" of Entity "bf4_conc_CA"
# Compile success 0 Errors 0 Warnings  Analysis time :  47.0 [ms]
comp -include "$dsn\src\bf4_conc_WS.vhd"
# Compile Entity "bf4_conc_WS"
# Compile Architecture "bf4_conc_WS" of Entity "bf4_conc_WS"
# Error: COMP96_0018: bf4_conc_WS.vhd : (18, 3): Identifier expected.
# Error: COMP96_0015: bf4_conc_WS.vhd : (18, 3): '<=' expected.
# Error: COMP96_0040: bf4_conc_WS.vhd : (18, 3): Incorrect syntax of selected signal assignment.
# Compile failure 3 Errors 0 Warnings  Analysis time :  0.0 [ms]
# Error: DO_001 in file D:\students\IKM722a_Vorontsov\vhdl\LAB_2\LAB_2\src\bf4_K2_TB_runtest.do line 3
# Error: Cannot run D:\students\IKM722a_Vorontsov\vhdl\LAB_2\LAB_2\src\bf4_K2_TB_runtest.do
SetActiveLib -work
comp -include "$dsn\src\bf4_conc_CA.vhd" 
# Compile Entity "bf4_conc_CA"
# Compile Architecture "bf4_conc_CA" of Entity "bf4_conc_CA"
# Compile success 0 Errors 0 Warnings  Analysis time :  15.0 [ms]
comp -include "$dsn\src\bf4_conc_WS.vhd"
# Compile Entity "bf4_conc_WS"
# Compile Architecture "bf4_conc_WS" of Entity "bf4_conc_WS"
# Compile success 0 Errors 0 Warnings  Analysis time :  16.0 [ms]
comp -include "$dsn\src\bf4_const.vhd"
# Compile Entity "bf4_const"
# Compile Architecture "bf4_const" of Entity "bf4_const"
# Compile success 0 Errors 0 Warnings  Analysis time :  47.0 [ms]
comp -include "$dsn\src\bf4_logic.vhd"
# Compile Entity "bf4_logic"
# Compile Architecture "bf4_logic" of Entity "bf4_logic"
# Compile success 0 Errors 0 Warnings  Analysis time :  31.0 [ms]
comp -include "$dsn\src\bf4_proc_IF.vhd"
# Compile Entity "bf4_proc_IF"
# Compile Architecture "bf4_proc_IF" of Entity "bf4_proc_IF"
# Compile success 0 Errors 0 Warnings  Analysis time :  47.0 [ms]
comp -include "$dsn\src\bf4_proc_CASE.vhd"
# Compile Entity "bf4_proc_CASE"
# Compile Architecture "bf4_proc_CASE" of Entity "bf4_proc_CASE"
# Compile success 0 Errors 0 Warnings  Analysis time :  16.0 [ms]
comp -include "$dsn\src\bf4_K2_TB.vhd" 
# Compile Entity "bf4_test_tb"
# Compile Architecture "bf4_test_tb" of Entity "bf4_test_tb"
# Error: COMP96_0015: bf4_K2_TB.vhd : (123, 30): ')' expected.
# Error: COMP96_0019: bf4_K2_TB.vhd : (123, 30): Keyword 'then' expected.
# Error: COMP96_0019: bf4_K2_TB.vhd : (123, 30): Keyword 'end' expected.
# Compile failure 3 Errors 0 Warnings  Analysis time :  0.0 [ms]
# Error: DO_001 in file D:\students\IKM722a_Vorontsov\vhdl\LAB_2\LAB_2\src\bf4_K2_TB_runtest.do line 8
# Error: Cannot run D:\students\IKM722a_Vorontsov\vhdl\LAB_2\LAB_2\src\bf4_K2_TB_runtest.do
SetActiveLib -work
comp -include "$dsn\src\bf4_conc_CA.vhd" 
# Compile Entity "bf4_conc_CA"
# Compile Architecture "bf4_conc_CA" of Entity "bf4_conc_CA"
# Compile success 0 Errors 0 Warnings  Analysis time :  15.0 [ms]
comp -include "$dsn\src\bf4_conc_WS.vhd"
# Compile Entity "bf4_conc_WS"
# Compile Architecture "bf4_conc_WS" of Entity "bf4_conc_WS"
# Compile success 0 Errors 0 Warnings  Analysis time :  31.0 [ms]
comp -include "$dsn\src\bf4_const.vhd"
# Compile Entity "bf4_const"
# Compile Architecture "bf4_const" of Entity "bf4_const"
# Compile success 0 Errors 0 Warnings  Analysis time :  16.0 [ms]
comp -include "$dsn\src\bf4_logic.vhd"
# Compile Entity "bf4_logic"
# Compile Architecture "bf4_logic" of Entity "bf4_logic"
# Compile success 0 Errors 0 Warnings  Analysis time :  47.0 [ms]
comp -include "$dsn\src\bf4_proc_IF.vhd"
# Compile Entity "bf4_proc_IF"
# Compile Architecture "bf4_proc_IF" of Entity "bf4_proc_IF"
# Compile success 0 Errors 0 Warnings  Analysis time :  16.0 [ms]
comp -include "$dsn\src\bf4_proc_CASE.vhd"
# Compile Entity "bf4_proc_CASE"
# Compile Architecture "bf4_proc_CASE" of Entity "bf4_proc_CASE"
# Compile success 0 Errors 0 Warnings  Analysis time :  16.0 [ms]
comp -include "$dsn\src\bf4_K2_TB.vhd" 
# Compile Entity "bf4_test_tb"
# Compile Architecture "bf4_test_tb" of Entity "bf4_test_tb"
# Compile success 0 Errors 0 Warnings  Analysis time :  47.0 [ms]
asim +access +r bf4_test_tb 
# VSIM: Simulation has finished.
# ELBREAD: Elaboration process.
# ELBREAD: Elaboration time 0.0 [s].
# VSIM: Stack memory: 32MB
# VSIM: Retval memory: 32MB
# 
# KERNEL: Main thread initiated.
# KERNEL: Kernel process initialization phase.
# ELAB2: Elaboration final pass...
# ELAB2: Create instances ...
# KERNEL: Time resolution set to 1ps.
# ELAB2: Create instances complete.
# SLP: Started
# SLP: Elaboration phase ...
# SLP: Elaboration phase ... skipped, nothing to simulate in SLP mode : 0.0 [s]
# SLP: Finished : 0.0 [s]
# ELAB2: Elaboration final pass complete - time: 0.0 [s].
# KERNEL: Warning: You are using the Active-HDL Student Edition. The performance of simulation is running at a reduced rate.
# KERNEL: Warning: Contact Aldec for available upgrade options - sales@aldec.com.
# KERNEL: Kernel process initialization done.
# Allocation: Simulator allocated 6491 kB (elbread=427 elab2=5924 kernel=139 sdf=0)
# KERNEL: ASDB file was created in location D:\students\IKM722a_Vorontsov\vhdl\LAB_2\LAB_2\src\wave.asdb
#  15:23, 23 травня 2026 р.
#  Simulation has been initialized
# Waveform file 'untitled.awc' connected to 'D:/students/IKM722a_Vorontsov/vhdl/LAB_2/LAB_2/src/wave.asdb'.
# Waveform file 'untitled.awc' connected to 'D:/students/IKM722a_Vorontsov/vhdl/LAB_2/LAB_2/src/wave.asdb'.
# KERNEL: Warning: KERNEL_0291 Object "/bf4_test_tb/X" has already been traced.
# KERNEL: Warning: KERNEL_0291 Object "/bf4_test_tb/Y_conc_CA" has already been traced.
# KERNEL: Warning: KERNEL_0291 Object "/bf4_test_tb/Y_conc_WS" has already been traced.
# KERNEL: Warning: KERNEL_0291 Object "/bf4_test_tb/Y_const" has already been traced.
# KERNEL: Warning: KERNEL_0291 Object "/bf4_test_tb/Y_logic" has already been traced.
# KERNEL: Warning: KERNEL_0291 Object "/bf4_test_tb/Y_proc_IF" has already been traced.
# KERNEL: Warning: KERNEL_0291 Object "/bf4_test_tb/Y_proc_CASE" has already been traced.
# KERNEL: Warning: KERNEL_0291 Object "/bf4_test_tb/TEST_PHASE" has already been traced.
# KERNEL: Warning: KERNEL_0291 Object "/bf4_test_tb/VERIF_STATE" has already been traced.
wave 
wave -noreg X
wave -noreg Y_conc_CA
wave -noreg Y_conc_WS
wave -noreg Y_const  
wave -noreg Y_logic
wave -noreg Y_proc_IF
wave -noreg Y_proc_CASE
wave -noreg TEST_PHASE
wave -noreg VERIF_STATE
run 350 ns
# KERNEL: Warning: KERNEL_0291 Object "/bf4_test_tb/X" has already been traced.
# KERNEL: Warning: KERNEL_0291 Object "/bf4_test_tb/Y_conc_CA" has already been traced.
# KERNEL: Warning: KERNEL_0291 Object "/bf4_test_tb/Y_conc_WS" has already been traced.
# KERNEL: Warning: KERNEL_0291 Object "/bf4_test_tb/Y_const" has already been traced.
# KERNEL: Warning: KERNEL_0291 Object "/bf4_test_tb/Y_logic" has already been traced.
# KERNEL: Warning: KERNEL_0291 Object "/bf4_test_tb/Y_proc_IF" has already been traced.
# KERNEL: Warning: KERNEL_0291 Object "/bf4_test_tb/Y_proc_CASE" has already been traced.
# KERNEL: Warning: KERNEL_0291 Object "/bf4_test_tb/TEST_PHASE" has already been traced.
# KERNEL: Warning: KERNEL_0291 Object "/bf4_test_tb/VERIF_STATE" has already been traced.
# VSIM: 0 object(s) traced.
# Waveform file 'untitled.awc' connected to 'D:/students/IKM722a_Vorontsov/vhdl/LAB_2/LAB_2/src/wave.asdb'.
# KERNEL: WARNING: NUMERIC_STD.TO_INTEGER: metavalue detected, returning 0
# KERNEL: Time: 0 ps,  Iteration: 0,  Instance: /bf4_test_tb/UUT3,  Process: line__19.
# EXECUTION:: NOTE   : at 0 ps all Ys changed
# EXECUTION:: Time: 0 ps,  Iteration: 3,  Instance: /bf4_test_tb,  Process: output_verify.
# EXECUTION:: ERROR  : error in block bf4_logic when X = 0000
# EXECUTION:: Time: 5 ns,  Iteration: 0,  Instance: /bf4_test_tb,  Process: output_verify.
# EXECUTION:: NOTE   : at 10000 ps all Ys changed
# EXECUTION:: Time: 10 ns,  Iteration: 3,  Instance: /bf4_test_tb,  Process: output_verify.
# EXECUTION:: NOTE   : at 20000 ps all Ys changed
# EXECUTION:: Time: 20 ns,  Iteration: 3,  Instance: /bf4_test_tb,  Process: output_verify.
# EXECUTION:: NOTE   : at 30000 ps all Ys changed
# EXECUTION:: Time: 30 ns,  Iteration: 3,  Instance: /bf4_test_tb,  Process: output_verify.
# EXECUTION:: ERROR  : error in block bf4_logic when X = 0011
# EXECUTION:: Time: 35 ns,  Iteration: 0,  Instance: /bf4_test_tb,  Process: output_verify.
# EXECUTION:: NOTE   : at 50000 ps all Ys changed
# EXECUTION:: Time: 50 ns,  Iteration: 3,  Instance: /bf4_test_tb,  Process: output_verify.
# EXECUTION:: NOTE   : at 60000 ps all Ys changed
# EXECUTION:: Time: 60 ns,  Iteration: 3,  Instance: /bf4_test_tb,  Process: output_verify.
# EXECUTION:: NOTE   : at 70000 ps all Ys changed
# EXECUTION:: Time: 70 ns,  Iteration: 3,  Instance: /bf4_test_tb,  Process: output_verify.
# EXECUTION:: NOTE   : at 80000 ps all Ys changed
# EXECUTION:: Time: 80 ns,  Iteration: 3,  Instance: /bf4_test_tb,  Process: output_verify.
# EXECUTION:: NOTE   : at 90000 ps all Ys changed
# EXECUTION:: Time: 90 ns,  Iteration: 3,  Instance: /bf4_test_tb,  Process: output_verify.
# EXECUTION:: NOTE   : at 100000 ps all Ys changed
# EXECUTION:: Time: 100 ns,  Iteration: 3,  Instance: /bf4_test_tb,  Process: output_verify.
# EXECUTION:: ERROR  : error in block bf4_logic when X = 1010
# EXECUTION:: Time: 105 ns,  Iteration: 0,  Instance: /bf4_test_tb,  Process: output_verify.
# EXECUTION:: NOTE   : at 110000 ps all Ys changed
# EXECUTION:: Time: 110 ns,  Iteration: 3,  Instance: /bf4_test_tb,  Process: output_verify.
# EXECUTION:: ERROR  : error in block bf4_logic when X = 1011
# EXECUTION:: Time: 115 ns,  Iteration: 0,  Instance: /bf4_test_tb,  Process: output_verify.
# EXECUTION:: NOTE   : at 120000 ps all Ys changed
# EXECUTION:: Time: 120 ns,  Iteration: 3,  Instance: /bf4_test_tb,  Process: output_verify.
# EXECUTION:: ERROR  : error in block bf4_logic when X = 1100
# EXECUTION:: Time: 125 ns,  Iteration: 0,  Instance: /bf4_test_tb,  Process: output_verify.
# EXECUTION:: NOTE   : at 130000 ps all Ys changed
# EXECUTION:: Time: 130 ns,  Iteration: 3,  Instance: /bf4_test_tb,  Process: output_verify.
# EXECUTION:: NOTE   : at 140000 ps all Ys changed
# EXECUTION:: Time: 140 ns,  Iteration: 3,  Instance: /bf4_test_tb,  Process: output_verify.
# EXECUTION:: ERROR  : error in block bf4_logic when X = 1110
# EXECUTION:: Time: 145 ns,  Iteration: 0,  Instance: /bf4_test_tb,  Process: output_verify.
# EXECUTION:: NOTE   : at 150000 ps all Ys changed
# EXECUTION:: Time: 150 ns,  Iteration: 3,  Instance: /bf4_test_tb,  Process: output_verify.
# EXECUTION:: ERROR  : error in block bf4_logic when X = 1111
# EXECUTION:: Time: 155 ns,  Iteration: 0,  Instance: /bf4_test_tb,  Process: output_verify.
# KERNEL: WARNING: NUMERIC_STD.TO_INTEGER: metavalue detected, returning 0
# KERNEL: Time: 160 ns,  Iteration: 1,  Instance: /bf4_test_tb/UUT3,  Process: line__19.
# EXECUTION:: NOTE   : at 160000 ps all Ys changed
# EXECUTION:: Time: 160 ns,  Iteration: 3,  Instance: /bf4_test_tb,  Process: output_verify.
# EXECUTION:: ERROR  : not safe response in block bf4_logic when X = X000
# EXECUTION:: Time: 165 ns,  Iteration: 0,  Instance: /bf4_test_tb,  Process: output_verify.
# EXECUTION:: ERROR  : not safe response in block bf4_const when X = X000
# EXECUTION:: Time: 165 ns,  Iteration: 0,  Instance: /bf4_test_tb,  Process: output_verify.
# KERNEL: WARNING: NUMERIC_STD.TO_INTEGER: metavalue detected, returning 0
# KERNEL: Time: 170 ns,  Iteration: 1,  Instance: /bf4_test_tb/UUT3,  Process: line__19.
# EXECUTION:: NOTE   : at 170000 ps all Ys changed
# EXECUTION:: Time: 170 ns,  Iteration: 3,  Instance: /bf4_test_tb,  Process: output_verify.
# EXECUTION:: ERROR  : not safe response in block bf4_logic when X = 0X00
# EXECUTION:: Time: 175 ns,  Iteration: 0,  Instance: /bf4_test_tb,  Process: output_verify.
# EXECUTION:: ERROR  : not safe response in block bf4_const when X = 0X00
# EXECUTION:: Time: 175 ns,  Iteration: 0,  Instance: /bf4_test_tb,  Process: output_verify.
# KERNEL: WARNING: NUMERIC_STD.TO_INTEGER: metavalue detected, returning 0
# KERNEL: Time: 180 ns,  Iteration: 1,  Instance: /bf4_test_tb/UUT3,  Process: line__19.
# EXECUTION:: NOTE   : at 180000 ps all Ys changed
# EXECUTION:: Time: 180 ns,  Iteration: 3,  Instance: /bf4_test_tb,  Process: output_verify.
# EXECUTION:: ERROR  : not safe response in block bf4_logic when X = 00X0
# EXECUTION:: Time: 185 ns,  Iteration: 0,  Instance: /bf4_test_tb,  Process: output_verify.
# EXECUTION:: ERROR  : not safe response in block bf4_const when X = 00X0
# EXECUTION:: Time: 185 ns,  Iteration: 0,  Instance: /bf4_test_tb,  Process: output_verify.
# KERNEL: WARNING: NUMERIC_STD.TO_INTEGER: metavalue detected, returning 0
# KERNEL: Time: 190 ns,  Iteration: 1,  Instance: /bf4_test_tb/UUT3,  Process: line__19.
# EXECUTION:: NOTE   : at 190000 ps all Ys changed
# EXECUTION:: Time: 190 ns,  Iteration: 3,  Instance: /bf4_test_tb,  Process: output_verify.
# EXECUTION:: ERROR  : not safe response in block bf4_logic when X = 000X
# EXECUTION:: Time: 195 ns,  Iteration: 0,  Instance: /bf4_test_tb,  Process: output_verify.
# EXECUTION:: ERROR  : not safe response in block bf4_const when X = 000X
# EXECUTION:: Time: 195 ns,  Iteration: 0,  Instance: /bf4_test_tb,  Process: output_verify.
# KERNEL: WARNING: NUMERIC_STD.TO_INTEGER: metavalue detected, returning 0
# KERNEL: Time: 200 ns,  Iteration: 1,  Instance: /bf4_test_tb/UUT3,  Process: line__19.
# EXECUTION:: NOTE   : at 200000 ps all Ys changed
# EXECUTION:: Time: 200 ns,  Iteration: 3,  Instance: /bf4_test_tb,  Process: output_verify.
# EXECUTION:: ERROR  : not safe response in block bf4_logic when X = U000
# EXECUTION:: Time: 205 ns,  Iteration: 0,  Instance: /bf4_test_tb,  Process: output_verify.
# EXECUTION:: ERROR  : not safe response in block bf4_const when X = U000
# EXECUTION:: Time: 205 ns,  Iteration: 0,  Instance: /bf4_test_tb,  Process: output_verify.
# KERNEL: WARNING: NUMERIC_STD.TO_INTEGER: metavalue detected, returning 0
# KERNEL: Time: 210 ns,  Iteration: 1,  Instance: /bf4_test_tb/UUT3,  Process: line__19.
# EXECUTION:: NOTE   : at 210000 ps all Ys changed
# EXECUTION:: Time: 210 ns,  Iteration: 3,  Instance: /bf4_test_tb,  Process: output_verify.
# EXECUTION:: ERROR  : not safe response in block bf4_logic when X = 0U00
# EXECUTION:: Time: 215 ns,  Iteration: 0,  Instance: /bf4_test_tb,  Process: output_verify.
# EXECUTION:: ERROR  : not safe response in block bf4_const when X = 0U00
# EXECUTION:: Time: 215 ns,  Iteration: 0,  Instance: /bf4_test_tb,  Process: output_verify.
# KERNEL: WARNING: NUMERIC_STD.TO_INTEGER: metavalue detected, returning 0
# KERNEL: Time: 220 ns,  Iteration: 1,  Instance: /bf4_test_tb/UUT3,  Process: line__19.
# EXECUTION:: NOTE   : at 220000 ps all Ys changed
# EXECUTION:: Time: 220 ns,  Iteration: 3,  Instance: /bf4_test_tb,  Process: output_verify.
# EXECUTION:: ERROR  : not safe response in block bf4_logic when X = 00U0
# EXECUTION:: Time: 225 ns,  Iteration: 0,  Instance: /bf4_test_tb,  Process: output_verify.
# EXECUTION:: ERROR  : not safe response in block bf4_const when X = 00U0
# EXECUTION:: Time: 225 ns,  Iteration: 0,  Instance: /bf4_test_tb,  Process: output_verify.
# KERNEL: WARNING: NUMERIC_STD.TO_INTEGER: metavalue detected, returning 0
# KERNEL: Time: 230 ns,  Iteration: 1,  Instance: /bf4_test_tb/UUT3,  Process: line__19.
# EXECUTION:: NOTE   : at 230000 ps all Ys changed
# EXECUTION:: Time: 230 ns,  Iteration: 3,  Instance: /bf4_test_tb,  Process: output_verify.
# EXECUTION:: ERROR  : not safe response in block bf4_logic when X = 000U
# EXECUTION:: Time: 235 ns,  Iteration: 0,  Instance: /bf4_test_tb,  Process: output_verify.
# EXECUTION:: ERROR  : not safe response in block bf4_const when X = 000U
# EXECUTION:: Time: 235 ns,  Iteration: 0,  Instance: /bf4_test_tb,  Process: output_verify.
# EXECUTION:: NOTE   : at 240000 ps all Ys changed
# EXECUTION:: Time: 240 ns,  Iteration: 3,  Instance: /bf4_test_tb,  Process: output_verify.
# EXECUTION:: ERROR  : not safe response in block bf4_logic when X = H000
# EXECUTION:: Time: 245 ns,  Iteration: 0,  Instance: /bf4_test_tb,  Process: output_verify.
# EXECUTION:: ERROR  : not safe response in block bf4_const when X = H000
# EXECUTION:: Time: 245 ns,  Iteration: 0,  Instance: /bf4_test_tb,  Process: output_verify.
# EXECUTION:: NOTE   : at 250000 ps all Ys changed
# EXECUTION:: Time: 250 ns,  Iteration: 3,  Instance: /bf4_test_tb,  Process: output_verify.
# EXECUTION:: ERROR  : not safe response in block bf4_logic when X = 0H00
# EXECUTION:: Time: 255 ns,  Iteration: 0,  Instance: /bf4_test_tb,  Process: output_verify.
# EXECUTION:: ERROR  : not safe response in block bf4_const when X = 0H00
# EXECUTION:: Time: 255 ns,  Iteration: 0,  Instance: /bf4_test_tb,  Process: output_verify.
# EXECUTION:: NOTE   : at 260000 ps all Ys changed
# EXECUTION:: Time: 260 ns,  Iteration: 3,  Instance: /bf4_test_tb,  Process: output_verify.
# EXECUTION:: ERROR  : not safe response in block bf4_logic when X = 00H0
# EXECUTION:: Time: 265 ns,  Iteration: 0,  Instance: /bf4_test_tb,  Process: output_verify.
# EXECUTION:: ERROR  : not safe response in block bf4_const when X = 00H0
# EXECUTION:: Time: 265 ns,  Iteration: 0,  Instance: /bf4_test_tb,  Process: output_verify.
# EXECUTION:: NOTE   : at 270000 ps all Ys changed
# EXECUTION:: Time: 270 ns,  Iteration: 3,  Instance: /bf4_test_tb,  Process: output_verify.
# EXECUTION:: ERROR  : not safe response in block bf4_logic when X = 000H
# EXECUTION:: Time: 275 ns,  Iteration: 0,  Instance: /bf4_test_tb,  Process: output_verify.
# EXECUTION:: ERROR  : not safe response in block bf4_const when X = 000H
# EXECUTION:: Time: 275 ns,  Iteration: 0,  Instance: /bf4_test_tb,  Process: output_verify.
# EXECUTION:: NOTE   : at 280000 ps all Ys changed
# EXECUTION:: Time: 280 ns,  Iteration: 3,  Instance: /bf4_test_tb,  Process: output_verify.
# EXECUTION:: ERROR  : not safe response in block bf4_logic when X = L000
# EXECUTION:: Time: 285 ns,  Iteration: 0,  Instance: /bf4_test_tb,  Process: output_verify.
# EXECUTION:: ERROR  : not safe response in block bf4_const when X = L000
# EXECUTION:: Time: 285 ns,  Iteration: 0,  Instance: /bf4_test_tb,  Process: output_verify.
# KERNEL: stopped at time: 350 ns
# KERNEL: Simulation has finished. There are no more test vectors to simulate.
SetActiveLib -work
comp -include "$dsn\src\bf4_conc_CA.vhd" 
# Compile Entity "bf4_conc_CA"
# Compile Architecture "bf4_conc_CA" of Entity "bf4_conc_CA"
# Compile success 0 Errors 0 Warnings  Analysis time :  31.0 [ms]
comp -include "$dsn\src\bf4_conc_WS.vhd"
# Compile Entity "bf4_conc_WS"
# Compile Architecture "bf4_conc_WS" of Entity "bf4_conc_WS"
# Compile success 0 Errors 0 Warnings  Analysis time :  31.0 [ms]
comp -include "$dsn\src\bf4_const.vhd"
# Compile Entity "bf4_const"
# Compile Architecture "bf4_const" of Entity "bf4_const"
# Error: COMP96_0019: bf4_const.vhd : (29, 2): Keyword 'end' expected.
# Compile failure 1 Errors 0 Warnings  Analysis time :  0.0 [ms]
# Error: DO_001 in file D:\students\IKM722a_Vorontsov\vhdl\LAB_2\LAB_2\src\bf4_K2_TB_runtest.do line 4
# Error: Cannot run D:\students\IKM722a_Vorontsov\vhdl\LAB_2\LAB_2\src\bf4_K2_TB_runtest.do
SetActiveLib -work
comp -include "$dsn\src\bf4_conc_CA.vhd" 
# Compile Entity "bf4_conc_CA"
# Compile Architecture "bf4_conc_CA" of Entity "bf4_conc_CA"
# Compile success 0 Errors 0 Warnings  Analysis time :  16.0 [ms]
comp -include "$dsn\src\bf4_conc_WS.vhd"
# Compile Entity "bf4_conc_WS"
# Compile Architecture "bf4_conc_WS" of Entity "bf4_conc_WS"
# Compile success 0 Errors 0 Warnings  Analysis time :  15.0 [ms]
comp -include "$dsn\src\bf4_const.vhd"
# Compile Entity "bf4_const"
# Compile Architecture "bf4_const" of Entity "bf4_const"
# Error: COMP96_0019: bf4_const.vhd : (29, 2): Keyword 'end' expected.
# Compile failure 1 Errors 0 Warnings  Analysis time :  0.0 [ms]
# Error: DO_001 in file D:\students\IKM722a_Vorontsov\vhdl\LAB_2\LAB_2\src\bf4_K2_TB_runtest.do line 4
# Error: Cannot run D:\students\IKM722a_Vorontsov\vhdl\LAB_2\LAB_2\src\bf4_K2_TB_runtest.do
SetActiveLib -work
comp -include "$dsn\src\bf4_conc_CA.vhd" 
# Compile Entity "bf4_conc_CA"
# Compile Architecture "bf4_conc_CA" of Entity "bf4_conc_CA"
# Compile success 0 Errors 0 Warnings  Analysis time :  16.0 [ms]
comp -include "$dsn\src\bf4_conc_WS.vhd"
# Compile Entity "bf4_conc_WS"
# Compile Architecture "bf4_conc_WS" of Entity "bf4_conc_WS"
# Compile success 0 Errors 0 Warnings  Analysis time :  15.0 [ms]
comp -include "$dsn\src\bf4_const.vhd"
# Compile Entity "bf4_const"
# Compile Architecture "bf4_const" of Entity "bf4_const"
# Compile success 0 Errors 0 Warnings  Analysis time :  31.0 [ms]
comp -include "$dsn\src\bf4_logic.vhd"
# Compile Entity "bf4_logic"
# Compile Architecture "bf4_logic" of Entity "bf4_logic"
# Compile success 0 Errors 0 Warnings  Analysis time :  31.0 [ms]
comp -include "$dsn\src\bf4_proc_IF.vhd"
# Compile Entity "bf4_proc_IF"
# Compile Architecture "bf4_proc_IF" of Entity "bf4_proc_IF"
# Compile success 0 Errors 0 Warnings  Analysis time :  32.0 [ms]
comp -include "$dsn\src\bf4_proc_CASE.vhd"
# Compile Entity "bf4_proc_CASE"
# Compile Architecture "bf4_proc_CASE" of Entity "bf4_proc_CASE"
# Compile success 0 Errors 0 Warnings  Analysis time :  31.0 [ms]
comp -include "$dsn\src\bf4_K2_TB.vhd" 
# Compile Entity "bf4_test_tb"
# Compile Architecture "bf4_test_tb" of Entity "bf4_test_tb"
# Compile success 0 Errors 0 Warnings  Analysis time :  32.0 [ms]
asim +access +r bf4_test_tb 
# VSIM: Simulation has finished.
# ELBREAD: Elaboration process.
# ELBREAD: Elaboration time 0.0 [s].
# VSIM: Stack memory: 32MB
# VSIM: Retval memory: 32MB
# 
# KERNEL: Main thread initiated.
# KERNEL: Kernel process initialization phase.
# ELAB2: Elaboration final pass...
# ELAB2: Create instances ...
# KERNEL: Time resolution set to 1ps.
# ELAB2: Create instances complete.
# SLP: Started
# SLP: Elaboration phase ...
# SLP: Elaboration phase ... skipped, nothing to simulate in SLP mode : 0.0 [s]
# SLP: Finished : 0.0 [s]
# ELAB2: Elaboration final pass complete - time: 0.0 [s].
# KERNEL: Warning: You are using the Active-HDL Student Edition. The performance of simulation is running at a reduced rate.
# KERNEL: Warning: Contact Aldec for available upgrade options - sales@aldec.com.
# KERNEL: Kernel process initialization done.
# Allocation: Simulator allocated 6491 kB (elbread=427 elab2=5924 kernel=139 sdf=0)
# KERNEL: ASDB file was created in location D:\students\IKM722a_Vorontsov\vhdl\LAB_2\LAB_2\src\wave.asdb
#  15:26, 23 травня 2026 р.
#  Simulation has been initialized
wave 
wave -noreg X
wave -noreg Y_conc_CA
wave -noreg Y_conc_WS
wave -noreg Y_const  
wave -noreg Y_logic
wave -noreg Y_proc_IF
wave -noreg Y_proc_CASE
wave -noreg TEST_PHASE
wave -noreg VERIF_STATE
run 350 ns
# VSIM: 9 object(s) traced.
# Waveform file 'untitled.awc' connected to 'D:/students/IKM722a_Vorontsov/vhdl/LAB_2/LAB_2/src/wave.asdb'.
# EXECUTION:: NOTE   : at 0 ps all Ys changed
# EXECUTION:: Time: 0 ps,  Iteration: 3,  Instance: /bf4_test_tb,  Process: output_verify.
# EXECUTION:: ERROR  : error in block bf4_logic when X = 0000
# EXECUTION:: Time: 5 ns,  Iteration: 0,  Instance: /bf4_test_tb,  Process: output_verify.
# EXECUTION:: NOTE   : at 10000 ps all Ys changed
# EXECUTION:: Time: 10 ns,  Iteration: 3,  Instance: /bf4_test_tb,  Process: output_verify.
# EXECUTION:: NOTE   : at 20000 ps all Ys changed
# EXECUTION:: Time: 20 ns,  Iteration: 3,  Instance: /bf4_test_tb,  Process: output_verify.
# EXECUTION:: NOTE   : at 30000 ps all Ys changed
# EXECUTION:: Time: 30 ns,  Iteration: 3,  Instance: /bf4_test_tb,  Process: output_verify.
# EXECUTION:: ERROR  : error in block bf4_logic when X = 0011
# EXECUTION:: Time: 35 ns,  Iteration: 0,  Instance: /bf4_test_tb,  Process: output_verify.
# EXECUTION:: NOTE   : at 50000 ps all Ys changed
# EXECUTION:: Time: 50 ns,  Iteration: 3,  Instance: /bf4_test_tb,  Process: output_verify.
# EXECUTION:: NOTE   : at 60000 ps all Ys changed
# EXECUTION:: Time: 60 ns,  Iteration: 3,  Instance: /bf4_test_tb,  Process: output_verify.
# EXECUTION:: NOTE   : at 70000 ps all Ys changed
# EXECUTION:: Time: 70 ns,  Iteration: 3,  Instance: /bf4_test_tb,  Process: output_verify.
# EXECUTION:: NOTE   : at 80000 ps all Ys changed
# EXECUTION:: Time: 80 ns,  Iteration: 3,  Instance: /bf4_test_tb,  Process: output_verify.
# EXECUTION:: NOTE   : at 90000 ps all Ys changed
# EXECUTION:: Time: 90 ns,  Iteration: 3,  Instance: /bf4_test_tb,  Process: output_verify.
# EXECUTION:: NOTE   : at 100000 ps all Ys changed
# EXECUTION:: Time: 100 ns,  Iteration: 3,  Instance: /bf4_test_tb,  Process: output_verify.
# EXECUTION:: ERROR  : error in block bf4_logic when X = 1010
# EXECUTION:: Time: 105 ns,  Iteration: 0,  Instance: /bf4_test_tb,  Process: output_verify.
# EXECUTION:: NOTE   : at 110000 ps all Ys changed
# EXECUTION:: Time: 110 ns,  Iteration: 3,  Instance: /bf4_test_tb,  Process: output_verify.
# EXECUTION:: ERROR  : error in block bf4_logic when X = 1011
# EXECUTION:: Time: 115 ns,  Iteration: 0,  Instance: /bf4_test_tb,  Process: output_verify.
# EXECUTION:: NOTE   : at 120000 ps all Ys changed
# EXECUTION:: Time: 120 ns,  Iteration: 3,  Instance: /bf4_test_tb,  Process: output_verify.
# EXECUTION:: ERROR  : error in block bf4_logic when X = 1100
# EXECUTION:: Time: 125 ns,  Iteration: 0,  Instance: /bf4_test_tb,  Process: output_verify.
# EXECUTION:: NOTE   : at 130000 ps all Ys changed
# EXECUTION:: Time: 130 ns,  Iteration: 3,  Instance: /bf4_test_tb,  Process: output_verify.
# EXECUTION:: NOTE   : at 140000 ps all Ys changed
# EXECUTION:: Time: 140 ns,  Iteration: 3,  Instance: /bf4_test_tb,  Process: output_verify.
# EXECUTION:: ERROR  : error in block bf4_logic when X = 1110
# EXECUTION:: Time: 145 ns,  Iteration: 0,  Instance: /bf4_test_tb,  Process: output_verify.
# EXECUTION:: NOTE   : at 150000 ps all Ys changed
# EXECUTION:: Time: 150 ns,  Iteration: 3,  Instance: /bf4_test_tb,  Process: output_verify.
# EXECUTION:: ERROR  : error in block bf4_logic when X = 1111
# EXECUTION:: Time: 155 ns,  Iteration: 0,  Instance: /bf4_test_tb,  Process: output_verify.
# EXECUTION:: NOTE   : at 160000 ps all Ys changed
# EXECUTION:: Time: 160 ns,  Iteration: 3,  Instance: /bf4_test_tb,  Process: output_verify.
# EXECUTION:: ERROR  : not safe response in block bf4_logic when X = X000
# EXECUTION:: Time: 165 ns,  Iteration: 0,  Instance: /bf4_test_tb,  Process: output_verify.
# EXECUTION:: NOTE   : at 170000 ps all Ys changed
# EXECUTION:: Time: 170 ns,  Iteration: 3,  Instance: /bf4_test_tb,  Process: output_verify.
# EXECUTION:: ERROR  : not safe response in block bf4_logic when X = 0X00
# EXECUTION:: Time: 175 ns,  Iteration: 0,  Instance: /bf4_test_tb,  Process: output_verify.
# EXECUTION:: NOTE   : at 180000 ps all Ys changed
# EXECUTION:: Time: 180 ns,  Iteration: 3,  Instance: /bf4_test_tb,  Process: output_verify.
# EXECUTION:: ERROR  : not safe response in block bf4_logic when X = 00X0
# EXECUTION:: Time: 185 ns,  Iteration: 0,  Instance: /bf4_test_tb,  Process: output_verify.
# EXECUTION:: NOTE   : at 190000 ps all Ys changed
# EXECUTION:: Time: 190 ns,  Iteration: 3,  Instance: /bf4_test_tb,  Process: output_verify.
# EXECUTION:: ERROR  : not safe response in block bf4_logic when X = 000X
# EXECUTION:: Time: 195 ns,  Iteration: 0,  Instance: /bf4_test_tb,  Process: output_verify.
# EXECUTION:: NOTE   : at 200000 ps all Ys changed
# EXECUTION:: Time: 200 ns,  Iteration: 3,  Instance: /bf4_test_tb,  Process: output_verify.
# EXECUTION:: ERROR  : not safe response in block bf4_logic when X = U000
# EXECUTION:: Time: 205 ns,  Iteration: 0,  Instance: /bf4_test_tb,  Process: output_verify.
# EXECUTION:: NOTE   : at 210000 ps all Ys changed
# EXECUTION:: Time: 210 ns,  Iteration: 3,  Instance: /bf4_test_tb,  Process: output_verify.
# EXECUTION:: ERROR  : not safe response in block bf4_logic when X = 0U00
# EXECUTION:: Time: 215 ns,  Iteration: 0,  Instance: /bf4_test_tb,  Process: output_verify.
# EXECUTION:: NOTE   : at 220000 ps all Ys changed
# EXECUTION:: Time: 220 ns,  Iteration: 3,  Instance: /bf4_test_tb,  Process: output_verify.
# EXECUTION:: ERROR  : not safe response in block bf4_logic when X = 00U0
# EXECUTION:: Time: 225 ns,  Iteration: 0,  Instance: /bf4_test_tb,  Process: output_verify.
# EXECUTION:: NOTE   : at 230000 ps all Ys changed
# EXECUTION:: Time: 230 ns,  Iteration: 3,  Instance: /bf4_test_tb,  Process: output_verify.
# EXECUTION:: ERROR  : not safe response in block bf4_logic when X = 000U
# EXECUTION:: Time: 235 ns,  Iteration: 0,  Instance: /bf4_test_tb,  Process: output_verify.
# EXECUTION:: NOTE   : at 240000 ps all Ys changed
# EXECUTION:: Time: 240 ns,  Iteration: 3,  Instance: /bf4_test_tb,  Process: output_verify.
# EXECUTION:: ERROR  : not safe response in block bf4_logic when X = H000
# EXECUTION:: Time: 245 ns,  Iteration: 0,  Instance: /bf4_test_tb,  Process: output_verify.
# EXECUTION:: ERROR  : not safe response in block bf4_const when X = H000
# EXECUTION:: Time: 245 ns,  Iteration: 0,  Instance: /bf4_test_tb,  Process: output_verify.
# EXECUTION:: NOTE   : at 250000 ps all Ys changed
# EXECUTION:: Time: 250 ns,  Iteration: 3,  Instance: /bf4_test_tb,  Process: output_verify.
# EXECUTION:: ERROR  : not safe response in block bf4_logic when X = 0H00
# EXECUTION:: Time: 255 ns,  Iteration: 0,  Instance: /bf4_test_tb,  Process: output_verify.
# EXECUTION:: ERROR  : not safe response in block bf4_const when X = 0H00
# EXECUTION:: Time: 255 ns,  Iteration: 0,  Instance: /bf4_test_tb,  Process: output_verify.
# EXECUTION:: NOTE   : at 260000 ps all Ys changed
# EXECUTION:: Time: 260 ns,  Iteration: 3,  Instance: /bf4_test_tb,  Process: output_verify.
# EXECUTION:: ERROR  : not safe response in block bf4_logic when X = 00H0
# EXECUTION:: Time: 265 ns,  Iteration: 0,  Instance: /bf4_test_tb,  Process: output_verify.
# EXECUTION:: ERROR  : not safe response in block bf4_const when X = 00H0
# EXECUTION:: Time: 265 ns,  Iteration: 0,  Instance: /bf4_test_tb,  Process: output_verify.
# EXECUTION:: NOTE   : at 270000 ps all Ys changed
# EXECUTION:: Time: 270 ns,  Iteration: 3,  Instance: /bf4_test_tb,  Process: output_verify.
# EXECUTION:: ERROR  : not safe response in block bf4_logic when X = 000H
# EXECUTION:: Time: 275 ns,  Iteration: 0,  Instance: /bf4_test_tb,  Process: output_verify.
# EXECUTION:: ERROR  : not safe response in block bf4_const when X = 000H
# EXECUTION:: Time: 275 ns,  Iteration: 0,  Instance: /bf4_test_tb,  Process: output_verify.
# EXECUTION:: NOTE   : at 280000 ps all Ys changed
# EXECUTION:: Time: 280 ns,  Iteration: 3,  Instance: /bf4_test_tb,  Process: output_verify.
# EXECUTION:: ERROR  : not safe response in block bf4_logic when X = L000
# EXECUTION:: Time: 285 ns,  Iteration: 0,  Instance: /bf4_test_tb,  Process: output_verify.
# EXECUTION:: ERROR  : not safe response in block bf4_const when X = L000
# EXECUTION:: Time: 285 ns,  Iteration: 0,  Instance: /bf4_test_tb,  Process: output_verify.
# KERNEL: stopped at time: 350 ns
# KERNEL: Simulation has finished. There are no more test vectors to simulate.
SetActiveLib -work
comp -include "$dsn\src\bf4_conc_CA.vhd" 
# Compile Entity "bf4_conc_CA"
# Compile Architecture "bf4_conc_CA" of Entity "bf4_conc_CA"
# Compile success 0 Errors 0 Warnings  Analysis time :  32.0 [ms]
comp -include "$dsn\src\bf4_conc_WS.vhd"
# Compile Entity "bf4_conc_WS"
# Compile Architecture "bf4_conc_WS" of Entity "bf4_conc_WS"
# Compile success 0 Errors 0 Warnings  Analysis time :  15.0 [ms]
comp -include "$dsn\src\bf4_const.vhd"
# Compile Entity "bf4_const"
# Compile Architecture "bf4_const" of Entity "bf4_const"
# Compile success 0 Errors 0 Warnings  Analysis time :  16.0 [ms]
comp -include "$dsn\src\bf4_logic.vhd"
# Compile Entity "bf4_logic"
# Compile Architecture "bf4_logic" of Entity "bf4_logic"
# Compile success 0 Errors 0 Warnings  Analysis time :  62.0 [ms]
comp -include "$dsn\src\bf4_proc_IF.vhd"
# Compile Entity "bf4_proc_IF"
# Compile Architecture "bf4_proc_IF" of Entity "bf4_proc_IF"
# Compile success 0 Errors 0 Warnings  Analysis time :  16.0 [ms]
comp -include "$dsn\src\bf4_proc_CASE.vhd"
# Compile Entity "bf4_proc_CASE"
# Compile Architecture "bf4_proc_CASE" of Entity "bf4_proc_CASE"
# Compile success 0 Errors 0 Warnings  Analysis time :  31.0 [ms]
comp -include "$dsn\src\bf4_K2_TB.vhd" 
# Compile Entity "bf4_test_tb"
# Compile Architecture "bf4_test_tb" of Entity "bf4_test_tb"
# Compile success 0 Errors 0 Warnings  Analysis time :  31.0 [ms]
asim +access +r bf4_test_tb 
# VSIM: Simulation has finished.
# ELBREAD: Elaboration process.
# ELBREAD: Elaboration time 0.0 [s].
# VSIM: Stack memory: 32MB
# VSIM: Retval memory: 32MB
# 
# KERNEL: Main thread initiated.
# KERNEL: Kernel process initialization phase.
# ELAB2: Elaboration final pass...
# ELAB2: Create instances ...
# KERNEL: Time resolution set to 1ps.
# ELAB2: Create instances complete.
# SLP: Started
# SLP: Elaboration phase ...
# SLP: Elaboration phase ... skipped, nothing to simulate in SLP mode : 0.0 [s]
# SLP: Finished : 0.0 [s]
# ELAB2: Elaboration final pass complete - time: 0.0 [s].
# KERNEL: Warning: You are using the Active-HDL Student Edition. The performance of simulation is running at a reduced rate.
# KERNEL: Warning: Contact Aldec for available upgrade options - sales@aldec.com.
# KERNEL: Kernel process initialization done.
# Allocation: Simulator allocated 6490 kB (elbread=427 elab2=5923 kernel=139 sdf=0)
# KERNEL: ASDB file was created in location D:\students\IKM722a_Vorontsov\vhdl\LAB_2\LAB_2\src\wave.asdb
#  15:27, 23 травня 2026 р.
#  Simulation has been initialized
wave 
wave -noreg X
wave -noreg Y_conc_CA
wave -noreg Y_conc_WS
wave -noreg Y_const  
wave -noreg Y_logic
wave -noreg Y_proc_IF
wave -noreg Y_proc_CASE
wave -noreg TEST_PHASE
wave -noreg VERIF_STATE
run 350 ns
# VSIM: 9 object(s) traced.
# Waveform file 'untitled.awc' connected to 'D:/students/IKM722a_Vorontsov/vhdl/LAB_2/LAB_2/src/wave.asdb'.
# EXECUTION:: NOTE   : at 0 ps all Ys changed
# EXECUTION:: Time: 0 ps,  Iteration: 1,  Instance: /bf4_test_tb,  Process: output_verify.
# EXECUTION:: NOTE   : at 10000 ps all Ys changed
# EXECUTION:: Time: 10 ns,  Iteration: 3,  Instance: /bf4_test_tb,  Process: output_verify.
# EXECUTION:: NOTE   : at 20000 ps all Ys changed
# EXECUTION:: Time: 20 ns,  Iteration: 3,  Instance: /bf4_test_tb,  Process: output_verify.
# EXECUTION:: NOTE   : at 30000 ps all Ys changed
# EXECUTION:: Time: 30 ns,  Iteration: 3,  Instance: /bf4_test_tb,  Process: output_verify.
# EXECUTION:: NOTE   : at 40000 ps all Ys changed
# EXECUTION:: Time: 40 ns,  Iteration: 3,  Instance: /bf4_test_tb,  Process: output_verify.
# EXECUTION:: NOTE   : at 50000 ps all Ys changed
# EXECUTION:: Time: 50 ns,  Iteration: 3,  Instance: /bf4_test_tb,  Process: output_verify.
# EXECUTION:: NOTE   : at 60000 ps all Ys changed
# EXECUTION:: Time: 60 ns,  Iteration: 3,  Instance: /bf4_test_tb,  Process: output_verify.
# EXECUTION:: NOTE   : at 70000 ps all Ys changed
# EXECUTION:: Time: 70 ns,  Iteration: 4,  Instance: /bf4_test_tb,  Process: output_verify.
# EXECUTION:: NOTE   : at 80000 ps all Ys changed
# EXECUTION:: Time: 80 ns,  Iteration: 3,  Instance: /bf4_test_tb,  Process: output_verify.
# EXECUTION:: NOTE   : at 90000 ps all Ys changed
# EXECUTION:: Time: 90 ns,  Iteration: 3,  Instance: /bf4_test_tb,  Process: output_verify.
# EXECUTION:: NOTE   : at 100000 ps all Ys changed
# EXECUTION:: Time: 100 ns,  Iteration: 3,  Instance: /bf4_test_tb,  Process: output_verify.
# EXECUTION:: NOTE   : at 110000 ps all Ys changed
# EXECUTION:: Time: 110 ns,  Iteration: 3,  Instance: /bf4_test_tb,  Process: output_verify.
# EXECUTION:: NOTE   : at 120000 ps all Ys changed
# EXECUTION:: Time: 120 ns,  Iteration: 3,  Instance: /bf4_test_tb,  Process: output_verify.
# EXECUTION:: NOTE   : at 130000 ps all Ys changed
# EXECUTION:: Time: 130 ns,  Iteration: 4,  Instance: /bf4_test_tb,  Process: output_verify.
# EXECUTION:: NOTE   : at 140000 ps all Ys changed
# EXECUTION:: Time: 140 ns,  Iteration: 4,  Instance: /bf4_test_tb,  Process: output_verify.
# EXECUTION:: NOTE   : at 150000 ps all Ys changed
# EXECUTION:: Time: 150 ns,  Iteration: 3,  Instance: /bf4_test_tb,  Process: output_verify.
# EXECUTION:: NOTE   : at 160000 ps all Ys changed
# EXECUTION:: Time: 160 ns,  Iteration: 2,  Instance: /bf4_test_tb,  Process: output_verify.
# EXECUTION:: NOTE   : at 240000 ps all Ys changed
# EXECUTION:: Time: 240 ns,  Iteration: 2,  Instance: /bf4_test_tb,  Process: output_verify.
# EXECUTION:: ERROR  : not safe response in block bf4_logic when X = H000
# EXECUTION:: Time: 245 ns,  Iteration: 0,  Instance: /bf4_test_tb,  Process: output_verify.
# EXECUTION:: ERROR  : not safe response in block bf4_const when X = H000
# EXECUTION:: Time: 245 ns,  Iteration: 0,  Instance: /bf4_test_tb,  Process: output_verify.
# EXECUTION:: NOTE   : at 250000 ps all Ys changed
# EXECUTION:: Time: 250 ns,  Iteration: 3,  Instance: /bf4_test_tb,  Process: output_verify.
# EXECUTION:: ERROR  : not safe response in block bf4_logic when X = 0H00
# EXECUTION:: Time: 255 ns,  Iteration: 0,  Instance: /bf4_test_tb,  Process: output_verify.
# EXECUTION:: ERROR  : not safe response in block bf4_const when X = 0H00
# EXECUTION:: Time: 255 ns,  Iteration: 0,  Instance: /bf4_test_tb,  Process: output_verify.
# EXECUTION:: NOTE   : at 260000 ps all Ys changed
# EXECUTION:: Time: 260 ns,  Iteration: 3,  Instance: /bf4_test_tb,  Process: output_verify.
# EXECUTION:: ERROR  : not safe response in block bf4_logic when X = 00H0
# EXECUTION:: Time: 265 ns,  Iteration: 0,  Instance: /bf4_test_tb,  Process: output_verify.
# EXECUTION:: ERROR  : not safe response in block bf4_const when X = 00H0
# EXECUTION:: Time: 265 ns,  Iteration: 0,  Instance: /bf4_test_tb,  Process: output_verify.
# EXECUTION:: NOTE   : at 270000 ps all Ys changed
# EXECUTION:: Time: 270 ns,  Iteration: 3,  Instance: /bf4_test_tb,  Process: output_verify.
# EXECUTION:: ERROR  : not safe response in block bf4_logic when X = 000H
# EXECUTION:: Time: 275 ns,  Iteration: 0,  Instance: /bf4_test_tb,  Process: output_verify.
# EXECUTION:: ERROR  : not safe response in block bf4_const when X = 000H
# EXECUTION:: Time: 275 ns,  Iteration: 0,  Instance: /bf4_test_tb,  Process: output_verify.
# EXECUTION:: NOTE   : at 280000 ps all Ys changed
# EXECUTION:: Time: 280 ns,  Iteration: 3,  Instance: /bf4_test_tb,  Process: output_verify.
# EXECUTION:: ERROR  : not safe response in block bf4_logic when X = L000
# EXECUTION:: Time: 285 ns,  Iteration: 0,  Instance: /bf4_test_tb,  Process: output_verify.
# EXECUTION:: ERROR  : not safe response in block bf4_const when X = L000
# EXECUTION:: Time: 285 ns,  Iteration: 0,  Instance: /bf4_test_tb,  Process: output_verify.
# KERNEL: stopped at time: 350 ns
# KERNEL: Simulation has finished. There are no more test vectors to simulate.
SetActiveLib -work
comp -include "$dsn\src\bf4_conc_CA.vhd" 
# Compile Entity "bf4_conc_CA"
# Compile Architecture "bf4_conc_CA" of Entity "bf4_conc_CA"
# Compile success 0 Errors 0 Warnings  Analysis time :  31.0 [ms]
comp -include "$dsn\src\bf4_conc_WS.vhd"
# Compile Entity "bf4_conc_WS"
# Compile Architecture "bf4_conc_WS" of Entity "bf4_conc_WS"
# Compile success 0 Errors 0 Warnings  Analysis time :  16.0 [ms]
comp -include "$dsn\src\bf4_const.vhd"
# Compile Entity "bf4_const"
# Compile Architecture "bf4_const" of Entity "bf4_const"
# Compile success 0 Errors 0 Warnings  Analysis time :  31.0 [ms]
comp -include "$dsn\src\bf4_logic.vhd"
# Compile Entity "bf4_logic"
# Compile Architecture "bf4_logic" of Entity "bf4_logic"
# Compile success 0 Errors 0 Warnings  Analysis time :  32.0 [ms]
comp -include "$dsn\src\bf4_proc_IF.vhd"
# Compile Entity "bf4_proc_IF"
# Compile Architecture "bf4_proc_IF" of Entity "bf4_proc_IF"
# Compile success 0 Errors 0 Warnings  Analysis time :  15.0 [ms]
comp -include "$dsn\src\bf4_proc_CASE.vhd"
# Compile Entity "bf4_proc_CASE"
# Compile Architecture "bf4_proc_CASE" of Entity "bf4_proc_CASE"
# Compile success 0 Errors 0 Warnings  Analysis time :  31.0 [ms]
comp -include "$dsn\src\bf4_K2_TB.vhd" 
# Compile Entity "bf4_test_tb"
# Compile Architecture "bf4_test_tb" of Entity "bf4_test_tb"
# Compile success 0 Errors 0 Warnings  Analysis time :  32.0 [ms]
asim +access +r bf4_test_tb 
# VSIM: Simulation has finished.
# ELBREAD: Elaboration process.
# ELBREAD: Elaboration time 0.0 [s].
# VSIM: Stack memory: 32MB
# VSIM: Retval memory: 32MB
# 
# KERNEL: Main thread initiated.
# KERNEL: Kernel process initialization phase.
# ELAB2: Elaboration final pass...
# ELAB2: Create instances ...
# KERNEL: Time resolution set to 1ps.
# ELAB2: Create instances complete.
# SLP: Started
# SLP: Elaboration phase ...
# SLP: Elaboration phase ... skipped, nothing to simulate in SLP mode : 0.0 [s]
# SLP: Finished : 0.0 [s]
# ELAB2: Elaboration final pass complete - time: 0.0 [s].
# KERNEL: Warning: You are using the Active-HDL Student Edition. The performance of simulation is running at a reduced rate.
# KERNEL: Warning: Contact Aldec for available upgrade options - sales@aldec.com.
# KERNEL: Kernel process initialization done.
# Allocation: Simulator allocated 6490 kB (elbread=427 elab2=5924 kernel=139 sdf=0)
# KERNEL: ASDB file was created in location D:\students\IKM722a_Vorontsov\vhdl\LAB_2\LAB_2\src\wave.asdb
#  15:29, 23 травня 2026 р.
#  Simulation has been initialized
wave 
wave -noreg X
wave -noreg Y_conc_CA
wave -noreg Y_conc_WS
wave -noreg Y_const  
wave -noreg Y_logic
wave -noreg Y_proc_IF
wave -noreg Y_proc_CASE
wave -noreg TEST_PHASE
wave -noreg VERIF_STATE
run 350 ns
# VSIM: 9 object(s) traced.
# Waveform file 'untitled.awc' connected to 'D:/students/IKM722a_Vorontsov/vhdl/LAB_2/LAB_2/src/wave.asdb'.
# EXECUTION:: NOTE   : at 0 ps all Ys changed
# EXECUTION:: Time: 0 ps,  Iteration: 1,  Instance: /bf4_test_tb,  Process: output_verify.
# EXECUTION:: NOTE   : at 10000 ps all Ys changed
# EXECUTION:: Time: 10 ns,  Iteration: 3,  Instance: /bf4_test_tb,  Process: output_verify.
# EXECUTION:: NOTE   : at 20000 ps all Ys changed
# EXECUTION:: Time: 20 ns,  Iteration: 3,  Instance: /bf4_test_tb,  Process: output_verify.
# EXECUTION:: NOTE   : at 30000 ps all Ys changed
# EXECUTION:: Time: 30 ns,  Iteration: 3,  Instance: /bf4_test_tb,  Process: output_verify.
# EXECUTION:: ERROR  : error in block bf4_logic when X = 0011
# EXECUTION:: Time: 35 ns,  Iteration: 0,  Instance: /bf4_test_tb,  Process: output_verify.
# EXECUTION:: ERROR  : error in block bf4_conc_CA when X = 0011
# EXECUTION:: Time: 35 ns,  Iteration: 0,  Instance: /bf4_test_tb,  Process: output_verify.
# EXECUTION:: ERROR  : error in block bf4_conc_WS when X = 0011
# EXECUTION:: Time: 35 ns,  Iteration: 0,  Instance: /bf4_test_tb,  Process: output_verify.
# EXECUTION:: ERROR  : error in block bf4_const when X = 0011
# EXECUTION:: Time: 35 ns,  Iteration: 0,  Instance: /bf4_test_tb,  Process: output_verify.
# EXECUTION:: ERROR  : error in block bf4_proc_IF when X = 0011
# EXECUTION:: Time: 35 ns,  Iteration: 0,  Instance: /bf4_test_tb,  Process: output_verify.
# EXECUTION:: ERROR  : error in block bf4_proc_CASE when X = 0011
# EXECUTION:: Time: 35 ns,  Iteration: 0,  Instance: /bf4_test_tb,  Process: output_verify.
# EXECUTION:: NOTE   : at 40000 ps all Ys changed
# EXECUTION:: Time: 40 ns,  Iteration: 3,  Instance: /bf4_test_tb,  Process: output_verify.
# EXECUTION:: NOTE   : at 50000 ps all Ys changed
# EXECUTION:: Time: 50 ns,  Iteration: 3,  Instance: /bf4_test_tb,  Process: output_verify.
# EXECUTION:: NOTE   : at 60000 ps all Ys changed
# EXECUTION:: Time: 60 ns,  Iteration: 3,  Instance: /bf4_test_tb,  Process: output_verify.
# EXECUTION:: NOTE   : at 70000 ps all Ys changed
# EXECUTION:: Time: 70 ns,  Iteration: 4,  Instance: /bf4_test_tb,  Process: output_verify.
# EXECUTION:: ERROR  : error in block bf4_logic when X = 0111
# EXECUTION:: Time: 75 ns,  Iteration: 0,  Instance: /bf4_test_tb,  Process: output_verify.
# EXECUTION:: ERROR  : error in block bf4_conc_CA when X = 0111
# EXECUTION:: Time: 75 ns,  Iteration: 0,  Instance: /bf4_test_tb,  Process: output_verify.
# EXECUTION:: ERROR  : error in block bf4_conc_WS when X = 0111
# EXECUTION:: Time: 75 ns,  Iteration: 0,  Instance: /bf4_test_tb,  Process: output_verify.
# EXECUTION:: ERROR  : error in block bf4_const when X = 0111
# EXECUTION:: Time: 75 ns,  Iteration: 0,  Instance: /bf4_test_tb,  Process: output_verify.
# EXECUTION:: ERROR  : error in block bf4_proc_IF when X = 0111
# EXECUTION:: Time: 75 ns,  Iteration: 0,  Instance: /bf4_test_tb,  Process: output_verify.
# EXECUTION:: ERROR  : error in block bf4_proc_CASE when X = 0111
# EXECUTION:: Time: 75 ns,  Iteration: 0,  Instance: /bf4_test_tb,  Process: output_verify.
# EXECUTION:: NOTE   : at 80000 ps all Ys changed
# EXECUTION:: Time: 80 ns,  Iteration: 3,  Instance: /bf4_test_tb,  Process: output_verify.
# EXECUTION:: NOTE   : at 90000 ps all Ys changed
# EXECUTION:: Time: 90 ns,  Iteration: 3,  Instance: /bf4_test_tb,  Process: output_verify.
# EXECUTION:: NOTE   : at 100000 ps all Ys changed
# EXECUTION:: Time: 100 ns,  Iteration: 3,  Instance: /bf4_test_tb,  Process: output_verify.
# EXECUTION:: NOTE   : at 110000 ps all Ys changed
# EXECUTION:: Time: 110 ns,  Iteration: 3,  Instance: /bf4_test_tb,  Process: output_verify.
# EXECUTION:: NOTE   : at 120000 ps all Ys changed
# EXECUTION:: Time: 120 ns,  Iteration: 3,  Instance: /bf4_test_tb,  Process: output_verify.
# EXECUTION:: NOTE   : at 130000 ps all Ys changed
# EXECUTION:: Time: 130 ns,  Iteration: 4,  Instance: /bf4_test_tb,  Process: output_verify.
# EXECUTION:: NOTE   : at 140000 ps all Ys changed
# EXECUTION:: Time: 140 ns,  Iteration: 4,  Instance: /bf4_test_tb,  Process: output_verify.
# EXECUTION:: NOTE   : at 150000 ps all Ys changed
# EXECUTION:: Time: 150 ns,  Iteration: 3,  Instance: /bf4_test_tb,  Process: output_verify.
# EXECUTION:: NOTE   : at 160000 ps all Ys changed
# EXECUTION:: Time: 160 ns,  Iteration: 2,  Instance: /bf4_test_tb,  Process: output_verify.
# EXECUTION:: ERROR  : not safe response in block bf4_proc_IF when X = X000
# EXECUTION:: Time: 165 ns,  Iteration: 0,  Instance: /bf4_test_tb,  Process: output_verify.
# EXECUTION:: ERROR  : not safe response in block bf4_proc_CASE when X = X000
# EXECUTION:: Time: 165 ns,  Iteration: 0,  Instance: /bf4_test_tb,  Process: output_verify.
# EXECUTION:: NOTE   : at 240000 ps all Ys changed
# EXECUTION:: Time: 240 ns,  Iteration: 2,  Instance: /bf4_test_tb,  Process: output_verify.
# EXECUTION:: ERROR  : not safe response in block bf4_logic when X = H000
# EXECUTION:: Time: 245 ns,  Iteration: 0,  Instance: /bf4_test_tb,  Process: output_verify.
# EXECUTION:: ERROR  : not safe response in block bf4_const when X = H000
# EXECUTION:: Time: 245 ns,  Iteration: 0,  Instance: /bf4_test_tb,  Process: output_verify.
# EXECUTION:: ERROR  : not safe response in block bf4_proc_IF when X = H000
# EXECUTION:: Time: 245 ns,  Iteration: 0,  Instance: /bf4_test_tb,  Process: output_verify.
# EXECUTION:: ERROR  : not safe response in block bf4_proc_CASE when X = H000
# EXECUTION:: Time: 245 ns,  Iteration: 0,  Instance: /bf4_test_tb,  Process: output_verify.
# EXECUTION:: NOTE   : at 250000 ps all Ys changed
# EXECUTION:: Time: 250 ns,  Iteration: 3,  Instance: /bf4_test_tb,  Process: output_verify.
# EXECUTION:: ERROR  : not safe response in block bf4_logic when X = 0H00
# EXECUTION:: Time: 255 ns,  Iteration: 0,  Instance: /bf4_test_tb,  Process: output_verify.
# EXECUTION:: ERROR  : not safe response in block bf4_const when X = 0H00
# EXECUTION:: Time: 255 ns,  Iteration: 0,  Instance: /bf4_test_tb,  Process: output_verify.
# EXECUTION:: ERROR  : not safe response in block bf4_proc_IF when X = 0H00
# EXECUTION:: Time: 255 ns,  Iteration: 0,  Instance: /bf4_test_tb,  Process: output_verify.
# EXECUTION:: ERROR  : not safe response in block bf4_proc_CASE when X = 0H00
# EXECUTION:: Time: 255 ns,  Iteration: 0,  Instance: /bf4_test_tb,  Process: output_verify.
# EXECUTION:: NOTE   : at 260000 ps all Ys changed
# EXECUTION:: Time: 260 ns,  Iteration: 3,  Instance: /bf4_test_tb,  Process: output_verify.
# EXECUTION:: ERROR  : not safe response in block bf4_logic when X = 00H0
# EXECUTION:: Time: 265 ns,  Iteration: 0,  Instance: /bf4_test_tb,  Process: output_verify.
# EXECUTION:: ERROR  : not safe response in block bf4_const when X = 00H0
# EXECUTION:: Time: 265 ns,  Iteration: 0,  Instance: /bf4_test_tb,  Process: output_verify.
# EXECUTION:: ERROR  : not safe response in block bf4_proc_IF when X = 00H0
# EXECUTION:: Time: 265 ns,  Iteration: 0,  Instance: /bf4_test_tb,  Process: output_verify.
# EXECUTION:: ERROR  : not safe response in block bf4_proc_CASE when X = 00H0
# EXECUTION:: Time: 265 ns,  Iteration: 0,  Instance: /bf4_test_tb,  Process: output_verify.
# EXECUTION:: NOTE   : at 270000 ps all Ys changed
# EXECUTION:: Time: 270 ns,  Iteration: 3,  Instance: /bf4_test_tb,  Process: output_verify.
# EXECUTION:: ERROR  : not safe response in block bf4_logic when X = 000H
# EXECUTION:: Time: 275 ns,  Iteration: 0,  Instance: /bf4_test_tb,  Process: output_verify.
# EXECUTION:: ERROR  : not safe response in block bf4_const when X = 000H
# EXECUTION:: Time: 275 ns,  Iteration: 0,  Instance: /bf4_test_tb,  Process: output_verify.
# EXECUTION:: ERROR  : not safe response in block bf4_proc_IF when X = 000H
# EXECUTION:: Time: 275 ns,  Iteration: 0,  Instance: /bf4_test_tb,  Process: output_verify.
# EXECUTION:: ERROR  : not safe response in block bf4_proc_CASE when X = 000H
# EXECUTION:: Time: 275 ns,  Iteration: 0,  Instance: /bf4_test_tb,  Process: output_verify.
# EXECUTION:: NOTE   : at 280000 ps all Ys changed
# EXECUTION:: Time: 280 ns,  Iteration: 3,  Instance: /bf4_test_tb,  Process: output_verify.
# EXECUTION:: ERROR  : not safe response in block bf4_logic when X = L000
# EXECUTION:: Time: 285 ns,  Iteration: 0,  Instance: /bf4_test_tb,  Process: output_verify.
# EXECUTION:: ERROR  : not safe response in block bf4_const when X = L000
# EXECUTION:: Time: 285 ns,  Iteration: 0,  Instance: /bf4_test_tb,  Process: output_verify.
# EXECUTION:: ERROR  : not safe response in block bf4_proc_IF when X = L000
# EXECUTION:: Time: 285 ns,  Iteration: 0,  Instance: /bf4_test_tb,  Process: output_verify.
# EXECUTION:: ERROR  : not safe response in block bf4_proc_CASE when X = L000
# EXECUTION:: Time: 285 ns,  Iteration: 0,  Instance: /bf4_test_tb,  Process: output_verify.
# KERNEL: stopped at time: 350 ns
# KERNEL: Simulation has finished. There are no more test vectors to simulate.
SetActiveLib -work
comp -include "$dsn\src\bf4_conc_CA.vhd" 
# Compile Entity "bf4_conc_CA"
# Compile Architecture "bf4_conc_CA" of Entity "bf4_conc_CA"
# Compile success 0 Errors 0 Warnings  Analysis time :  31.0 [ms]
comp -include "$dsn\src\bf4_conc_WS.vhd"
# Compile Entity "bf4_conc_WS"
# Compile Architecture "bf4_conc_WS" of Entity "bf4_conc_WS"
# Compile success 0 Errors 0 Warnings  Analysis time :  16.0 [ms]
comp -include "$dsn\src\bf4_const.vhd"
# Compile Entity "bf4_const"
# Compile Architecture "bf4_const" of Entity "bf4_const"
# Compile success 0 Errors 0 Warnings  Analysis time :  31.0 [ms]
comp -include "$dsn\src\bf4_logic.vhd"
# Compile Entity "bf4_logic"
# Compile Architecture "bf4_logic" of Entity "bf4_logic"
# Compile success 0 Errors 0 Warnings  Analysis time :  47.0 [ms]
comp -include "$dsn\src\bf4_proc_IF.vhd"
# Compile Entity "bf4_proc_IF"
# Compile Architecture "bf4_proc_IF" of Entity "bf4_proc_IF"
# Compile success 0 Errors 0 Warnings  Analysis time :  15.0 [ms]
comp -include "$dsn\src\bf4_proc_CASE.vhd"
# Compile Entity "bf4_proc_CASE"
# Compile Architecture "bf4_proc_CASE" of Entity "bf4_proc_CASE"
# Compile success 0 Errors 0 Warnings  Analysis time :  16.0 [ms]
comp -include "$dsn\src\bf4_K2_TB.vhd" 
# Compile Entity "bf4_test_tb"
# Compile Architecture "bf4_test_tb" of Entity "bf4_test_tb"
# Compile success 0 Errors 0 Warnings  Analysis time :  47.0 [ms]
asim +access +r bf4_test_tb 
# VSIM: Simulation has finished.
# ELBREAD: Elaboration process.
# ELBREAD: Elaboration time 0.0 [s].
# VSIM: Stack memory: 32MB
# VSIM: Retval memory: 32MB
# 
# KERNEL: Main thread initiated.
# KERNEL: Kernel process initialization phase.
# ELAB2: Elaboration final pass...
# ELAB2: Create instances ...
# KERNEL: Time resolution set to 1ps.
# ELAB2: Create instances complete.
# SLP: Started
# SLP: Elaboration phase ...
# SLP: Elaboration phase ... skipped, nothing to simulate in SLP mode : 0.0 [s]
# SLP: Finished : 0.0 [s]
# ELAB2: Elaboration final pass complete - time: 0.0 [s].
# KERNEL: Warning: You are using the Active-HDL Student Edition. The performance of simulation is running at a reduced rate.
# KERNEL: Warning: Contact Aldec for available upgrade options - sales@aldec.com.
# KERNEL: Kernel process initialization done.
# Allocation: Simulator allocated 6490 kB (elbread=427 elab2=5924 kernel=139 sdf=0)
# KERNEL: ASDB file was created in location D:\students\IKM722a_Vorontsov\vhdl\LAB_2\LAB_2\src\wave.asdb
#  15:29, 23 травня 2026 р.
#  Simulation has been initialized
wave 
wave -noreg X
wave -noreg Y_conc_CA
wave -noreg Y_conc_WS
wave -noreg Y_const  
wave -noreg Y_logic
wave -noreg Y_proc_IF
wave -noreg Y_proc_CASE
wave -noreg TEST_PHASE
wave -noreg VERIF_STATE
run 350 ns
# VSIM: 9 object(s) traced.
# Waveform file 'untitled.awc' connected to 'D:/students/IKM722a_Vorontsov/vhdl/LAB_2/LAB_2/src/wave.asdb'.
# EXECUTION:: NOTE   : at 0 ps all Ys changed
# EXECUTION:: Time: 0 ps,  Iteration: 1,  Instance: /bf4_test_tb,  Process: output_verify.
# EXECUTION:: NOTE   : at 10000 ps all Ys changed
# EXECUTION:: Time: 10 ns,  Iteration: 3,  Instance: /bf4_test_tb,  Process: output_verify.
# EXECUTION:: NOTE   : at 20000 ps all Ys changed
# EXECUTION:: Time: 20 ns,  Iteration: 3,  Instance: /bf4_test_tb,  Process: output_verify.
# EXECUTION:: NOTE   : at 30000 ps all Ys changed
# EXECUTION:: Time: 30 ns,  Iteration: 3,  Instance: /bf4_test_tb,  Process: output_verify.
# EXECUTION:: ERROR  : error in block bf4_logic when X = 0011
# EXECUTION:: Time: 35 ns,  Iteration: 0,  Instance: /bf4_test_tb,  Process: output_verify.
# EXECUTION:: ERROR  : error in block bf4_conc_CA when X = 0011
# EXECUTION:: Time: 35 ns,  Iteration: 0,  Instance: /bf4_test_tb,  Process: output_verify.
# EXECUTION:: ERROR  : error in block bf4_conc_WS when X = 0011
# EXECUTION:: Time: 35 ns,  Iteration: 0,  Instance: /bf4_test_tb,  Process: output_verify.
# EXECUTION:: ERROR  : error in block bf4_const when X = 0011
# EXECUTION:: Time: 35 ns,  Iteration: 0,  Instance: /bf4_test_tb,  Process: output_verify.
# EXECUTION:: ERROR  : error in block bf4_proc_IF when X = 0011
# EXECUTION:: Time: 35 ns,  Iteration: 0,  Instance: /bf4_test_tb,  Process: output_verify.
# EXECUTION:: ERROR  : error in block bf4_proc_CASE when X = 0011
# EXECUTION:: Time: 35 ns,  Iteration: 0,  Instance: /bf4_test_tb,  Process: output_verify.
# EXECUTION:: NOTE   : at 40000 ps all Ys changed
# EXECUTION:: Time: 40 ns,  Iteration: 3,  Instance: /bf4_test_tb,  Process: output_verify.
# EXECUTION:: NOTE   : at 50000 ps all Ys changed
# EXECUTION:: Time: 50 ns,  Iteration: 3,  Instance: /bf4_test_tb,  Process: output_verify.
# EXECUTION:: NOTE   : at 60000 ps all Ys changed
# EXECUTION:: Time: 60 ns,  Iteration: 3,  Instance: /bf4_test_tb,  Process: output_verify.
# EXECUTION:: NOTE   : at 70000 ps all Ys changed
# EXECUTION:: Time: 70 ns,  Iteration: 4,  Instance: /bf4_test_tb,  Process: output_verify.
# EXECUTION:: ERROR  : error in block bf4_logic when X = 0111
# EXECUTION:: Time: 75 ns,  Iteration: 0,  Instance: /bf4_test_tb,  Process: output_verify.
# EXECUTION:: ERROR  : error in block bf4_conc_CA when X = 0111
# EXECUTION:: Time: 75 ns,  Iteration: 0,  Instance: /bf4_test_tb,  Process: output_verify.
# EXECUTION:: ERROR  : error in block bf4_conc_WS when X = 0111
# EXECUTION:: Time: 75 ns,  Iteration: 0,  Instance: /bf4_test_tb,  Process: output_verify.
# EXECUTION:: ERROR  : error in block bf4_const when X = 0111
# EXECUTION:: Time: 75 ns,  Iteration: 0,  Instance: /bf4_test_tb,  Process: output_verify.
# EXECUTION:: ERROR  : error in block bf4_proc_IF when X = 0111
# EXECUTION:: Time: 75 ns,  Iteration: 0,  Instance: /bf4_test_tb,  Process: output_verify.
# EXECUTION:: ERROR  : error in block bf4_proc_CASE when X = 0111
# EXECUTION:: Time: 75 ns,  Iteration: 0,  Instance: /bf4_test_tb,  Process: output_verify.
# EXECUTION:: NOTE   : at 80000 ps all Ys changed
# EXECUTION:: Time: 80 ns,  Iteration: 3,  Instance: /bf4_test_tb,  Process: output_verify.
# EXECUTION:: NOTE   : at 90000 ps all Ys changed
# EXECUTION:: Time: 90 ns,  Iteration: 3,  Instance: /bf4_test_tb,  Process: output_verify.
# EXECUTION:: NOTE   : at 100000 ps all Ys changed
# EXECUTION:: Time: 100 ns,  Iteration: 3,  Instance: /bf4_test_tb,  Process: output_verify.
# EXECUTION:: NOTE   : at 110000 ps all Ys changed
# EXECUTION:: Time: 110 ns,  Iteration: 3,  Instance: /bf4_test_tb,  Process: output_verify.
# EXECUTION:: NOTE   : at 120000 ps all Ys changed
# EXECUTION:: Time: 120 ns,  Iteration: 3,  Instance: /bf4_test_tb,  Process: output_verify.
# EXECUTION:: NOTE   : at 130000 ps all Ys changed
# EXECUTION:: Time: 130 ns,  Iteration: 4,  Instance: /bf4_test_tb,  Process: output_verify.
# EXECUTION:: NOTE   : at 140000 ps all Ys changed
# EXECUTION:: Time: 140 ns,  Iteration: 4,  Instance: /bf4_test_tb,  Process: output_verify.
# EXECUTION:: NOTE   : at 150000 ps all Ys changed
# EXECUTION:: Time: 150 ns,  Iteration: 3,  Instance: /bf4_test_tb,  Process: output_verify.
# EXECUTION:: NOTE   : at 160000 ps all Ys changed
# EXECUTION:: Time: 160 ns,  Iteration: 2,  Instance: /bf4_test_tb,  Process: output_verify.
# EXECUTION:: ERROR  : not safe response in block bf4_proc_IF when X = X000
# EXECUTION:: Time: 165 ns,  Iteration: 0,  Instance: /bf4_test_tb,  Process: output_verify.
# EXECUTION:: ERROR  : not safe response in block bf4_proc_CASE when X = X000
# EXECUTION:: Time: 165 ns,  Iteration: 0,  Instance: /bf4_test_tb,  Process: output_verify.
# EXECUTION:: NOTE   : at 240000 ps all Ys changed
# EXECUTION:: Time: 240 ns,  Iteration: 2,  Instance: /bf4_test_tb,  Process: output_verify.
# EXECUTION:: ERROR  : not safe response in block bf4_logic when X = H000
# EXECUTION:: Time: 245 ns,  Iteration: 0,  Instance: /bf4_test_tb,  Process: output_verify.
# EXECUTION:: ERROR  : not safe response in block bf4_const when X = H000
# EXECUTION:: Time: 245 ns,  Iteration: 0,  Instance: /bf4_test_tb,  Process: output_verify.
# EXECUTION:: ERROR  : not safe response in block bf4_proc_IF when X = H000
# EXECUTION:: Time: 245 ns,  Iteration: 0,  Instance: /bf4_test_tb,  Process: output_verify.
# EXECUTION:: ERROR  : not safe response in block bf4_proc_CASE when X = H000
# EXECUTION:: Time: 245 ns,  Iteration: 0,  Instance: /bf4_test_tb,  Process: output_verify.
# EXECUTION:: NOTE   : at 250000 ps all Ys changed
# EXECUTION:: Time: 250 ns,  Iteration: 3,  Instance: /bf4_test_tb,  Process: output_verify.
# EXECUTION:: ERROR  : not safe response in block bf4_logic when X = 0H00
# EXECUTION:: Time: 255 ns,  Iteration: 0,  Instance: /bf4_test_tb,  Process: output_verify.
# EXECUTION:: ERROR  : not safe response in block bf4_const when X = 0H00
# EXECUTION:: Time: 255 ns,  Iteration: 0,  Instance: /bf4_test_tb,  Process: output_verify.
# EXECUTION:: ERROR  : not safe response in block bf4_proc_IF when X = 0H00
# EXECUTION:: Time: 255 ns,  Iteration: 0,  Instance: /bf4_test_tb,  Process: output_verify.
# EXECUTION:: ERROR  : not safe response in block bf4_proc_CASE when X = 0H00
# EXECUTION:: Time: 255 ns,  Iteration: 0,  Instance: /bf4_test_tb,  Process: output_verify.
# EXECUTION:: NOTE   : at 260000 ps all Ys changed
# EXECUTION:: Time: 260 ns,  Iteration: 3,  Instance: /bf4_test_tb,  Process: output_verify.
# EXECUTION:: ERROR  : not safe response in block bf4_logic when X = 00H0
# EXECUTION:: Time: 265 ns,  Iteration: 0,  Instance: /bf4_test_tb,  Process: output_verify.
# EXECUTION:: ERROR  : not safe response in block bf4_const when X = 00H0
# EXECUTION:: Time: 265 ns,  Iteration: 0,  Instance: /bf4_test_tb,  Process: output_verify.
# EXECUTION:: ERROR  : not safe response in block bf4_proc_IF when X = 00H0
# EXECUTION:: Time: 265 ns,  Iteration: 0,  Instance: /bf4_test_tb,  Process: output_verify.
# EXECUTION:: ERROR  : not safe response in block bf4_proc_CASE when X = 00H0
# EXECUTION:: Time: 265 ns,  Iteration: 0,  Instance: /bf4_test_tb,  Process: output_verify.
# EXECUTION:: NOTE   : at 270000 ps all Ys changed
# EXECUTION:: Time: 270 ns,  Iteration: 3,  Instance: /bf4_test_tb,  Process: output_verify.
# EXECUTION:: ERROR  : not safe response in block bf4_logic when X = 000H
# EXECUTION:: Time: 275 ns,  Iteration: 0,  Instance: /bf4_test_tb,  Process: output_verify.
# EXECUTION:: ERROR  : not safe response in block bf4_const when X = 000H
# EXECUTION:: Time: 275 ns,  Iteration: 0,  Instance: /bf4_test_tb,  Process: output_verify.
# EXECUTION:: ERROR  : not safe response in block bf4_proc_IF when X = 000H
# EXECUTION:: Time: 275 ns,  Iteration: 0,  Instance: /bf4_test_tb,  Process: output_verify.
# EXECUTION:: ERROR  : not safe response in block bf4_proc_CASE when X = 000H
# EXECUTION:: Time: 275 ns,  Iteration: 0,  Instance: /bf4_test_tb,  Process: output_verify.
# EXECUTION:: NOTE   : at 280000 ps all Ys changed
# EXECUTION:: Time: 280 ns,  Iteration: 3,  Instance: /bf4_test_tb,  Process: output_verify.
# EXECUTION:: ERROR  : not safe response in block bf4_logic when X = L000
# EXECUTION:: Time: 285 ns,  Iteration: 0,  Instance: /bf4_test_tb,  Process: output_verify.
# EXECUTION:: ERROR  : not safe response in block bf4_const when X = L000
# EXECUTION:: Time: 285 ns,  Iteration: 0,  Instance: /bf4_test_tb,  Process: output_verify.
# EXECUTION:: ERROR  : not safe response in block bf4_proc_IF when X = L000
# EXECUTION:: Time: 285 ns,  Iteration: 0,  Instance: /bf4_test_tb,  Process: output_verify.
# EXECUTION:: ERROR  : not safe response in block bf4_proc_CASE when X = L000
# EXECUTION:: Time: 285 ns,  Iteration: 0,  Instance: /bf4_test_tb,  Process: output_verify.
# KERNEL: stopped at time: 350 ns
# KERNEL: Simulation has finished. There are no more test vectors to simulate.
SetActiveLib -work
comp -include "$dsn\src\bf4_conc_CA.vhd" 
# Compile Entity "bf4_conc_CA"
# Compile Architecture "bf4_conc_CA" of Entity "bf4_conc_CA"
# Compile success 0 Errors 0 Warnings  Analysis time :  31.0 [ms]
comp -include "$dsn\src\bf4_conc_WS.vhd"
# Compile Entity "bf4_conc_WS"
# Compile Architecture "bf4_conc_WS" of Entity "bf4_conc_WS"
# Compile success 0 Errors 0 Warnings  Analysis time :  31.0 [ms]
comp -include "$dsn\src\bf4_const.vhd"
# Compile Entity "bf4_const"
# Compile Architecture "bf4_const" of Entity "bf4_const"
# Compile success 0 Errors 0 Warnings  Analysis time :  31.0 [ms]
comp -include "$dsn\src\bf4_logic.vhd"
# Compile Entity "bf4_logic"
# Compile Architecture "bf4_logic" of Entity "bf4_logic"
# Compile success 0 Errors 0 Warnings  Analysis time :  31.0 [ms]
comp -include "$dsn\src\bf4_proc_IF.vhd"
# Compile Entity "bf4_proc_IF"
# Compile Architecture "bf4_proc_IF" of Entity "bf4_proc_IF"
# Compile success 0 Errors 0 Warnings  Analysis time :  16.0 [ms]
comp -include "$dsn\src\bf4_proc_CASE.vhd"
# Compile Entity "bf4_proc_CASE"
# Compile Architecture "bf4_proc_CASE" of Entity "bf4_proc_CASE"
# Compile success 0 Errors 0 Warnings  Analysis time :  16.0 [ms]
comp -include "$dsn\src\bf4_K2_TB.vhd" 
# Compile Entity "bf4_test_tb"
# Compile Architecture "bf4_test_tb" of Entity "bf4_test_tb"
# Compile success 0 Errors 0 Warnings  Analysis time :  47.0 [ms]
asim +access +r bf4_test_tb 
# VSIM: Simulation has finished.
# ELBREAD: Elaboration process.
# ELBREAD: Elaboration time 0.0 [s].
# VSIM: Stack memory: 32MB
# VSIM: Retval memory: 32MB
# 
# KERNEL: Main thread initiated.
# KERNEL: Kernel process initialization phase.
# ELAB2: Elaboration final pass...
# ELAB2: Create instances ...
# KERNEL: Time resolution set to 1ps.
# ELAB2: Create instances complete.
# SLP: Started
# SLP: Elaboration phase ...
# SLP: Elaboration phase ... skipped, nothing to simulate in SLP mode : 0.0 [s]
# SLP: Finished : 0.0 [s]
# ELAB2: Elaboration final pass complete - time: 0.0 [s].
# KERNEL: Warning: You are using the Active-HDL Student Edition. The performance of simulation is running at a reduced rate.
# KERNEL: Warning: Contact Aldec for available upgrade options - sales@aldec.com.
# KERNEL: Kernel process initialization done.
# Allocation: Simulator allocated 6490 kB (elbread=427 elab2=5923 kernel=139 sdf=0)
# KERNEL: ASDB file was created in location D:\students\IKM722a_Vorontsov\vhdl\LAB_2\LAB_2\src\wave.asdb
#  15:30, 23 травня 2026 р.
#  Simulation has been initialized
wave 
wave -noreg X
wave -noreg Y_conc_CA
wave -noreg Y_conc_WS
wave -noreg Y_const  
wave -noreg Y_logic
wave -noreg Y_proc_IF
wave -noreg Y_proc_CASE
wave -noreg TEST_PHASE
wave -noreg VERIF_STATE
run 350 ns
# VSIM: 9 object(s) traced.
# Waveform file 'untitled.awc' connected to 'D:/students/IKM722a_Vorontsov/vhdl/LAB_2/LAB_2/src/wave.asdb'.
# EXECUTION:: NOTE   : at 0 ps all Ys changed
# EXECUTION:: Time: 0 ps,  Iteration: 1,  Instance: /bf4_test_tb,  Process: output_verify.
# EXECUTION:: ERROR  : error in block bf4_logic when X = 0000
# EXECUTION:: Time: 5 ns,  Iteration: 0,  Instance: /bf4_test_tb,  Process: output_verify.
# EXECUTION:: ERROR  : error in block bf4_conc_CA when X = 0000
# EXECUTION:: Time: 5 ns,  Iteration: 0,  Instance: /bf4_test_tb,  Process: output_verify.
# EXECUTION:: ERROR  : error in block bf4_conc_WS when X = 0000
# EXECUTION:: Time: 5 ns,  Iteration: 0,  Instance: /bf4_test_tb,  Process: output_verify.
# EXECUTION:: ERROR  : error in block bf4_const when X = 0000
# EXECUTION:: Time: 5 ns,  Iteration: 0,  Instance: /bf4_test_tb,  Process: output_verify.
# EXECUTION:: ERROR  : error in block bf4_proc_IF when X = 0000
# EXECUTION:: Time: 5 ns,  Iteration: 0,  Instance: /bf4_test_tb,  Process: output_verify.
# EXECUTION:: ERROR  : error in block bf4_proc_CASE when X = 0000
# EXECUTION:: Time: 5 ns,  Iteration: 0,  Instance: /bf4_test_tb,  Process: output_verify.
# EXECUTION:: NOTE   : at 10000 ps all Ys changed
# EXECUTION:: Time: 10 ns,  Iteration: 3,  Instance: /bf4_test_tb,  Process: output_verify.
# EXECUTION:: ERROR  : error in block bf4_logic when X = 0001
# EXECUTION:: Time: 15 ns,  Iteration: 0,  Instance: /bf4_test_tb,  Process: output_verify.
# EXECUTION:: ERROR  : error in block bf4_conc_CA when X = 0001
# EXECUTION:: Time: 15 ns,  Iteration: 0,  Instance: /bf4_test_tb,  Process: output_verify.
# EXECUTION:: ERROR  : error in block bf4_conc_WS when X = 0001
# EXECUTION:: Time: 15 ns,  Iteration: 0,  Instance: /bf4_test_tb,  Process: output_verify.
# EXECUTION:: ERROR  : error in block bf4_const when X = 0001
# EXECUTION:: Time: 15 ns,  Iteration: 0,  Instance: /bf4_test_tb,  Process: output_verify.
# EXECUTION:: ERROR  : error in block bf4_proc_IF when X = 0001
# EXECUTION:: Time: 15 ns,  Iteration: 0,  Instance: /bf4_test_tb,  Process: output_verify.
# EXECUTION:: ERROR  : error in block bf4_proc_CASE when X = 0001
# EXECUTION:: Time: 15 ns,  Iteration: 0,  Instance: /bf4_test_tb,  Process: output_verify.
# EXECUTION:: NOTE   : at 20000 ps all Ys changed
# EXECUTION:: Time: 20 ns,  Iteration: 3,  Instance: /bf4_test_tb,  Process: output_verify.
# EXECUTION:: ERROR  : error in block bf4_logic when X = 0010
# EXECUTION:: Time: 25 ns,  Iteration: 0,  Instance: /bf4_test_tb,  Process: output_verify.
# EXECUTION:: ERROR  : error in block bf4_conc_CA when X = 0010
# EXECUTION:: Time: 25 ns,  Iteration: 0,  Instance: /bf4_test_tb,  Process: output_verify.
# EXECUTION:: ERROR  : error in block bf4_conc_WS when X = 0010
# EXECUTION:: Time: 25 ns,  Iteration: 0,  Instance: /bf4_test_tb,  Process: output_verify.
# EXECUTION:: ERROR  : error in block bf4_const when X = 0010
# EXECUTION:: Time: 25 ns,  Iteration: 0,  Instance: /bf4_test_tb,  Process: output_verify.
# EXECUTION:: ERROR  : error in block bf4_proc_IF when X = 0010
# EXECUTION:: Time: 25 ns,  Iteration: 0,  Instance: /bf4_test_tb,  Process: output_verify.
# EXECUTION:: ERROR  : error in block bf4_proc_CASE when X = 0010
# EXECUTION:: Time: 25 ns,  Iteration: 0,  Instance: /bf4_test_tb,  Process: output_verify.
# EXECUTION:: NOTE   : at 30000 ps all Ys changed
# EXECUTION:: Time: 30 ns,  Iteration: 3,  Instance: /bf4_test_tb,  Process: output_verify.
# EXECUTION:: ERROR  : error in block bf4_logic when X = 0011
# EXECUTION:: Time: 35 ns,  Iteration: 0,  Instance: /bf4_test_tb,  Process: output_verify.
# EXECUTION:: ERROR  : error in block bf4_conc_CA when X = 0011
# EXECUTION:: Time: 35 ns,  Iteration: 0,  Instance: /bf4_test_tb,  Process: output_verify.
# EXECUTION:: ERROR  : error in block bf4_conc_WS when X = 0011
# EXECUTION:: Time: 35 ns,  Iteration: 0,  Instance: /bf4_test_tb,  Process: output_verify.
# EXECUTION:: ERROR  : error in block bf4_const when X = 0011
# EXECUTION:: Time: 35 ns,  Iteration: 0,  Instance: /bf4_test_tb,  Process: output_verify.
# EXECUTION:: ERROR  : error in block bf4_proc_IF when X = 0011
# EXECUTION:: Time: 35 ns,  Iteration: 0,  Instance: /bf4_test_tb,  Process: output_verify.
# EXECUTION:: ERROR  : error in block bf4_proc_CASE when X = 0011
# EXECUTION:: Time: 35 ns,  Iteration: 0,  Instance: /bf4_test_tb,  Process: output_verify.
# EXECUTION:: NOTE   : at 40000 ps all Ys changed
# EXECUTION:: Time: 40 ns,  Iteration: 3,  Instance: /bf4_test_tb,  Process: output_verify.
# EXECUTION:: ERROR  : error in block bf4_logic when X = 0100
# EXECUTION:: Time: 45 ns,  Iteration: 0,  Instance: /bf4_test_tb,  Process: output_verify.
# EXECUTION:: ERROR  : error in block bf4_conc_CA when X = 0100
# EXECUTION:: Time: 45 ns,  Iteration: 0,  Instance: /bf4_test_tb,  Process: output_verify.
# EXECUTION:: ERROR  : error in block bf4_conc_WS when X = 0100
# EXECUTION:: Time: 45 ns,  Iteration: 0,  Instance: /bf4_test_tb,  Process: output_verify.
# EXECUTION:: ERROR  : error in block bf4_const when X = 0100
# EXECUTION:: Time: 45 ns,  Iteration: 0,  Instance: /bf4_test_tb,  Process: output_verify.
# EXECUTION:: ERROR  : error in block bf4_proc_IF when X = 0100
# EXECUTION:: Time: 45 ns,  Iteration: 0,  Instance: /bf4_test_tb,  Process: output_verify.
# EXECUTION:: ERROR  : error in block bf4_proc_CASE when X = 0100
# EXECUTION:: Time: 45 ns,  Iteration: 0,  Instance: /bf4_test_tb,  Process: output_verify.
# EXECUTION:: NOTE   : at 50000 ps all Ys changed
# EXECUTION:: Time: 50 ns,  Iteration: 3,  Instance: /bf4_test_tb,  Process: output_verify.
# EXECUTION:: ERROR  : error in block bf4_logic when X = 0101
# EXECUTION:: Time: 55 ns,  Iteration: 0,  Instance: /bf4_test_tb,  Process: output_verify.
# EXECUTION:: ERROR  : error in block bf4_conc_CA when X = 0101
# EXECUTION:: Time: 55 ns,  Iteration: 0,  Instance: /bf4_test_tb,  Process: output_verify.
# EXECUTION:: ERROR  : error in block bf4_conc_WS when X = 0101
# EXECUTION:: Time: 55 ns,  Iteration: 0,  Instance: /bf4_test_tb,  Process: output_verify.
# EXECUTION:: ERROR  : error in block bf4_const when X = 0101
# EXECUTION:: Time: 55 ns,  Iteration: 0,  Instance: /bf4_test_tb,  Process: output_verify.
# EXECUTION:: ERROR  : error in block bf4_proc_IF when X = 0101
# EXECUTION:: Time: 55 ns,  Iteration: 0,  Instance: /bf4_test_tb,  Process: output_verify.
# EXECUTION:: ERROR  : error in block bf4_proc_CASE when X = 0101
# EXECUTION:: Time: 55 ns,  Iteration: 0,  Instance: /bf4_test_tb,  Process: output_verify.
# EXECUTION:: NOTE   : at 60000 ps all Ys changed
# EXECUTION:: Time: 60 ns,  Iteration: 3,  Instance: /bf4_test_tb,  Process: output_verify.
# EXECUTION:: ERROR  : error in block bf4_logic when X = 0110
# EXECUTION:: Time: 65 ns,  Iteration: 0,  Instance: /bf4_test_tb,  Process: output_verify.
# EXECUTION:: ERROR  : error in block bf4_conc_CA when X = 0110
# EXECUTION:: Time: 65 ns,  Iteration: 0,  Instance: /bf4_test_tb,  Process: output_verify.
# EXECUTION:: ERROR  : error in block bf4_conc_WS when X = 0110
# EXECUTION:: Time: 65 ns,  Iteration: 0,  Instance: /bf4_test_tb,  Process: output_verify.
# EXECUTION:: ERROR  : error in block bf4_const when X = 0110
# EXECUTION:: Time: 65 ns,  Iteration: 0,  Instance: /bf4_test_tb,  Process: output_verify.
# EXECUTION:: ERROR  : error in block bf4_proc_IF when X = 0110
# EXECUTION:: Time: 65 ns,  Iteration: 0,  Instance: /bf4_test_tb,  Process: output_verify.
# EXECUTION:: ERROR  : error in block bf4_proc_CASE when X = 0110
# EXECUTION:: Time: 65 ns,  Iteration: 0,  Instance: /bf4_test_tb,  Process: output_verify.
# EXECUTION:: NOTE   : at 70000 ps all Ys changed
# EXECUTION:: Time: 70 ns,  Iteration: 4,  Instance: /bf4_test_tb,  Process: output_verify.
# EXECUTION:: ERROR  : error in block bf4_logic when X = 0111
# EXECUTION:: Time: 75 ns,  Iteration: 0,  Instance: /bf4_test_tb,  Process: output_verify.
# EXECUTION:: ERROR  : error in block bf4_conc_CA when X = 0111
# EXECUTION:: Time: 75 ns,  Iteration: 0,  Instance: /bf4_test_tb,  Process: output_verify.
# EXECUTION:: ERROR  : error in block bf4_conc_WS when X = 0111
# EXECUTION:: Time: 75 ns,  Iteration: 0,  Instance: /bf4_test_tb,  Process: output_verify.
# EXECUTION:: ERROR  : error in block bf4_const when X = 0111
# EXECUTION:: Time: 75 ns,  Iteration: 0,  Instance: /bf4_test_tb,  Process: output_verify.
# EXECUTION:: ERROR  : error in block bf4_proc_IF when X = 0111
# EXECUTION:: Time: 75 ns,  Iteration: 0,  Instance: /bf4_test_tb,  Process: output_verify.
# EXECUTION:: ERROR  : error in block bf4_proc_CASE when X = 0111
# EXECUTION:: Time: 75 ns,  Iteration: 0,  Instance: /bf4_test_tb,  Process: output_verify.
# EXECUTION:: NOTE   : at 80000 ps all Ys changed
# EXECUTION:: Time: 80 ns,  Iteration: 3,  Instance: /bf4_test_tb,  Process: output_verify.
# EXECUTION:: ERROR  : error in block bf4_logic when X = 1000
# EXECUTION:: Time: 85 ns,  Iteration: 0,  Instance: /bf4_test_tb,  Process: output_verify.
# EXECUTION:: ERROR  : error in block bf4_conc_CA when X = 1000
# EXECUTION:: Time: 85 ns,  Iteration: 0,  Instance: /bf4_test_tb,  Process: output_verify.
# EXECUTION:: ERROR  : error in block bf4_conc_WS when X = 1000
# EXECUTION:: Time: 85 ns,  Iteration: 0,  Instance: /bf4_test_tb,  Process: output_verify.
# EXECUTION:: ERROR  : error in block bf4_const when X = 1000
# EXECUTION:: Time: 85 ns,  Iteration: 0,  Instance: /bf4_test_tb,  Process: output_verify.
# EXECUTION:: ERROR  : error in block bf4_proc_IF when X = 1000
# EXECUTION:: Time: 85 ns,  Iteration: 0,  Instance: /bf4_test_tb,  Process: output_verify.
# EXECUTION:: ERROR  : error in block bf4_proc_CASE when X = 1000
# EXECUTION:: Time: 85 ns,  Iteration: 0,  Instance: /bf4_test_tb,  Process: output_verify.
# EXECUTION:: NOTE   : at 90000 ps all Ys changed
# EXECUTION:: Time: 90 ns,  Iteration: 3,  Instance: /bf4_test_tb,  Process: output_verify.
# EXECUTION:: ERROR  : error in block bf4_logic when X = 1001
# EXECUTION:: Time: 95 ns,  Iteration: 0,  Instance: /bf4_test_tb,  Process: output_verify.
# EXECUTION:: ERROR  : error in block bf4_conc_CA when X = 1001
# EXECUTION:: Time: 95 ns,  Iteration: 0,  Instance: /bf4_test_tb,  Process: output_verify.
# EXECUTION:: ERROR  : error in block bf4_conc_WS when X = 1001
# EXECUTION:: Time: 95 ns,  Iteration: 0,  Instance: /bf4_test_tb,  Process: output_verify.
# EXECUTION:: ERROR  : error in block bf4_const when X = 1001
# EXECUTION:: Time: 95 ns,  Iteration: 0,  Instance: /bf4_test_tb,  Process: output_verify.
# EXECUTION:: ERROR  : error in block bf4_proc_IF when X = 1001
# EXECUTION:: Time: 95 ns,  Iteration: 0,  Instance: /bf4_test_tb,  Process: output_verify.
# EXECUTION:: ERROR  : error in block bf4_proc_CASE when X = 1001
# EXECUTION:: Time: 95 ns,  Iteration: 0,  Instance: /bf4_test_tb,  Process: output_verify.
# EXECUTION:: NOTE   : at 100000 ps all Ys changed
# EXECUTION:: Time: 100 ns,  Iteration: 3,  Instance: /bf4_test_tb,  Process: output_verify.
# EXECUTION:: ERROR  : error in block bf4_logic when X = 1010
# EXECUTION:: Time: 105 ns,  Iteration: 0,  Instance: /bf4_test_tb,  Process: output_verify.
# EXECUTION:: ERROR  : error in block bf4_conc_CA when X = 1010
# EXECUTION:: Time: 105 ns,  Iteration: 0,  Instance: /bf4_test_tb,  Process: output_verify.
# EXECUTION:: ERROR  : error in block bf4_conc_WS when X = 1010
# EXECUTION:: Time: 105 ns,  Iteration: 0,  Instance: /bf4_test_tb,  Process: output_verify.
# EXECUTION:: ERROR  : error in block bf4_const when X = 1010
# EXECUTION:: Time: 105 ns,  Iteration: 0,  Instance: /bf4_test_tb,  Process: output_verify.
# EXECUTION:: ERROR  : error in block bf4_proc_IF when X = 1010
# EXECUTION:: Time: 105 ns,  Iteration: 0,  Instance: /bf4_test_tb,  Process: output_verify.
# EXECUTION:: ERROR  : error in block bf4_proc_CASE when X = 1010
# EXECUTION:: Time: 105 ns,  Iteration: 0,  Instance: /bf4_test_tb,  Process: output_verify.
# EXECUTION:: NOTE   : at 110000 ps all Ys changed
# EXECUTION:: Time: 110 ns,  Iteration: 3,  Instance: /bf4_test_tb,  Process: output_verify.
# EXECUTION:: ERROR  : error in block bf4_logic when X = 1011
# EXECUTION:: Time: 115 ns,  Iteration: 0,  Instance: /bf4_test_tb,  Process: output_verify.
# EXECUTION:: ERROR  : error in block bf4_conc_CA when X = 1011
# EXECUTION:: Time: 115 ns,  Iteration: 0,  Instance: /bf4_test_tb,  Process: output_verify.
# EXECUTION:: ERROR  : error in block bf4_conc_WS when X = 1011
# EXECUTION:: Time: 115 ns,  Iteration: 0,  Instance: /bf4_test_tb,  Process: output_verify.
# EXECUTION:: ERROR  : error in block bf4_const when X = 1011
# EXECUTION:: Time: 115 ns,  Iteration: 0,  Instance: /bf4_test_tb,  Process: output_verify.
# EXECUTION:: ERROR  : error in block bf4_proc_IF when X = 1011
# EXECUTION:: Time: 115 ns,  Iteration: 0,  Instance: /bf4_test_tb,  Process: output_verify.
# EXECUTION:: ERROR  : error in block bf4_proc_CASE when X = 1011
# EXECUTION:: Time: 115 ns,  Iteration: 0,  Instance: /bf4_test_tb,  Process: output_verify.
# EXECUTION:: NOTE   : at 120000 ps all Ys changed
# EXECUTION:: Time: 120 ns,  Iteration: 3,  Instance: /bf4_test_tb,  Process: output_verify.
# EXECUTION:: ERROR  : error in block bf4_logic when X = 1100
# EXECUTION:: Time: 125 ns,  Iteration: 0,  Instance: /bf4_test_tb,  Process: output_verify.
# EXECUTION:: ERROR  : error in block bf4_conc_CA when X = 1100
# EXECUTION:: Time: 125 ns,  Iteration: 0,  Instance: /bf4_test_tb,  Process: output_verify.
# EXECUTION:: ERROR  : error in block bf4_conc_WS when X = 1100
# EXECUTION:: Time: 125 ns,  Iteration: 0,  Instance: /bf4_test_tb,  Process: output_verify.
# EXECUTION:: ERROR  : error in block bf4_const when X = 1100
# EXECUTION:: Time: 125 ns,  Iteration: 0,  Instance: /bf4_test_tb,  Process: output_verify.
# EXECUTION:: ERROR  : error in block bf4_proc_IF when X = 1100
# EXECUTION:: Time: 125 ns,  Iteration: 0,  Instance: /bf4_test_tb,  Process: output_verify.
# EXECUTION:: ERROR  : error in block bf4_proc_CASE when X = 1100
# EXECUTION:: Time: 125 ns,  Iteration: 0,  Instance: /bf4_test_tb,  Process: output_verify.
# EXECUTION:: NOTE   : at 130000 ps all Ys changed
# EXECUTION:: Time: 130 ns,  Iteration: 4,  Instance: /bf4_test_tb,  Process: output_verify.
# EXECUTION:: ERROR  : error in block bf4_logic when X = 1101
# EXECUTION:: Time: 135 ns,  Iteration: 0,  Instance: /bf4_test_tb,  Process: output_verify.
# EXECUTION:: ERROR  : error in block bf4_conc_CA when X = 1101
# EXECUTION:: Time: 135 ns,  Iteration: 0,  Instance: /bf4_test_tb,  Process: output_verify.
# EXECUTION:: ERROR  : error in block bf4_conc_WS when X = 1101
# EXECUTION:: Time: 135 ns,  Iteration: 0,  Instance: /bf4_test_tb,  Process: output_verify.
# EXECUTION:: ERROR  : error in block bf4_const when X = 1101
# EXECUTION:: Time: 135 ns,  Iteration: 0,  Instance: /bf4_test_tb,  Process: output_verify.
# EXECUTION:: ERROR  : error in block bf4_proc_IF when X = 1101
# EXECUTION:: Time: 135 ns,  Iteration: 0,  Instance: /bf4_test_tb,  Process: output_verify.
# EXECUTION:: ERROR  : error in block bf4_proc_CASE when X = 1101
# EXECUTION:: Time: 135 ns,  Iteration: 0,  Instance: /bf4_test_tb,  Process: output_verify.
# EXECUTION:: NOTE   : at 140000 ps all Ys changed
# EXECUTION:: Time: 140 ns,  Iteration: 4,  Instance: /bf4_test_tb,  Process: output_verify.
# EXECUTION:: ERROR  : error in block bf4_logic when X = 1110
# EXECUTION:: Time: 145 ns,  Iteration: 0,  Instance: /bf4_test_tb,  Process: output_verify.
# EXECUTION:: ERROR  : error in block bf4_conc_CA when X = 1110
# EXECUTION:: Time: 145 ns,  Iteration: 0,  Instance: /bf4_test_tb,  Process: output_verify.
# EXECUTION:: ERROR  : error in block bf4_conc_WS when X = 1110
# EXECUTION:: Time: 145 ns,  Iteration: 0,  Instance: /bf4_test_tb,  Process: output_verify.
# EXECUTION:: ERROR  : error in block bf4_const when X = 1110
# EXECUTION:: Time: 145 ns,  Iteration: 0,  Instance: /bf4_test_tb,  Process: output_verify.
# EXECUTION:: ERROR  : error in block bf4_proc_IF when X = 1110
# EXECUTION:: Time: 145 ns,  Iteration: 0,  Instance: /bf4_test_tb,  Process: output_verify.
# EXECUTION:: ERROR  : error in block bf4_proc_CASE when X = 1110
# EXECUTION:: Time: 145 ns,  Iteration: 0,  Instance: /bf4_test_tb,  Process: output_verify.
# EXECUTION:: NOTE   : at 150000 ps all Ys changed
# EXECUTION:: Time: 150 ns,  Iteration: 3,  Instance: /bf4_test_tb,  Process: output_verify.
# EXECUTION:: ERROR  : error in block bf4_logic when X = 1111
# EXECUTION:: Time: 155 ns,  Iteration: 0,  Instance: /bf4_test_tb,  Process: output_verify.
# EXECUTION:: ERROR  : error in block bf4_conc_CA when X = 1111
# EXECUTION:: Time: 155 ns,  Iteration: 0,  Instance: /bf4_test_tb,  Process: output_verify.
# EXECUTION:: ERROR  : error in block bf4_conc_WS when X = 1111
# EXECUTION:: Time: 155 ns,  Iteration: 0,  Instance: /bf4_test_tb,  Process: output_verify.
# EXECUTION:: ERROR  : error in block bf4_const when X = 1111
# EXECUTION:: Time: 155 ns,  Iteration: 0,  Instance: /bf4_test_tb,  Process: output_verify.
# EXECUTION:: ERROR  : error in block bf4_proc_IF when X = 1111
# EXECUTION:: Time: 155 ns,  Iteration: 0,  Instance: /bf4_test_tb,  Process: output_verify.
# EXECUTION:: ERROR  : error in block bf4_proc_CASE when X = 1111
# EXECUTION:: Time: 155 ns,  Iteration: 0,  Instance: /bf4_test_tb,  Process: output_verify.
# EXECUTION:: NOTE   : at 160000 ps all Ys changed
# EXECUTION:: Time: 160 ns,  Iteration: 2,  Instance: /bf4_test_tb,  Process: output_verify.
# EXECUTION:: NOTE   : at 240000 ps all Ys changed
# EXECUTION:: Time: 240 ns,  Iteration: 2,  Instance: /bf4_test_tb,  Process: output_verify.
# EXECUTION:: ERROR  : not safe response in block bf4_logic when X = H000
# EXECUTION:: Time: 245 ns,  Iteration: 0,  Instance: /bf4_test_tb,  Process: output_verify.
# EXECUTION:: ERROR  : not safe response in block bf4_const when X = H000
# EXECUTION:: Time: 245 ns,  Iteration: 0,  Instance: /bf4_test_tb,  Process: output_verify.
# EXECUTION:: NOTE   : at 250000 ps all Ys changed
# EXECUTION:: Time: 250 ns,  Iteration: 3,  Instance: /bf4_test_tb,  Process: output_verify.
# EXECUTION:: ERROR  : not safe response in block bf4_logic when X = 0H00
# EXECUTION:: Time: 255 ns,  Iteration: 0,  Instance: /bf4_test_tb,  Process: output_verify.
# EXECUTION:: ERROR  : not safe response in block bf4_const when X = 0H00
# EXECUTION:: Time: 255 ns,  Iteration: 0,  Instance: /bf4_test_tb,  Process: output_verify.
# EXECUTION:: NOTE   : at 260000 ps all Ys changed
# EXECUTION:: Time: 260 ns,  Iteration: 3,  Instance: /bf4_test_tb,  Process: output_verify.
# EXECUTION:: ERROR  : not safe response in block bf4_logic when X = 00H0
# EXECUTION:: Time: 265 ns,  Iteration: 0,  Instance: /bf4_test_tb,  Process: output_verify.
# EXECUTION:: ERROR  : not safe response in block bf4_const when X = 00H0
# EXECUTION:: Time: 265 ns,  Iteration: 0,  Instance: /bf4_test_tb,  Process: output_verify.
# EXECUTION:: NOTE   : at 270000 ps all Ys changed
# EXECUTION:: Time: 270 ns,  Iteration: 3,  Instance: /bf4_test_tb,  Process: output_verify.
# EXECUTION:: ERROR  : not safe response in block bf4_logic when X = 000H
# EXECUTION:: Time: 275 ns,  Iteration: 0,  Instance: /bf4_test_tb,  Process: output_verify.
# EXECUTION:: ERROR  : not safe response in block bf4_const when X = 000H
# EXECUTION:: Time: 275 ns,  Iteration: 0,  Instance: /bf4_test_tb,  Process: output_verify.
# EXECUTION:: NOTE   : at 280000 ps all Ys changed
# EXECUTION:: Time: 280 ns,  Iteration: 3,  Instance: /bf4_test_tb,  Process: output_verify.
# EXECUTION:: ERROR  : not safe response in block bf4_logic when X = L000
# EXECUTION:: Time: 285 ns,  Iteration: 0,  Instance: /bf4_test_tb,  Process: output_verify.
# EXECUTION:: ERROR  : not safe response in block bf4_const when X = L000
# EXECUTION:: Time: 285 ns,  Iteration: 0,  Instance: /bf4_test_tb,  Process: output_verify.
# KERNEL: stopped at time: 350 ns
# KERNEL: Simulation has finished. There are no more test vectors to simulate.
SetActiveLib -work
comp -include "$dsn\src\bf4_conc_CA.vhd" 
# Compile Entity "bf4_conc_CA"
# Compile Architecture "bf4_conc_CA" of Entity "bf4_conc_CA"
# Compile success 0 Errors 0 Warnings  Analysis time :  32.0 [ms]
comp -include "$dsn\src\bf4_conc_WS.vhd"
# Compile Entity "bf4_conc_WS"
# Compile Architecture "bf4_conc_WS" of Entity "bf4_conc_WS"
# Compile success 0 Errors 0 Warnings  Analysis time :  31.0 [ms]
comp -include "$dsn\src\bf4_const.vhd"
# Compile Entity "bf4_const"
# Compile Architecture "bf4_const" of Entity "bf4_const"
# Compile success 0 Errors 0 Warnings  Analysis time :  16.0 [ms]
comp -include "$dsn\src\bf4_logic.vhd"
# Compile Entity "bf4_logic"
# Compile Architecture "bf4_logic" of Entity "bf4_logic"
# Compile success 0 Errors 0 Warnings  Analysis time :  32.0 [ms]
comp -include "$dsn\src\bf4_proc_IF.vhd"
# Compile Entity "bf4_proc_IF"
# Compile Architecture "bf4_proc_IF" of Entity "bf4_proc_IF"
# Compile success 0 Errors 0 Warnings  Analysis time :  16.0 [ms]
comp -include "$dsn\src\bf4_proc_CASE.vhd"
# Compile Entity "bf4_proc_CASE"
# Compile Architecture "bf4_proc_CASE" of Entity "bf4_proc_CASE"
# Compile success 0 Errors 0 Warnings  Analysis time :  16.0 [ms]
comp -include "$dsn\src\bf4_K2_TB.vhd" 
# Compile Entity "bf4_test_tb"
# Compile Architecture "bf4_test_tb" of Entity "bf4_test_tb"
# Error: COMP96_0019: bf4_K2_TB.vhd : (162, 0): Keyword 'end' expected.
# Compile failure 1 Errors 0 Warnings  Analysis time :  16.0 [ms]
# Error: DO_001 in file D:\students\IKM722a_Vorontsov\vhdl\LAB_2\LAB_2\src\bf4_K2_TB_runtest.do line 8
# Error: Cannot run D:\students\IKM722a_Vorontsov\vhdl\LAB_2\LAB_2\src\bf4_K2_TB_runtest.do
SetActiveLib -work
comp -include "$dsn\src\bf4_conc_CA.vhd" 
# Compile Entity "bf4_conc_CA"
# Compile Architecture "bf4_conc_CA" of Entity "bf4_conc_CA"
# Compile success 0 Errors 0 Warnings  Analysis time :  31.0 [ms]
comp -include "$dsn\src\bf4_conc_WS.vhd"
# Compile Entity "bf4_conc_WS"
# Compile Architecture "bf4_conc_WS" of Entity "bf4_conc_WS"
# Compile success 0 Errors 0 Warnings  Analysis time :  16.0 [ms]
comp -include "$dsn\src\bf4_const.vhd"
# Compile Entity "bf4_const"
# Compile Architecture "bf4_const" of Entity "bf4_const"
# Compile success 0 Errors 0 Warnings  Analysis time :  16.0 [ms]
comp -include "$dsn\src\bf4_logic.vhd"
# Compile Entity "bf4_logic"
# Compile Architecture "bf4_logic" of Entity "bf4_logic"
# Compile success 0 Errors 0 Warnings  Analysis time :  31.0 [ms]
comp -include "$dsn\src\bf4_proc_IF.vhd"
# Compile Entity "bf4_proc_IF"
# Compile Architecture "bf4_proc_IF" of Entity "bf4_proc_IF"
# Compile success 0 Errors 0 Warnings  Analysis time :  32.0 [ms]
comp -include "$dsn\src\bf4_proc_CASE.vhd"
# Compile Entity "bf4_proc_CASE"
# Compile Architecture "bf4_proc_CASE" of Entity "bf4_proc_CASE"
# Compile success 0 Errors 0 Warnings  Analysis time :  16.0 [ms]
comp -include "$dsn\src\bf4_K2_TB.vhd" 
# Compile Entity "bf4_test_tb"
# Compile Architecture "bf4_test_tb" of Entity "bf4_test_tb"
# Compile success 0 Errors 0 Warnings  Analysis time :  31.0 [ms]
asim +access +r bf4_test_tb 
# VSIM: Simulation has finished.
# ELBREAD: Elaboration process.
# ELBREAD: Elaboration time 0.0 [s].
# VSIM: Stack memory: 32MB
# VSIM: Retval memory: 32MB
# 
# KERNEL: Main thread initiated.
# KERNEL: Kernel process initialization phase.
# ELAB2: Elaboration final pass...
# ELAB2: Create instances ...
# KERNEL: Time resolution set to 1ps.
# ELAB2: Create instances complete.
# SLP: Started
# SLP: Elaboration phase ...
# SLP: Elaboration phase ... skipped, nothing to simulate in SLP mode : 0.0 [s]
# SLP: Finished : 0.0 [s]
# ELAB2: Elaboration final pass complete - time: 0.0 [s].
# KERNEL: Warning: You are using the Active-HDL Student Edition. The performance of simulation is running at a reduced rate.
# KERNEL: Warning: Contact Aldec for available upgrade options - sales@aldec.com.
# KERNEL: Kernel process initialization done.
# Allocation: Simulator allocated 6490 kB (elbread=427 elab2=5924 kernel=139 sdf=0)
# KERNEL: ASDB file was created in location D:\students\IKM722a_Vorontsov\vhdl\LAB_2\LAB_2\src\wave.asdb
#  15:31, 23 травня 2026 р.
#  Simulation has been initialized
wave 
wave -noreg X
wave -noreg Y_conc_CA
wave -noreg Y_conc_WS
wave -noreg Y_const  
wave -noreg Y_logic
wave -noreg Y_proc_IF
wave -noreg Y_proc_CASE
wave -noreg TEST_PHASE
wave -noreg VERIF_STATE
run 350 ns
# VSIM: 9 object(s) traced.
# Waveform file 'untitled.awc' connected to 'D:/students/IKM722a_Vorontsov/vhdl/LAB_2/LAB_2/src/wave.asdb'.
# EXECUTION:: NOTE   : at 0 ps all Ys changed
# EXECUTION:: Time: 0 ps,  Iteration: 1,  Instance: /bf4_test_tb,  Process: output_verify.
# EXECUTION:: NOTE   : at 10000 ps all Ys changed
# EXECUTION:: Time: 10 ns,  Iteration: 3,  Instance: /bf4_test_tb,  Process: output_verify.
# EXECUTION:: NOTE   : at 20000 ps all Ys changed
# EXECUTION:: Time: 20 ns,  Iteration: 3,  Instance: /bf4_test_tb,  Process: output_verify.
# EXECUTION:: NOTE   : at 30000 ps all Ys changed
# EXECUTION:: Time: 30 ns,  Iteration: 3,  Instance: /bf4_test_tb,  Process: output_verify.
# EXECUTION:: ERROR  : error in block bf4_logic when X = 0011
# EXECUTION:: Time: 35 ns,  Iteration: 0,  Instance: /bf4_test_tb,  Process: output_verify.
# EXECUTION:: ERROR  : error in block bf4_conc_CA when X = 0011
# EXECUTION:: Time: 35 ns,  Iteration: 0,  Instance: /bf4_test_tb,  Process: output_verify.
# EXECUTION:: ERROR  : error in block bf4_conc_WS when X = 0011
# EXECUTION:: Time: 35 ns,  Iteration: 0,  Instance: /bf4_test_tb,  Process: output_verify.
# EXECUTION:: ERROR  : error in block bf4_const when X = 0011
# EXECUTION:: Time: 35 ns,  Iteration: 0,  Instance: /bf4_test_tb,  Process: output_verify.
# EXECUTION:: ERROR  : error in block bf4_proc_IF when X = 0011
# EXECUTION:: Time: 35 ns,  Iteration: 0,  Instance: /bf4_test_tb,  Process: output_verify.
# EXECUTION:: ERROR  : error in block bf4_proc_CASE when X = 0011
# EXECUTION:: Time: 35 ns,  Iteration: 0,  Instance: /bf4_test_tb,  Process: output_verify.
# EXECUTION:: NOTE   : at 40000 ps all Ys changed
# EXECUTION:: Time: 40 ns,  Iteration: 3,  Instance: /bf4_test_tb,  Process: output_verify.
# EXECUTION:: NOTE   : at 50000 ps all Ys changed
# EXECUTION:: Time: 50 ns,  Iteration: 3,  Instance: /bf4_test_tb,  Process: output_verify.
# EXECUTION:: NOTE   : at 60000 ps all Ys changed
# EXECUTION:: Time: 60 ns,  Iteration: 3,  Instance: /bf4_test_tb,  Process: output_verify.
# EXECUTION:: NOTE   : at 70000 ps all Ys changed
# EXECUTION:: Time: 70 ns,  Iteration: 4,  Instance: /bf4_test_tb,  Process: output_verify.
# EXECUTION:: ERROR  : error in block bf4_logic when X = 0111
# EXECUTION:: Time: 75 ns,  Iteration: 0,  Instance: /bf4_test_tb,  Process: output_verify.
# EXECUTION:: ERROR  : error in block bf4_conc_CA when X = 0111
# EXECUTION:: Time: 75 ns,  Iteration: 0,  Instance: /bf4_test_tb,  Process: output_verify.
# EXECUTION:: ERROR  : error in block bf4_conc_WS when X = 0111
# EXECUTION:: Time: 75 ns,  Iteration: 0,  Instance: /bf4_test_tb,  Process: output_verify.
# EXECUTION:: ERROR  : error in block bf4_const when X = 0111
# EXECUTION:: Time: 75 ns,  Iteration: 0,  Instance: /bf4_test_tb,  Process: output_verify.
# EXECUTION:: ERROR  : error in block bf4_proc_IF when X = 0111
# EXECUTION:: Time: 75 ns,  Iteration: 0,  Instance: /bf4_test_tb,  Process: output_verify.
# EXECUTION:: ERROR  : error in block bf4_proc_CASE when X = 0111
# EXECUTION:: Time: 75 ns,  Iteration: 0,  Instance: /bf4_test_tb,  Process: output_verify.
# EXECUTION:: NOTE   : at 80000 ps all Ys changed
# EXECUTION:: Time: 80 ns,  Iteration: 3,  Instance: /bf4_test_tb,  Process: output_verify.
# EXECUTION:: NOTE   : at 90000 ps all Ys changed
# EXECUTION:: Time: 90 ns,  Iteration: 3,  Instance: /bf4_test_tb,  Process: output_verify.
# EXECUTION:: NOTE   : at 100000 ps all Ys changed
# EXECUTION:: Time: 100 ns,  Iteration: 3,  Instance: /bf4_test_tb,  Process: output_verify.
# EXECUTION:: NOTE   : at 110000 ps all Ys changed
# EXECUTION:: Time: 110 ns,  Iteration: 3,  Instance: /bf4_test_tb,  Process: output_verify.
# EXECUTION:: NOTE   : at 120000 ps all Ys changed
# EXECUTION:: Time: 120 ns,  Iteration: 3,  Instance: /bf4_test_tb,  Process: output_verify.
# EXECUTION:: NOTE   : at 130000 ps all Ys changed
# EXECUTION:: Time: 130 ns,  Iteration: 4,  Instance: /bf4_test_tb,  Process: output_verify.
# EXECUTION:: NOTE   : at 140000 ps all Ys changed
# EXECUTION:: Time: 140 ns,  Iteration: 4,  Instance: /bf4_test_tb,  Process: output_verify.
# EXECUTION:: NOTE   : at 150000 ps all Ys changed
# EXECUTION:: Time: 150 ns,  Iteration: 3,  Instance: /bf4_test_tb,  Process: output_verify.
# EXECUTION:: NOTE   : at 160000 ps all Ys changed
# EXECUTION:: Time: 160 ns,  Iteration: 2,  Instance: /bf4_test_tb,  Process: output_verify.
# EXECUTION:: ERROR  : not safe response in block bf4_proc_IF when X = X000
# EXECUTION:: Time: 165 ns,  Iteration: 0,  Instance: /bf4_test_tb,  Process: output_verify.
# EXECUTION:: ERROR  : not safe response in block bf4_proc_CASE when X = X000
# EXECUTION:: Time: 165 ns,  Iteration: 0,  Instance: /bf4_test_tb,  Process: output_verify.
# EXECUTION:: NOTE   : at 240000 ps all Ys changed
# EXECUTION:: Time: 240 ns,  Iteration: 2,  Instance: /bf4_test_tb,  Process: output_verify.
# EXECUTION:: ERROR  : not safe response in block bf4_logic when X = H000
# EXECUTION:: Time: 245 ns,  Iteration: 0,  Instance: /bf4_test_tb,  Process: output_verify.
# EXECUTION:: ERROR  : not safe response in block bf4_const when X = H000
# EXECUTION:: Time: 245 ns,  Iteration: 0,  Instance: /bf4_test_tb,  Process: output_verify.
# EXECUTION:: ERROR  : not safe response in block bf4_proc_IF when X = H000
# EXECUTION:: Time: 245 ns,  Iteration: 0,  Instance: /bf4_test_tb,  Process: output_verify.
# EXECUTION:: ERROR  : not safe response in block bf4_proc_CASE when X = H000
# EXECUTION:: Time: 245 ns,  Iteration: 0,  Instance: /bf4_test_tb,  Process: output_verify.
# EXECUTION:: NOTE   : at 250000 ps all Ys changed
# EXECUTION:: Time: 250 ns,  Iteration: 3,  Instance: /bf4_test_tb,  Process: output_verify.
# EXECUTION:: ERROR  : not safe response in block bf4_logic when X = 0H00
# EXECUTION:: Time: 255 ns,  Iteration: 0,  Instance: /bf4_test_tb,  Process: output_verify.
# EXECUTION:: ERROR  : not safe response in block bf4_const when X = 0H00
# EXECUTION:: Time: 255 ns,  Iteration: 0,  Instance: /bf4_test_tb,  Process: output_verify.
# EXECUTION:: ERROR  : not safe response in block bf4_proc_IF when X = 0H00
# EXECUTION:: Time: 255 ns,  Iteration: 0,  Instance: /bf4_test_tb,  Process: output_verify.
# EXECUTION:: ERROR  : not safe response in block bf4_proc_CASE when X = 0H00
# EXECUTION:: Time: 255 ns,  Iteration: 0,  Instance: /bf4_test_tb,  Process: output_verify.
# EXECUTION:: NOTE   : at 260000 ps all Ys changed
# EXECUTION:: Time: 260 ns,  Iteration: 3,  Instance: /bf4_test_tb,  Process: output_verify.
# EXECUTION:: ERROR  : not safe response in block bf4_logic when X = 00H0
# EXECUTION:: Time: 265 ns,  Iteration: 0,  Instance: /bf4_test_tb,  Process: output_verify.
# EXECUTION:: ERROR  : not safe response in block bf4_const when X = 00H0
# EXECUTION:: Time: 265 ns,  Iteration: 0,  Instance: /bf4_test_tb,  Process: output_verify.
# EXECUTION:: ERROR  : not safe response in block bf4_proc_IF when X = 00H0
# EXECUTION:: Time: 265 ns,  Iteration: 0,  Instance: /bf4_test_tb,  Process: output_verify.
# EXECUTION:: ERROR  : not safe response in block bf4_proc_CASE when X = 00H0
# EXECUTION:: Time: 265 ns,  Iteration: 0,  Instance: /bf4_test_tb,  Process: output_verify.
# EXECUTION:: NOTE   : at 270000 ps all Ys changed
# EXECUTION:: Time: 270 ns,  Iteration: 3,  Instance: /bf4_test_tb,  Process: output_verify.
# EXECUTION:: ERROR  : not safe response in block bf4_logic when X = 000H
# EXECUTION:: Time: 275 ns,  Iteration: 0,  Instance: /bf4_test_tb,  Process: output_verify.
# EXECUTION:: ERROR  : not safe response in block bf4_const when X = 000H
# EXECUTION:: Time: 275 ns,  Iteration: 0,  Instance: /bf4_test_tb,  Process: output_verify.
# EXECUTION:: ERROR  : not safe response in block bf4_proc_IF when X = 000H
# EXECUTION:: Time: 275 ns,  Iteration: 0,  Instance: /bf4_test_tb,  Process: output_verify.
# EXECUTION:: ERROR  : not safe response in block bf4_proc_CASE when X = 000H
# EXECUTION:: Time: 275 ns,  Iteration: 0,  Instance: /bf4_test_tb,  Process: output_verify.
# EXECUTION:: NOTE   : at 280000 ps all Ys changed
# EXECUTION:: Time: 280 ns,  Iteration: 3,  Instance: /bf4_test_tb,  Process: output_verify.
# EXECUTION:: ERROR  : not safe response in block bf4_logic when X = L000
# EXECUTION:: Time: 285 ns,  Iteration: 0,  Instance: /bf4_test_tb,  Process: output_verify.
# EXECUTION:: ERROR  : not safe response in block bf4_const when X = L000
# EXECUTION:: Time: 285 ns,  Iteration: 0,  Instance: /bf4_test_tb,  Process: output_verify.
# EXECUTION:: ERROR  : not safe response in block bf4_proc_IF when X = L000
# EXECUTION:: Time: 285 ns,  Iteration: 0,  Instance: /bf4_test_tb,  Process: output_verify.
# EXECUTION:: ERROR  : not safe response in block bf4_proc_CASE when X = L000
# EXECUTION:: Time: 285 ns,  Iteration: 0,  Instance: /bf4_test_tb,  Process: output_verify.
# KERNEL: stopped at time: 350 ns
# KERNEL: Simulation has finished. There are no more test vectors to simulate.
SetActiveLib -work
comp -include "$dsn\src\bf4_conc_CA.vhd" 
# Compile Entity "bf4_conc_CA"
# Compile Architecture "bf4_conc_CA" of Entity "bf4_conc_CA"
# Compile success 0 Errors 0 Warnings  Analysis time :  31.0 [ms]
comp -include "$dsn\src\bf4_conc_WS.vhd"
# Compile Entity "bf4_conc_WS"
# Compile Architecture "bf4_conc_WS" of Entity "bf4_conc_WS"
# Compile success 0 Errors 0 Warnings  Analysis time :  16.0 [ms]
comp -include "$dsn\src\bf4_const.vhd"
# Compile Entity "bf4_const"
# Compile Architecture "bf4_const" of Entity "bf4_const"
# Compile success 0 Errors 0 Warnings  Analysis time :  31.0 [ms]
comp -include "$dsn\src\bf4_logic.vhd"
# Compile Entity "bf4_logic"
# Compile Architecture "bf4_logic" of Entity "bf4_logic"
# Compile success 0 Errors 0 Warnings  Analysis time :  31.0 [ms]
comp -include "$dsn\src\bf4_proc_IF.vhd"
# Compile Entity "bf4_proc_IF"
# Compile Architecture "bf4_proc_IF" of Entity "bf4_proc_IF"
# Compile success 0 Errors 0 Warnings  Analysis time :  16.0 [ms]
comp -include "$dsn\src\bf4_proc_CASE.vhd"
# Compile Entity "bf4_proc_CASE"
# Compile Architecture "bf4_proc_CASE" of Entity "bf4_proc_CASE"
# Compile success 0 Errors 0 Warnings  Analysis time :  16.0 [ms]
comp -include "$dsn\src\bf4_K2_TB.vhd" 
# Compile Entity "bf4_test_tb"
# Compile Architecture "bf4_test_tb" of Entity "bf4_test_tb"
# Compile success 0 Errors 0 Warnings  Analysis time :  31.0 [ms]
asim +access +r bf4_test_tb 
# VSIM: Simulation has finished.
# ELBREAD: Elaboration process.
# ELBREAD: Elaboration time 0.0 [s].
# VSIM: Stack memory: 32MB
# VSIM: Retval memory: 32MB
# 
# KERNEL: Main thread initiated.
# KERNEL: Kernel process initialization phase.
# ELAB2: Elaboration final pass...
# ELAB2: Create instances ...
# KERNEL: Time resolution set to 1ps.
# ELAB2: Create instances complete.
# SLP: Started
# SLP: Elaboration phase ...
# SLP: Elaboration phase ... skipped, nothing to simulate in SLP mode : 0.0 [s]
# SLP: Finished : 0.0 [s]
# ELAB2: Elaboration final pass complete - time: 0.0 [s].
# KERNEL: Warning: You are using the Active-HDL Student Edition. The performance of simulation is running at a reduced rate.
# KERNEL: Warning: Contact Aldec for available upgrade options - sales@aldec.com.
# KERNEL: Kernel process initialization done.
# Allocation: Simulator allocated 6490 kB (elbread=427 elab2=5924 kernel=139 sdf=0)
# KERNEL: ASDB file was created in location D:\students\IKM722a_Vorontsov\vhdl\LAB_2\LAB_2\src\wave.asdb
#  15:32, 23 травня 2026 р.
#  Simulation has been initialized
wave 
wave -noreg X
wave -noreg Y_conc_CA
wave -noreg Y_conc_WS
wave -noreg Y_const  
wave -noreg Y_logic
wave -noreg Y_proc_IF
wave -noreg Y_proc_CASE
wave -noreg TEST_PHASE
wave -noreg VERIF_STATE
run 350 ns
# VSIM: 9 object(s) traced.
# Waveform file 'untitled.awc' connected to 'D:/students/IKM722a_Vorontsov/vhdl/LAB_2/LAB_2/src/wave.asdb'.
# EXECUTION:: NOTE   : at 0 ps all Ys changed
# EXECUTION:: Time: 0 ps,  Iteration: 1,  Instance: /bf4_test_tb,  Process: output_verify.
# EXECUTION:: NOTE   : at 10000 ps all Ys changed
# EXECUTION:: Time: 10 ns,  Iteration: 3,  Instance: /bf4_test_tb,  Process: output_verify.
# EXECUTION:: NOTE   : at 20000 ps all Ys changed
# EXECUTION:: Time: 20 ns,  Iteration: 3,  Instance: /bf4_test_tb,  Process: output_verify.
# EXECUTION:: NOTE   : at 30000 ps all Ys changed
# EXECUTION:: Time: 30 ns,  Iteration: 3,  Instance: /bf4_test_tb,  Process: output_verify.
# EXECUTION:: ERROR  : error in block bf4_logic when X = 0011
# EXECUTION:: Time: 35 ns,  Iteration: 0,  Instance: /bf4_test_tb,  Process: output_verify.
# EXECUTION:: ERROR  : error in block bf4_conc_CA when X = 0011
# EXECUTION:: Time: 35 ns,  Iteration: 0,  Instance: /bf4_test_tb,  Process: output_verify.
# EXECUTION:: ERROR  : error in block bf4_conc_WS when X = 0011
# EXECUTION:: Time: 35 ns,  Iteration: 0,  Instance: /bf4_test_tb,  Process: output_verify.
# EXECUTION:: ERROR  : error in block bf4_const when X = 0011
# EXECUTION:: Time: 35 ns,  Iteration: 0,  Instance: /bf4_test_tb,  Process: output_verify.
# EXECUTION:: ERROR  : error in block bf4_proc_IF when X = 0011
# EXECUTION:: Time: 35 ns,  Iteration: 0,  Instance: /bf4_test_tb,  Process: output_verify.
# EXECUTION:: ERROR  : error in block bf4_proc_CASE when X = 0011
# EXECUTION:: Time: 35 ns,  Iteration: 0,  Instance: /bf4_test_tb,  Process: output_verify.
# EXECUTION:: NOTE   : at 40000 ps all Ys changed
# EXECUTION:: Time: 40 ns,  Iteration: 3,  Instance: /bf4_test_tb,  Process: output_verify.
# EXECUTION:: NOTE   : at 50000 ps all Ys changed
# EXECUTION:: Time: 50 ns,  Iteration: 3,  Instance: /bf4_test_tb,  Process: output_verify.
# EXECUTION:: NOTE   : at 60000 ps all Ys changed
# EXECUTION:: Time: 60 ns,  Iteration: 3,  Instance: /bf4_test_tb,  Process: output_verify.
# EXECUTION:: NOTE   : at 70000 ps all Ys changed
# EXECUTION:: Time: 70 ns,  Iteration: 4,  Instance: /bf4_test_tb,  Process: output_verify.
# EXECUTION:: ERROR  : error in block bf4_logic when X = 0111
# EXECUTION:: Time: 75 ns,  Iteration: 0,  Instance: /bf4_test_tb,  Process: output_verify.
# EXECUTION:: ERROR  : error in block bf4_conc_CA when X = 0111
# EXECUTION:: Time: 75 ns,  Iteration: 0,  Instance: /bf4_test_tb,  Process: output_verify.
# EXECUTION:: ERROR  : error in block bf4_conc_WS when X = 0111
# EXECUTION:: Time: 75 ns,  Iteration: 0,  Instance: /bf4_test_tb,  Process: output_verify.
# EXECUTION:: ERROR  : error in block bf4_const when X = 0111
# EXECUTION:: Time: 75 ns,  Iteration: 0,  Instance: /bf4_test_tb,  Process: output_verify.
# EXECUTION:: ERROR  : error in block bf4_proc_IF when X = 0111
# EXECUTION:: Time: 75 ns,  Iteration: 0,  Instance: /bf4_test_tb,  Process: output_verify.
# EXECUTION:: ERROR  : error in block bf4_proc_CASE when X = 0111
# EXECUTION:: Time: 75 ns,  Iteration: 0,  Instance: /bf4_test_tb,  Process: output_verify.
# EXECUTION:: NOTE   : at 80000 ps all Ys changed
# EXECUTION:: Time: 80 ns,  Iteration: 3,  Instance: /bf4_test_tb,  Process: output_verify.
# EXECUTION:: NOTE   : at 90000 ps all Ys changed
# EXECUTION:: Time: 90 ns,  Iteration: 3,  Instance: /bf4_test_tb,  Process: output_verify.
# EXECUTION:: NOTE   : at 100000 ps all Ys changed
# EXECUTION:: Time: 100 ns,  Iteration: 3,  Instance: /bf4_test_tb,  Process: output_verify.
# EXECUTION:: NOTE   : at 110000 ps all Ys changed
# EXECUTION:: Time: 110 ns,  Iteration: 3,  Instance: /bf4_test_tb,  Process: output_verify.
# EXECUTION:: NOTE   : at 120000 ps all Ys changed
# EXECUTION:: Time: 120 ns,  Iteration: 3,  Instance: /bf4_test_tb,  Process: output_verify.
# EXECUTION:: NOTE   : at 130000 ps all Ys changed
# EXECUTION:: Time: 130 ns,  Iteration: 4,  Instance: /bf4_test_tb,  Process: output_verify.
# EXECUTION:: NOTE   : at 140000 ps all Ys changed
# EXECUTION:: Time: 140 ns,  Iteration: 4,  Instance: /bf4_test_tb,  Process: output_verify.
# EXECUTION:: NOTE   : at 150000 ps all Ys changed
# EXECUTION:: Time: 150 ns,  Iteration: 3,  Instance: /bf4_test_tb,  Process: output_verify.
# EXECUTION:: NOTE   : at 160000 ps all Ys changed
# EXECUTION:: Time: 160 ns,  Iteration: 2,  Instance: /bf4_test_tb,  Process: output_verify.
# EXECUTION:: ERROR  : not safe response in block bf4_proc_IF when X = X000
# EXECUTION:: Time: 165 ns,  Iteration: 0,  Instance: /bf4_test_tb,  Process: output_verify.
# EXECUTION:: ERROR  : not safe response in block bf4_proc_CASE when X = X000
# EXECUTION:: Time: 165 ns,  Iteration: 0,  Instance: /bf4_test_tb,  Process: output_verify.
# EXECUTION:: NOTE   : at 240000 ps all Ys changed
# EXECUTION:: Time: 240 ns,  Iteration: 2,  Instance: /bf4_test_tb,  Process: output_verify.
# EXECUTION:: ERROR  : not safe response in block bf4_logic when X = H000
# EXECUTION:: Time: 245 ns,  Iteration: 0,  Instance: /bf4_test_tb,  Process: output_verify.
# EXECUTION:: ERROR  : not safe response in block bf4_const when X = H000
# EXECUTION:: Time: 245 ns,  Iteration: 0,  Instance: /bf4_test_tb,  Process: output_verify.
# EXECUTION:: ERROR  : not safe response in block bf4_proc_IF when X = H000
# EXECUTION:: Time: 245 ns,  Iteration: 0,  Instance: /bf4_test_tb,  Process: output_verify.
# EXECUTION:: ERROR  : not safe response in block bf4_proc_CASE when X = H000
# EXECUTION:: Time: 245 ns,  Iteration: 0,  Instance: /bf4_test_tb,  Process: output_verify.
# EXECUTION:: NOTE   : at 250000 ps all Ys changed
# EXECUTION:: Time: 250 ns,  Iteration: 3,  Instance: /bf4_test_tb,  Process: output_verify.
# EXECUTION:: ERROR  : not safe response in block bf4_logic when X = 0H00
# EXECUTION:: Time: 255 ns,  Iteration: 0,  Instance: /bf4_test_tb,  Process: output_verify.
# EXECUTION:: ERROR  : not safe response in block bf4_const when X = 0H00
# EXECUTION:: Time: 255 ns,  Iteration: 0,  Instance: /bf4_test_tb,  Process: output_verify.
# EXECUTION:: ERROR  : not safe response in block bf4_proc_IF when X = 0H00
# EXECUTION:: Time: 255 ns,  Iteration: 0,  Instance: /bf4_test_tb,  Process: output_verify.
# EXECUTION:: ERROR  : not safe response in block bf4_proc_CASE when X = 0H00
# EXECUTION:: Time: 255 ns,  Iteration: 0,  Instance: /bf4_test_tb,  Process: output_verify.
# EXECUTION:: NOTE   : at 260000 ps all Ys changed
# EXECUTION:: Time: 260 ns,  Iteration: 3,  Instance: /bf4_test_tb,  Process: output_verify.
# EXECUTION:: ERROR  : not safe response in block bf4_logic when X = 00H0
# EXECUTION:: Time: 265 ns,  Iteration: 0,  Instance: /bf4_test_tb,  Process: output_verify.
# EXECUTION:: ERROR  : not safe response in block bf4_const when X = 00H0
# EXECUTION:: Time: 265 ns,  Iteration: 0,  Instance: /bf4_test_tb,  Process: output_verify.
# EXECUTION:: ERROR  : not safe response in block bf4_proc_IF when X = 00H0
# EXECUTION:: Time: 265 ns,  Iteration: 0,  Instance: /bf4_test_tb,  Process: output_verify.
# EXECUTION:: ERROR  : not safe response in block bf4_proc_CASE when X = 00H0
# EXECUTION:: Time: 265 ns,  Iteration: 0,  Instance: /bf4_test_tb,  Process: output_verify.
# EXECUTION:: NOTE   : at 270000 ps all Ys changed
# EXECUTION:: Time: 270 ns,  Iteration: 3,  Instance: /bf4_test_tb,  Process: output_verify.
# EXECUTION:: ERROR  : not safe response in block bf4_logic when X = 000H
# EXECUTION:: Time: 275 ns,  Iteration: 0,  Instance: /bf4_test_tb,  Process: output_verify.
# EXECUTION:: ERROR  : not safe response in block bf4_const when X = 000H
# EXECUTION:: Time: 275 ns,  Iteration: 0,  Instance: /bf4_test_tb,  Process: output_verify.
# EXECUTION:: ERROR  : not safe response in block bf4_proc_IF when X = 000H
# EXECUTION:: Time: 275 ns,  Iteration: 0,  Instance: /bf4_test_tb,  Process: output_verify.
# EXECUTION:: ERROR  : not safe response in block bf4_proc_CASE when X = 000H
# EXECUTION:: Time: 275 ns,  Iteration: 0,  Instance: /bf4_test_tb,  Process: output_verify.
# EXECUTION:: NOTE   : at 280000 ps all Ys changed
# EXECUTION:: Time: 280 ns,  Iteration: 3,  Instance: /bf4_test_tb,  Process: output_verify.
# EXECUTION:: ERROR  : not safe response in block bf4_logic when X = L000
# EXECUTION:: Time: 285 ns,  Iteration: 0,  Instance: /bf4_test_tb,  Process: output_verify.
# EXECUTION:: ERROR  : not safe response in block bf4_const when X = L000
# EXECUTION:: Time: 285 ns,  Iteration: 0,  Instance: /bf4_test_tb,  Process: output_verify.
# EXECUTION:: ERROR  : not safe response in block bf4_proc_IF when X = L000
# EXECUTION:: Time: 285 ns,  Iteration: 0,  Instance: /bf4_test_tb,  Process: output_verify.
# EXECUTION:: ERROR  : not safe response in block bf4_proc_CASE when X = L000
# EXECUTION:: Time: 285 ns,  Iteration: 0,  Instance: /bf4_test_tb,  Process: output_verify.
# KERNEL: stopped at time: 350 ns
# KERNEL: Simulation has finished. There are no more test vectors to simulate.
SetActiveLib -work
comp -include "$dsn\src\bf4_conc_CA.vhd" 
# Compile Entity "bf4_conc_CA"
# Compile Architecture "bf4_conc_CA" of Entity "bf4_conc_CA"
# Compile success 0 Errors 0 Warnings  Analysis time :  47.0 [ms]
comp -include "$dsn\src\bf4_conc_WS.vhd"
# Compile Entity "bf4_conc_WS"
# Compile Architecture "bf4_conc_WS" of Entity "bf4_conc_WS"
# Compile success 0 Errors 0 Warnings  Analysis time :  15.0 [ms]
comp -include "$dsn\src\bf4_const.vhd"
# Compile Entity "bf4_const"
# Compile Architecture "bf4_const" of Entity "bf4_const"
# Compile success 0 Errors 0 Warnings  Analysis time :  15.0 [ms]
comp -include "$dsn\src\bf4_logic.vhd"
# Compile Entity "bf4_logic"
# Compile Architecture "bf4_logic" of Entity "bf4_logic"
# Compile success 0 Errors 0 Warnings  Analysis time :  31.0 [ms]
comp -include "$dsn\src\bf4_proc_IF.vhd"
# Compile Entity "bf4_proc_IF"
# Compile Architecture "bf4_proc_IF" of Entity "bf4_proc_IF"
# Compile success 0 Errors 0 Warnings  Analysis time :  31.0 [ms]
comp -include "$dsn\src\bf4_proc_CASE.vhd"
# Compile Entity "bf4_proc_CASE"
# Compile Architecture "bf4_proc_CASE" of Entity "bf4_proc_CASE"
# Compile success 0 Errors 0 Warnings  Analysis time :  15.0 [ms]
comp -include "$dsn\src\bf4_K2_TB.vhd" 
# Compile Entity "bf4_test_tb"
# Compile Architecture "bf4_test_tb" of Entity "bf4_test_tb"
# Compile success 0 Errors 0 Warnings  Analysis time :  32.0 [ms]
asim +access +r bf4_test_tb 
# VSIM: Simulation has finished.
# ELBREAD: Elaboration process.
# ELBREAD: Elaboration time 0.0 [s].
# VSIM: Stack memory: 32MB
# VSIM: Retval memory: 32MB
# 
# KERNEL: Main thread initiated.
# KERNEL: Kernel process initialization phase.
# ELAB2: Elaboration final pass...
# ELAB2: Create instances ...
# KERNEL: Time resolution set to 1ps.
# ELAB2: Create instances complete.
# SLP: Started
# SLP: Elaboration phase ...
# SLP: Elaboration phase ... skipped, nothing to simulate in SLP mode : 0.0 [s]
# SLP: Finished : 0.0 [s]
# ELAB2: Elaboration final pass complete - time: 0.0 [s].
# KERNEL: Warning: You are using the Active-HDL Student Edition. The performance of simulation is running at a reduced rate.
# KERNEL: Warning: Contact Aldec for available upgrade options - sales@aldec.com.
# KERNEL: Kernel process initialization done.
# Allocation: Simulator allocated 6490 kB (elbread=427 elab2=5923 kernel=139 sdf=0)
# KERNEL: ASDB file was created in location D:\students\IKM722a_Vorontsov\vhdl\LAB_2\LAB_2\src\wave.asdb
#  15:33, 23 травня 2026 р.
#  Simulation has been initialized
# Waveform file 'untitled.awc' connected to 'D:/students/IKM722a_Vorontsov/vhdl/LAB_2/LAB_2/src/wave.asdb'.
wave 
wave -noreg X
wave -noreg Y_conc_CA
wave -noreg Y_conc_WS
wave -noreg Y_const  
wave -noreg Y_logic
wave -noreg Y_proc_IF
wave -noreg Y_proc_CASE
wave -noreg TEST_PHASE
wave -noreg VERIF_STATE
run 350 ns
# KERNEL: Warning: KERNEL_0291 Object "/bf4_test_tb/X" has already been traced.
# KERNEL: Warning: KERNEL_0291 Object "/bf4_test_tb/Y_conc_CA" has already been traced.
# KERNEL: Warning: KERNEL_0291 Object "/bf4_test_tb/Y_conc_WS" has already been traced.
# KERNEL: Warning: KERNEL_0291 Object "/bf4_test_tb/Y_const" has already been traced.
# KERNEL: Warning: KERNEL_0291 Object "/bf4_test_tb/Y_logic" has already been traced.
# KERNEL: Warning: KERNEL_0291 Object "/bf4_test_tb/Y_proc_IF" has already been traced.
# KERNEL: Warning: KERNEL_0291 Object "/bf4_test_tb/Y_proc_CASE" has already been traced.
# KERNEL: Warning: KERNEL_0291 Object "/bf4_test_tb/TEST_PHASE" has already been traced.
# KERNEL: Warning: KERNEL_0291 Object "/bf4_test_tb/VERIF_STATE" has already been traced.
# VSIM: 0 object(s) traced.
# Waveform file 'untitled.awc' connected to 'D:/students/IKM722a_Vorontsov/vhdl/LAB_2/LAB_2/src/wave.asdb'.
# EXECUTION:: NOTE   : at 0 ps all Ys changed
# EXECUTION:: Time: 0 ps,  Iteration: 1,  Instance: /bf4_test_tb,  Process: output_verify.
# EXECUTION:: NOTE   : at 10000 ps all Ys changed
# EXECUTION:: Time: 10 ns,  Iteration: 3,  Instance: /bf4_test_tb,  Process: output_verify.
# EXECUTION:: NOTE   : at 20000 ps all Ys changed
# EXECUTION:: Time: 20 ns,  Iteration: 3,  Instance: /bf4_test_tb,  Process: output_verify.
# EXECUTION:: NOTE   : at 30000 ps all Ys changed
# EXECUTION:: Time: 30 ns,  Iteration: 3,  Instance: /bf4_test_tb,  Process: output_verify.
# EXECUTION:: NOTE   : at 40000 ps all Ys changed
# EXECUTION:: Time: 40 ns,  Iteration: 3,  Instance: /bf4_test_tb,  Process: output_verify.
# EXECUTION:: NOTE   : at 50000 ps all Ys changed
# EXECUTION:: Time: 50 ns,  Iteration: 3,  Instance: /bf4_test_tb,  Process: output_verify.
# EXECUTION:: NOTE   : at 60000 ps all Ys changed
# EXECUTION:: Time: 60 ns,  Iteration: 3,  Instance: /bf4_test_tb,  Process: output_verify.
# EXECUTION:: NOTE   : at 70000 ps all Ys changed
# EXECUTION:: Time: 70 ns,  Iteration: 4,  Instance: /bf4_test_tb,  Process: output_verify.
# EXECUTION:: NOTE   : at 80000 ps all Ys changed
# EXECUTION:: Time: 80 ns,  Iteration: 3,  Instance: /bf4_test_tb,  Process: output_verify.
# EXECUTION:: NOTE   : at 90000 ps all Ys changed
# EXECUTION:: Time: 90 ns,  Iteration: 3,  Instance: /bf4_test_tb,  Process: output_verify.
# EXECUTION:: NOTE   : at 100000 ps all Ys changed
# EXECUTION:: Time: 100 ns,  Iteration: 3,  Instance: /bf4_test_tb,  Process: output_verify.
# EXECUTION:: NOTE   : at 110000 ps all Ys changed
# EXECUTION:: Time: 110 ns,  Iteration: 3,  Instance: /bf4_test_tb,  Process: output_verify.
# EXECUTION:: NOTE   : at 120000 ps all Ys changed
# EXECUTION:: Time: 120 ns,  Iteration: 3,  Instance: /bf4_test_tb,  Process: output_verify.
# EXECUTION:: NOTE   : at 130000 ps all Ys changed
# EXECUTION:: Time: 130 ns,  Iteration: 4,  Instance: /bf4_test_tb,  Process: output_verify.
# EXECUTION:: NOTE   : at 140000 ps all Ys changed
# EXECUTION:: Time: 140 ns,  Iteration: 4,  Instance: /bf4_test_tb,  Process: output_verify.
# EXECUTION:: NOTE   : at 150000 ps all Ys changed
# EXECUTION:: Time: 150 ns,  Iteration: 3,  Instance: /bf4_test_tb,  Process: output_verify.
# EXECUTION:: NOTE   : at 160000 ps all Ys changed
# EXECUTION:: Time: 160 ns,  Iteration: 2,  Instance: /bf4_test_tb,  Process: output_verify.
# EXECUTION:: NOTE   : at 240000 ps all Ys changed
# EXECUTION:: Time: 240 ns,  Iteration: 2,  Instance: /bf4_test_tb,  Process: output_verify.
# EXECUTION:: ERROR  : not safe response in block bf4_logic when X = H000
# EXECUTION:: Time: 245 ns,  Iteration: 0,  Instance: /bf4_test_tb,  Process: output_verify.
# EXECUTION:: ERROR  : not safe response in block bf4_const when X = H000
# EXECUTION:: Time: 245 ns,  Iteration: 0,  Instance: /bf4_test_tb,  Process: output_verify.
# EXECUTION:: NOTE   : at 250000 ps all Ys changed
# EXECUTION:: Time: 250 ns,  Iteration: 3,  Instance: /bf4_test_tb,  Process: output_verify.
# EXECUTION:: ERROR  : not safe response in block bf4_logic when X = 0H00
# EXECUTION:: Time: 255 ns,  Iteration: 0,  Instance: /bf4_test_tb,  Process: output_verify.
# EXECUTION:: ERROR  : not safe response in block bf4_const when X = 0H00
# EXECUTION:: Time: 255 ns,  Iteration: 0,  Instance: /bf4_test_tb,  Process: output_verify.
# EXECUTION:: NOTE   : at 260000 ps all Ys changed
# EXECUTION:: Time: 260 ns,  Iteration: 3,  Instance: /bf4_test_tb,  Process: output_verify.
# EXECUTION:: ERROR  : not safe response in block bf4_logic when X = 00H0
# EXECUTION:: Time: 265 ns,  Iteration: 0,  Instance: /bf4_test_tb,  Process: output_verify.
# EXECUTION:: ERROR  : not safe response in block bf4_const when X = 00H0
# EXECUTION:: Time: 265 ns,  Iteration: 0,  Instance: /bf4_test_tb,  Process: output_verify.
# EXECUTION:: NOTE   : at 270000 ps all Ys changed
# EXECUTION:: Time: 270 ns,  Iteration: 3,  Instance: /bf4_test_tb,  Process: output_verify.
# EXECUTION:: ERROR  : not safe response in block bf4_logic when X = 000H
# EXECUTION:: Time: 275 ns,  Iteration: 0,  Instance: /bf4_test_tb,  Process: output_verify.
# EXECUTION:: ERROR  : not safe response in block bf4_const when X = 000H
# EXECUTION:: Time: 275 ns,  Iteration: 0,  Instance: /bf4_test_tb,  Process: output_verify.
# EXECUTION:: NOTE   : at 280000 ps all Ys changed
# EXECUTION:: Time: 280 ns,  Iteration: 3,  Instance: /bf4_test_tb,  Process: output_verify.
# EXECUTION:: ERROR  : not safe response in block bf4_logic when X = L000
# EXECUTION:: Time: 285 ns,  Iteration: 0,  Instance: /bf4_test_tb,  Process: output_verify.
# EXECUTION:: ERROR  : not safe response in block bf4_const when X = L000
# EXECUTION:: Time: 285 ns,  Iteration: 0,  Instance: /bf4_test_tb,  Process: output_verify.
# KERNEL: stopped at time: 350 ns
# KERNEL: Simulation has finished. There are no more test vectors to simulate.
# Waveform file 'untitled.awc' connected to 'D:/students/IKM722a_Vorontsov/vhdl/LAB_2/LAB_2/src/untitled.asdb'.
# Adding file D:\students\IKM722a_Vorontsov\vhdl\LAB_2\LAB_2\src\untitled.asdb ... Done
# Adding file D:\students\IKM722a_Vorontsov\vhdl\LAB_2\LAB_2\src\untitled.awc ... Done
